house_id,sensor_name,link,n_frames,n_valid_frames,valid_frame_ratio,activation_lt_0_50m,activation_lt_0_20m,activation_lt_0_10m,activation_lt_0_05m,near_saturation_lt_0_05m,raw_frame_activation_lt_0_50m,raw_frame_activation_lt_0_20m,raw_frame_activation_lt_0_10m,raw_frame_activation_lt_0_05m,mean_min_depth_m,std_min_depth_m,p05_min_depth_m,p50_min_depth_m,p95_min_depth_m,min_depth_m,median_within_traj_std_m,median_frame_to_frame_abs_diff_m,success_activation_lt_0_20m,failure_activation_lt_0_20m,success_minus_failure_activation_lt_0_20m,phase_approach_n_frames,phase_approach_n_valid_frames,phase_approach_valid_frame_ratio,phase_approach_activation_lt_0_20m,phase_pregrasp_n_frames,phase_pregrasp_n_valid_frames,phase_pregrasp_valid_frame_ratio,phase_pregrasp_activation_lt_0_20m,phase_grasp_lift_n_frames,phase_grasp_lift_n_valid_frames,phase_grasp_lift_valid_frame_ratio,phase_grasp_lift_activation_lt_0_20m,phase_transit_n_frames,phase_transit_n_valid_frames,phase_transit_valid_frame_ratio,phase_transit_activation_lt_0_20m,phase_place_n_frames,phase_place_n_valid_frames,phase_place_valid_frame_ratio,phase_place_activation_lt_0_20m,phase_spread_active_phase_count,suspicious_self_sensing,suspicious_reason
house_1,link1_sensor_0,link1,745,745,1.0,0.0,0.0,0.0,0.0,0.0,0.0,0.0,0.0,0.0,1.6459680134017995,0.322519551945476,0.5836916208267215,1.7492049932479858,1.7886098384857179,0.546387255191803,0.013027165777584693,0.00032830238342285156,0.0,0.0,0.0,11,11,1.0,0.0,276,276,1.0,0.0,458,458,1.0,0.0,0,0,,,0,0,,,0,False,
house_1,link1_sensor_1,link1,745,745,1.0,0.0,0.0,0.0,0.0,0.0,0.0,0.0,0.0,0.0,0.9550073085215267,6.636422326584402e-05,0.9549166917800903,0.9549963474273682,0.9551442384719848,0.9548656940460205,5.996451244193982e-05,2.7731060981750488e-05,0.0,0.0,0.0,11,11,1.0,0.0,276,276,1.0,0.0,458,458,1.0,0.0,0,0,,,0,0,,,0,True,extremely_low_frame_to_frame_variation
house_1,link1_sensor_2,link1,745,745,1.0,0.0,0.0,0.0,0.0,0.0,0.0,0.0,0.0,0.0,1.7339547486913285,0.04041261683897766,1.6798094749450683,1.7300447225570679,1.8211185932159424,1.678309679031372,0.012315149418010665,0.00016483664512634277,0.0,0.0,0.0,11,11,1.0,0.0,276,276,1.0,0.0,458,458,1.0,0.0,0,0,,,0,0,,,0,False,
house_1,link1_sensor_3,link1,745,745,1.0,0.38926174496644295,0.0,0.0,0.0,0.0,0.38926174496644295,0.0,0.0,0.0,0.614607904061375,0.300425982933011,0.3679027736186981,0.5165488719940186,1.7065410137176513,0.3570277690887451,0.037015732463825585,0.0003824010491371155,0.0,0.0,0.0,11,11,1.0,0.0,276,276,1.0,0.0,458,458,1.0,0.0,0,0,,,0,0,,,0,False,
house_1,link1_sensor_4,link1,745,745,1.0,0.4053691275167785,0.0,0.0,0.0,0.0,0.4053691275167785,0.0,0.0,0.0,0.5434323826892263,0.10537968874508555,0.398864084482193,0.5121181011199951,0.7660043835639954,0.39264824986457825,0.030392291173479233,0.00039017200469970703,0.0,0.0,0.0,11,11,1.0,0.0,276,276,1.0,0.0,458,458,1.0,0.0,0,0,,,0,0,,,0,False,
house_1,link1_sensor_5,link1,745,745,1.0,1.0,1.0,0.0,0.0,0.0,1.0,1.0,0.0,0.0,0.18646625562402222,5.297755002289521e-06,0.18645978569984437,0.1864655613899231,0.1864780068397522,0.18645888566970825,4.866714995438031e-06,2.168118953704834e-06,1.0,1.0,0.0,11,11,1.0,1.0,276,276,1.0,1.0,458,458,1.0,1.0,0,0,,,0,0,,,3,True,activation_lt_0_20m_close_to_1;extremely_low_frame_to_frame_variation
house_1,link1_sensor_6,link1,745,745,1.0,0.0,0.0,0.0,0.0,0.0,0.0,0.0,0.0,0.0,1.6697683580769789,0.17635221499975398,1.6461060285568236,1.7067461013793945,1.754185891151428,0.8501691818237305,0.01526338038482301,0.0001957416534423828,0.0,0.0,0.0,11,11,1.0,0.0,276,276,1.0,0.0,458,458,1.0,0.0,0,0,,,0,0,,,0,False,
house_1,link2_sensor_0,link2,745,745,1.0,0.009395973154362415,0.0,0.0,0.0,0.0,0.009395973154362415,0.0,0.0,0.0,1.3129606518969439,0.1414580901079298,1.2209598779678346,1.3343431949615479,1.481128454208374,0.4562017023563385,0.07632789930949749,0.002933293581008911,0.0,0.0,0.0,11,11,1.0,0.0,276,276,1.0,0.0,458,458,1.0,0.0,0,0,,,0,0,,,0,False,
house_1,link2_sensor_1,link2,745,745,1.0,0.0,0.0,0.0,0.0,0.0,0.0,0.0,0.0,0.0,1.6305705622538622,0.028932155210637044,1.5817863702774049,1.6353918313980103,1.6789709091186524,1.567336082458496,0.011186272649685428,0.00013262033462524414,0.0,0.0,0.0,11,11,1.0,0.0,276,276,1.0,0.0,458,458,1.0,0.0,0,0,,,0,0,,,0,False,
house_1,link2_sensor_2,link2,745,745,1.0,0.0,0.0,0.0,0.0,0.0,0.0,0.0,0.0,0.0,1.2921344642671162,0.27926014764661966,0.7587540149688721,1.4308239221572876,1.5789619207382202,0.7389710545539856,0.2568523877609402,0.003655374050140381,0.0,0.0,0.0,11,11,1.0,0.0,276,276,1.0,0.0,458,458,1.0,0.0,0,0,,,0,0,,,0,False,
house_1,link2_sensor_3,link2,745,745,1.0,0.7100671140939597,0.03758389261744966,0.020134228187919462,0.0,0.0,0.7100671140939597,0.03758389261744966,0.020134228187919462,0.0,0.5604326125159361,0.3393054346759834,0.23150513470172882,0.42753297090530396,1.122207021713257,0.08370088040828705,0.10053523522528786,0.0005637258291244507,0.040492957746478875,0.02824858757062147,0.012244370175857406,11,11,1.0,0.0,276,276,1.0,0.057971014492753624,458,458,1.0,0.026200873362445413,0,0,,,0,0,,,0,False,
house_1,link2_sensor_4,link2,745,745,1.0,0.3865771812080537,0.0,0.0,0.0,0.0,0.3865771812080537,0.0,0.0,0.0,0.7682645145278649,0.4619282529152484,0.434989196062088,0.5404465794563293,1.653703761100769,0.31961148977279663,0.4186748479744402,0.0007904022932052612,0.0,0.0,0.0,11,11,1.0,0.0,276,276,1.0,0.0,458,458,1.0,0.0,0,0,,,0,0,,,0,False,
house_1,link2_sensor_5,link2,745,745,1.0,0.0,0.0,0.0,0.0,0.0,0.0,0.0,0.0,0.0,1.3522970654820436,0.5574678481844428,0.5891574501991272,1.784485936164856,1.9186744689941406,0.5175115466117859,0.5120860967791512,0.002443671226501465,0.0,0.0,0.0,11,11,1.0,0.0,276,276,1.0,0.0,458,458,1.0,0.0,0,0,,,0,0,,,0,False,
house_1,link2_sensor_6,link2,745,745,1.0,0.05503355704697987,0.0,0.0,0.0,0.0,0.05503355704697987,0.0,0.0,0.0,0.7396012666241435,0.08696319503907757,0.4912033498287201,0.7664816379547119,0.8031675457954406,0.39916810393333435,0.09348579262444273,0.0006497204303741455,0.0,0.0,0.0,11,11,1.0,0.0,276,276,1.0,0.0,458,458,1.0,0.0,0,0,,,0,0,,,0,False,
house_1,link3_sensor_0,link3,745,745,1.0,0.20671140939597316,0.0,0.0,0.0,0.0,0.20671140939597316,0.0,0.0,0.0,0.7782826061616809,0.18984969551521233,0.45644391179084776,0.8963001370429993,0.9244841456413269,0.45120111107826233,0.18636272402796772,0.0005412399768829346,0.0,0.0,0.0,11,11,1.0,0.0,276,276,1.0,0.0,458,458,1.0,0.0,0,0,,,0,0,,,0,False,
house_1,link3_sensor_1,link3,745,745,1.0,0.45234899328859063,0.0,0.0,0.0,0.0,0.45234899328859063,0.0,0.0,0.0,0.7254420500073657,0.42822039734399986,0.36972335577011106,0.5370433926582336,1.606825876235962,0.34186631441116333,0.2769368303250219,0.0017893314361572266,0.0,0.0,0.0,11,11,1.0,0.0,276,276,1.0,0.0,458,458,1.0,0.0,0,0,,,0,0,,,0,False,
house_1,link3_sensor_2,link3,745,745,1.0,0.8483221476510067,0.0,0.0,0.0,0.0,0.8483221476510067,0.0,0.0,0.0,0.4274291246929425,0.10830803627550105,0.3381054699420929,0.4042314291000366,0.6038176894187927,0.3007882535457611,0.07243776170497723,0.0015260875225067139,0.0,0.0,0.0,11,11,1.0,0.0,276,276,1.0,0.0,458,458,1.0,0.0,0,0,,,0,0,,,0,False,
house_1,link3_sensor_3,link3,745,745,1.0,0.21476510067114093,0.022818791946308724,0.006711409395973154,0.0,0.0,0.21476510067114093,0.022818791946308724,0.006711409395973154,0.0,0.760154502183799,0.23938092585612425,0.44211339950561523,0.9081301093101501,0.9833967208862304,0.07599160075187683,0.22007005668246105,0.0014268308877944946,0.022887323943661973,0.022598870056497175,0.0002884538871647975,11,11,1.0,0.0,276,276,1.0,0.06159420289855073,458,458,1.0,0.0,0,0,,,0,0,,,0,False,
house_1,link3_sensor_4,link3,745,745,1.0,0.19731543624161074,0.0,0.0,0.0,0.0,0.19731543624161074,0.0,0.0,0.0,1.3437982274381908,0.5256907244366665,0.41185714602470397,1.6340779066085815,1.718715000152588,0.35366806387901306,0.2616321148401003,0.0008188784122467041,0.0,0.0,0.0,11,11,1.0,0.0,276,276,1.0,0.0,458,458,1.0,0.0,0,0,,,0,0,,,0,False,
house_1,link4_sensor_0,link4,745,745,1.0,0.836241610738255,0.0,0.0,0.0,0.0,0.836241610738255,0.0,0.0,0.0,0.47126901341764715,0.23000542128812015,0.2980002284049988,0.4357307553291321,0.6164615988731383,0.2633143961429596,0.1652917671839329,0.0018942654132843018,0.0,0.0,0.0,11,11,1.0,0.0,276,276,1.0,0.0,458,458,1.0,0.0,0,0,,,0,0,,,0,False,
house_1,link4_sensor_1,link4,745,745,1.0,0.34630872483221475,0.0,0.0,0.0,0.0,0.34630872483221475,0.0,0.0,0.0,1.1214566076361896,0.6065574980650994,0.36144898533821107,1.627326250076294,1.7398583650588988,0.3165026307106018,0.29709547324560537,0.0010931044816970825,0.0,0.0,0.0,11,11,1.0,0.0,276,276,1.0,0.0,458,458,1.0,0.0,0,0,,,0,0,,,0,False,
house_1,link4_sensor_2,link4,745,745,1.0,0.7865771812080536,0.0,0.0,0.0,0.0,0.7865771812080536,0.0,0.0,0.0,0.4644743271722089,0.17890190509652398,0.2945986330509186,0.45812878012657166,0.6810436248779297,0.2620811462402344,0.11279317000130185,0.003939390182495117,0.0,0.0,0.0,11,11,1.0,0.0,276,276,1.0,0.0,458,458,1.0,0.0,0,0,,,0,0,,,0,False,
house_1,link4_sensor_3,link4,745,745,1.0,0.2442953020134228,0.0,0.0,0.0,0.0,0.2442953020134228,0.0,0.0,0.0,1.0212014431521397,0.3773505015746532,0.31733702421188353,1.2344939708709717,1.3198817729949952,0.23246897757053375,0.14503883145427982,0.003987208008766174,0.0,0.0,0.0,11,11,1.0,0.0,276,276,1.0,0.0,458,458,1.0,0.0,0,0,,,0,0,,,0,False,
house_1,link4_sensor_4,link4,745,745,1.0,0.005369127516778523,0.0,0.0,0.0,0.0,0.005369127516778523,0.0,0.0,0.0,1.6777559946847442,0.2821850046311438,0.6925614595413209,1.7452406883239746,1.8199419021606444,0.4456408619880676,0.025891273351383616,0.0015203356742858887,0.0,0.0,0.0,11,11,1.0,0.0,276,276,1.0,0.0,458,458,1.0,0.0,0,0,,,0,0,,,0,False,
house_1,link5_back_sensor_0,link5,745,745,1.0,0.0013422818791946308,0.0,0.0,0.0,0.0,0.0013422818791946308,0.0,0.0,0.0,1.8580459277501842,0.1274707842985513,1.7055755853652954,1.8266445398330688,2.085701751708984,0.24330994486808777,0.08606554450991159,0.001297086477279663,0.0,0.0,0.0,11,11,1.0,0.0,276,276,1.0,0.0,458,458,1.0,0.0,0,0,,,0,0,,,0,False,
house_1,link5_back_sensor_1,link5,745,745,1.0,0.0,0.0,0.0,0.0,0.0,0.0,0.0,0.0,0.0,2.0028977043676695,0.12729060379050697,1.805998182296753,2.0075886249542236,2.1736564159393312,1.4266318082809448,0.07768211080392823,0.001675933599472046,0.0,0.0,0.0,11,11,1.0,0.0,276,276,1.0,0.0,458,458,1.0,0.0,0,0,,,0,0,,,0,False,
house_1,link5_back_sensor_2,link5,745,745,1.0,0.5932885906040268,0.33691275167785234,0.010738255033557046,0.0013422818791946308,0.0013422818791946308,0.5932885906040268,0.33691275167785234,0.010738255033557046,0.0013422818791946308,0.7513409112048828,0.6810071536935637,0.12198847085237503,0.28635984659194946,1.7214943647384642,0.031234832480549812,0.585599910957846,0.0018267929553985596,0.35563380281690143,0.2768361581920904,0.07879764462481104,11,11,1.0,0.45454545454545453,276,276,1.0,0.08695652173913043,458,458,1.0,0.4847161572052402,0,0,,,0,0,,,2,False,
house_1,link5_back_sensor_3,link5,745,745,1.0,0.0,0.0,0.0,0.0,0.0,0.0,0.0,0.0,0.0,1.8569582671927123,0.1918410822923491,1.5283533811569214,1.8672734498977661,2.1800014972686768,1.2671797275543213,0.12210969192827315,0.009020388126373291,0.0,0.0,0.0,11,11,1.0,0.0,276,276,1.0,0.0,458,458,1.0,0.0,0,0,,,0,0,,,0,False,
house_1,link5_back_sensor_4,link5,745,745,1.0,0.9731543624161074,0.4228187919463087,0.16778523489932887,0.022818791946308724,0.022818791946308724,0.9731543624161074,0.4228187919463087,0.16778523489932887,0.022818791946308724,0.2553580600080775,0.1805580993989314,0.06025513485074043,0.2159823775291443,0.4503807544708252,0.012140302918851376,0.07540171525190734,0.0010359808802604675,0.30985915492957744,0.7853107344632768,-0.4754515795336994,11,11,1.0,0.7272727272727273,276,276,1.0,0.27898550724637683,458,458,1.0,0.5021834061135371,0,0,,,0,0,,,3,False,
house_1,link5_back_sensor_5,link5,745,745,1.0,0.9557046979865772,0.5355704697986577,0.15302013422818792,0.053691275167785234,0.053691275167785234,0.9557046979865772,0.5355704697986577,0.15302013422818792,0.053691275167785234,0.26374382351668885,0.3005435310376486,0.04857441112399101,0.1912866085767746,0.44017486572265596,0.012140302918851376,0.11028540723154168,0.0030760951340198517,0.5193661971830986,0.5875706214689266,-0.06820442428582796,11,11,1.0,0.7272727272727273,276,276,1.0,0.40217391304347827,458,458,1.0,0.611353711790393,0,0,,,0,0,,,3,False,
house_1,link5_front_sensor_0,link5,745,745,1.0,0.3516778523489933,0.0,0.0,0.0,0.0,0.3516778523489933,0.0,0.0,0.0,1.1934671197161577,0.6578853008476221,0.258785480260849,1.6443331241607666,1.816934847831726,0.23720300197601318,0.34794536989412095,0.0027312859892845154,0.0,0.0,0.0,11,11,1.0,0.0,276,276,1.0,0.0,458,458,1.0,0.0,0,0,,,0,0,,,0,False,
house_1,link5_front_sensor_1,link5,745,745,1.0,0.0,0.0,0.0,0.0,0.0,0.0,0.0,0.0,0.0,2.152851480605618,0.1138005634832905,1.9794761896133424,2.1791388988494873,2.2969395637512204,1.4209824800491333,0.08910821414729883,0.007178068161010742,0.0,0.0,0.0,11,11,1.0,0.0,276,276,1.0,0.0,458,458,1.0,0.0,0,0,,,0,0,,,0,False,
house_1,link5_front_sensor_2,link5,745,745,1.0,0.0,0.0,0.0,0.0,0.0,0.0,0.0,0.0,0.0,2.103398392824519,0.13010054694410692,1.914576768875122,2.1227123737335205,2.2585630893707274,1.3679319620132446,0.10199250015717107,0.00580286979675293,0.0,0.0,0.0,11,11,1.0,0.0,276,276,1.0,0.0,458,458,1.0,0.0,0,0,,,0,0,,,0,False,
house_1,link5_front_sensor_3,link5,745,745,1.0,0.3597315436241611,0.0,0.0,0.0,0.0,0.3597315436241611,0.0,0.0,0.0,0.7994255065917969,0.386075089351816,0.2948120176792145,1.0274628400802612,1.2944458723068235,0.2564333975315094,0.2737731434212289,0.0029282867908477783,0.0,0.0,0.0,11,11,1.0,0.0,276,276,1.0,0.0,458,458,1.0,0.0,0,0,,,0,0,,,0,False,
house_1,link6_sensor_0,link6,745,745,1.0,0.6013422818791946,0.06845637583892618,0.0,0.0,0.0,0.6013422818791946,0.06845637583892618,0.0,0.0,0.43095520128739767,0.1441635045337034,0.16260891556739807,0.41256555914878845,0.6207259893417357,0.11302077770233154,0.05347861973862822,0.0006182342767715454,0.0897887323943662,0.0,0.0897887323943662,11,11,1.0,0.09090909090909091,276,276,1.0,0.04710144927536232,458,458,1.0,0.08078602620087336,0,0,,,0,0,,,0,False,
house_1,link6_sensor_1,link6,745,745,1.0,0.6093959731543624,0.2657718120805369,0.028187919463087248,0.0013422818791946308,0.0013422818791946308,0.6093959731543624,0.2657718120805369,0.028187919463087248,0.0013422818791946308,0.8132538565053234,0.708305964177123,0.11715428680181503,0.3830276131629944,1.7913379430770873,0.0396159365773201,0.6136599746988525,0.0036958735436201096,0.2887323943661972,0.192090395480226,0.09664199888597119,11,11,1.0,0.2727272727272727,276,276,1.0,0.14130434782608695,458,458,1.0,0.3406113537117904,0,0,,,0,0,,,2,False,
house_1,link6_sensor_2,link6,745,745,1.0,0.8483221476510067,0.2483221476510067,0.0697986577181208,0.05100671140939597,0.05100671140939597,0.8483221476510067,0.2483221476510067,0.0697986577181208,0.05100671140939597,0.3097746905614465,0.1465795818351249,0.03575580567121511,0.2887161374092102,0.5295417308807373,0.013826396316289902,0.06802033227408094,0.0009164623916149139,0.323943661971831,0.005649717514124294,0.3182939444577067,11,11,1.0,0.18181818181818182,276,276,1.0,0.17753623188405798,458,458,1.0,0.2925764192139738,0,0,,,0,0,,,1,False,
house_1,link6_sensor_3,link6,745,745,1.0,0.4563758389261745,0.10604026845637583,0.0,0.0,0.0,0.4563758389261745,0.10604026845637583,0.0,0.0,0.4538203838887631,0.16735442836768588,0.18559452295303344,0.5261023044586182,0.6684357881546018,0.13551226258277893,0.0838277118799914,0.0009072721004486084,0.08450704225352113,0.1751412429378531,-0.09063420068433198,11,11,1.0,0.2727272727272727,276,276,1.0,0.06884057971014493,458,458,1.0,0.12445414847161572,0,0,,,0,0,,,1,False,
house_1,link6_sensor_4,link6,745,745,1.0,0.32348993288590605,0.009395973154362415,0.0,0.0,0.0,0.32348993288590605,0.009395973154362415,0.0,0.0,0.535693635776539,0.1399031064084698,0.20812179148197174,0.557624101638794,0.7627368450164794,0.12345074117183685,0.08005252001519877,0.0011400580406188965,0.01232394366197183,0.0,0.01232394366197183,11,11,1.0,0.09090909090909091,276,276,1.0,0.021739130434782608,458,458,1.0,0.0,0,0,,,0,0,,,0,False,
house_1,link6_sensor_5,link6,745,745,1.0,0.2657718120805369,0.004026845637583893,0.0026845637583892616,0.0026845637583892616,0.0026845637583892616,0.2657718120805369,0.004026845637583893,0.0026845637583892616,0.0026845637583892616,1.2760432552496257,0.6049789026338666,0.3434066534042358,1.6561670303344727,1.8171540260314942,0.02706265263259411,0.24466814546286408,0.0016644001007080078,0.0017605633802816902,0.011299435028248588,-0.009538871647966898,11,11,1.0,0.0,276,276,1.0,0.0,458,458,1.0,0.006550218340611353,0,0,,,0,0,,,0,False,
house_6,link1_sensor_0,link1,612,612,1.0,0.0,0.0,0.0,0.0,0.0,0.0,0.0,0.0,0.0,1.7279210205561195,0.03013047183573516,1.6833004593849181,1.7245227098464966,1.7959669291973115,1.6639645099639893,0.01250470456114881,0.0004049241542816162,0.0,0.0,0.0,7,7,1.0,0.0,266,266,1.0,0.0,339,339,1.0,0.0,0,0,,,0,0,,,0,False,
house_6,link1_sensor_1,link1,612,612,1.0,0.0,0.0,0.0,0.0,0.0,0.0,0.0,0.0,0.0,0.9549874005948795,5.2517362464214485e-05,0.9549159049987793,0.9549803733825684,0.9550829023122788,0.9548798203468323,5.045112109133656e-05,3.071129322052002e-05,0.0,0.0,0.0,7,7,1.0,0.0,266,266,1.0,0.0,339,339,1.0,0.0,0,0,,,0,0,,,0,True,extremely_low_frame_to_frame_variation
house_6,link1_sensor_2,link1,612,612,1.0,0.0,0.0,0.0,0.0,0.0,0.0,0.0,0.0,0.0,1.702653730422064,0.037117775428026856,1.652223026752472,1.7002472877502441,1.7872992634773255,1.6517919301986694,0.009595871466055254,0.00019565224647521973,0.0,0.0,0.0,7,7,1.0,0.0,266,266,1.0,0.0,339,339,1.0,0.0,0,0,,,0,0,,,0,False,
house_6,link1_sensor_3,link1,612,612,1.0,0.39705882352941174,0.0,0.0,0.0,0.0,0.39705882352941174,0.0,0.0,0.0,0.6785570887081762,0.40649423117450667,0.3705072090029716,0.5372684597969055,1.7130869448184967,0.35141971707344055,0.1132769115880135,0.0005412250757217407,0.0,0.0,0.0,7,7,1.0,0.0,266,266,1.0,0.0,339,339,1.0,0.0,0,0,,,0,0,,,0,False,
house_6,link1_sensor_4,link1,612,612,1.0,0.4068627450980392,0.0,0.0,0.0,0.0,0.4068627450980392,0.0,0.0,0.0,0.5443537494812914,0.10190181813990472,0.40606742948293684,0.5309714376926422,0.7660138219594955,0.3876112699508667,0.03673465263900809,0.0006513148546218872,0.0,0.0,0.0,7,7,1.0,0.0,266,266,1.0,0.0,339,339,1.0,0.0,0,0,,,0,0,,,0,False,
house_6,link1_sensor_5,link1,612,612,1.0,1.0,1.0,0.0,0.0,0.0,1.0,1.0,0.0,0.0,0.18646626254799317,4.907828388608265e-06,0.18645961582660675,0.18646559864282608,0.18647547736763953,0.18645858764648438,4.1853566409722e-06,3.1962990760803223e-06,1.0,1.0,0.0,7,7,1.0,1.0,266,266,1.0,1.0,339,339,1.0,1.0,0,0,,,0,0,,,2,True,activation_lt_0_20m_close_to_1;extremely_low_frame_to_frame_variation
house_6,link1_sensor_6,link1,612,612,1.0,0.0,0.0,0.0,0.0,0.0,0.0,0.0,0.0,0.0,1.6898436269728965,0.0361963242943641,1.6384280979633332,1.6787681579589844,1.7574461817741394,1.6258680820465088,0.012035602144968828,0.0002955794334411621,0.0,0.0,0.0,7,7,1.0,0.0,266,266,1.0,0.0,339,339,1.0,0.0,0,0,,,0,0,,,0,False,
house_6,link2_sensor_0,link2,612,612,1.0,0.006535947712418301,0.0,0.0,0.0,0.0,0.006535947712418301,0.0,0.0,0.0,1.309361464009176,0.15581906343697158,1.2027877688407898,1.328058660030365,1.458769142627716,0.466380774974823,0.08272732121726784,0.004265129566192627,0.0,0.0,0.0,7,7,1.0,0.0,266,266,1.0,0.0,339,339,1.0,0.0,0,0,,,0,0,,,0,False,
house_6,link2_sensor_1,link2,612,612,1.0,0.0,0.0,0.0,0.0,0.0,0.0,0.0,0.0,0.0,1.6404064630760866,0.07089423303696972,1.6001045107841492,1.6592952013015747,1.6832467019557953,0.718884289264679,0.009913660293673273,0.00020247697830200195,0.0,0.0,0.0,7,7,1.0,0.0,266,266,1.0,0.0,339,339,1.0,0.0,0,0,,,0,0,,,0,False,
house_6,link2_sensor_2,link2,612,612,1.0,0.0,0.0,0.0,0.0,0.0,0.0,0.0,0.0,0.0,1.2680208755084892,0.2926620178149879,0.7564941674470902,1.4351834058761597,1.5955845475196837,0.7403802871704102,0.2873245189617531,0.004760682582855225,0.0,0.0,0.0,7,7,1.0,0.0,266,266,1.0,0.0,339,339,1.0,0.0,0,0,,,0,0,,,0,False,
house_6,link2_sensor_3,link2,612,612,1.0,0.7205882352941176,0.024509803921568627,0.006535947712418301,0.0,0.0,0.7205882352941176,0.024509803921568627,0.006535947712418301,0.0,0.4644997868979094,0.17754074470890627,0.2490488089621067,0.4431281089782715,0.6374148458242416,0.08659397810697556,0.07587839410723685,0.0008401572704315186,0.026929982046678635,0.0,0.026929982046678635,7,7,1.0,0.0,266,266,1.0,0.04887218045112782,339,339,1.0,0.0058997050147492625,0,0,,,0,0,,,0,False,
house_6,link2_sensor_4,link2,612,612,1.0,0.35294117647058826,0.0,0.0,0.0,0.0,0.35294117647058826,0.0,0.0,0.0,0.7638204661167526,0.4667011556481133,0.39690747708082197,0.5478715300559998,1.6755431354045869,0.2889842689037323,0.4452603965225821,0.000576213002204895,0.0,0.0,0.0,7,7,1.0,0.0,266,266,1.0,0.0,339,339,1.0,0.0,0,0,,,0,0,,,0,False,
house_6,link2_sensor_5,link2,612,612,1.0,0.013071895424836602,0.0,0.0,0.0,0.0,0.013071895424836602,0.0,0.0,0.0,1.3938509772708212,0.5642608071944306,0.5306918740272522,1.790738046169281,1.9358243405818938,0.41061165928840637,0.5094969620079572,0.003145858645439148,0.0,0.0,0.0,7,7,1.0,0.0,266,266,1.0,0.0,339,339,1.0,0.0,0,0,,,0,0,,,0,False,
house_6,link2_sensor_6,link2,612,612,1.0,0.0392156862745098,0.0,0.0,0.0,0.0,0.0392156862745098,0.0,0.0,0.0,0.7380214330612445,0.08440199017654643,0.5131596624851227,0.7692331373691559,0.7989472478628158,0.41477444767951965,0.07402641249726402,0.0010890960693359375,0.0,0.0,0.0,7,7,1.0,0.0,266,266,1.0,0.0,339,339,1.0,0.0,0,0,,,0,0,,,0,False,
house_6,link3_sensor_0,link3,612,612,1.0,0.24673202614379086,0.0,0.0,0.0,0.0,0.24673202614379086,0.0,0.0,0.0,0.7694043997748226,0.19325708304391612,0.4546097099781036,0.884279191493988,0.9167365908622741,0.449344277381897,0.19875392171172354,0.0005100667476654053,0.0,0.0,0.0,7,7,1.0,0.0,266,266,1.0,0.0,339,339,1.0,0.0,0,0,,,0,0,,,0,False,
house_6,link3_sensor_1,link3,612,612,1.0,0.3758169934640523,0.0,0.0,0.0,0.0,0.3758169934640523,0.0,0.0,0.0,0.780469948097187,0.5140830563077391,0.27316179424524306,0.5366356074810028,1.7034551322460174,0.21086034178733826,0.14754869368658344,0.002873070538043976,0.0,0.0,0.0,7,7,1.0,0.0,266,266,1.0,0.0,339,339,1.0,0.0,0,0,,,0,0,,,0,False,
house_6,link3_sensor_2,link3,612,612,1.0,0.803921568627451,0.0,0.0,0.0,0.0,0.803921568627451,0.0,0.0,0.0,0.4592463657308638,0.16115833406682648,0.33176955580711365,0.4273499697446823,0.6411590665578841,0.2135530263185501,0.07529480594161836,0.0029195696115493774,0.0,0.0,0.0,7,7,1.0,0.0,266,266,1.0,0.0,339,339,1.0,0.0,0,0,,,0,0,,,0,False,
house_6,link3_sensor_3,link3,612,612,1.0,0.2630718954248366,0.026143790849673203,0.006535947712418301,0.0,0.0,0.2630718954248366,0.026143790849673203,0.006535947712418301,0.0,0.7650368355360686,0.24699203825124236,0.4413465693593025,0.9087933897972107,1.050879967212677,0.06011343002319336,0.2389796516049547,0.0015330910682678223,0.026929982046678635,0.01818181818181818,0.008748163864860454,7,7,1.0,0.0,266,266,1.0,0.06015037593984962,339,339,1.0,0.0,0,0,,,0,0,,,0,False,
house_6,link3_sensor_4,link3,612,612,1.0,0.17483660130718953,0.0,0.0,0.0,0.0,0.17483660130718953,0.0,0.0,0.0,1.2297968570313424,0.5852812741681477,0.3474543452262878,1.6524016857147217,1.756342452764511,0.32367560267448425,0.5115730074207481,0.0012471973896026611,0.0,0.0,0.0,7,7,1.0,0.0,266,266,1.0,0.0,339,339,1.0,0.0,0,0,,,0,0,,,0,False,
house_6,link4_sensor_0,link4,612,612,1.0,0.8104575163398693,0.0,0.0,0.0,0.0,0.8104575163398693,0.0,0.0,0.0,0.5414798157959203,0.3053636241494546,0.41646807789802553,0.4381774514913559,1.5043323516845704,0.30995312333106995,0.31227802468281773,0.00230485200881958,0.0,0.0,0.0,7,7,1.0,0.0,266,266,1.0,0.0,339,339,1.0,0.0,0,0,,,0,0,,,0,False,
house_6,link4_sensor_1,link4,612,612,1.0,0.34967320261437906,0.0,0.0,0.0,0.0,0.34967320261437906,0.0,0.0,0.0,1.0837356653186232,0.6125749923441693,0.34880432933568956,1.6090171337127686,1.7329108953475951,0.32562121748924255,0.39492639007595814,0.0025229454040527344,0.0,0.0,0.0,7,7,1.0,0.0,266,266,1.0,0.0,339,339,1.0,0.0,0,0,,,0,0,,,0,False,
house_6,link4_sensor_2,link4,612,612,1.0,0.7124183006535948,0.0,0.0,0.0,0.0,0.7124183006535948,0.0,0.0,0.0,0.5277302925493204,0.24434288099567705,0.33722382634878156,0.465138703584671,0.7787539213895792,0.30798423290252686,0.11753036619021864,0.002910628914833069,0.0,0.0,0.0,7,7,1.0,0.0,266,266,1.0,0.0,339,339,1.0,0.0,0,0,,,0,0,,,0,False,
house_6,link4_sensor_3,link4,612,612,1.0,0.20588235294117646,0.0,0.0,0.0,0.0,0.20588235294117646,0.0,0.0,0.0,1.0333461940678117,0.37564038504894465,0.36039541363716127,1.2417175769805908,1.3726487040519715,0.3099144697189331,0.21965786028350714,0.004765063524246216,0.0,0.0,0.0,7,7,1.0,0.0,266,266,1.0,0.0,339,339,1.0,0.0,0,0,,,0,0,,,0,False,
house_6,link4_sensor_4,link4,612,612,1.0,0.0,0.0,0.0,0.0,0.0,0.0,0.0,0.0,0.0,1.647568756361413,0.28529802770962487,0.6774625033140182,1.7225303649902344,1.7801556289196012,0.5546278953552246,0.01999078230769425,0.0017778575420379639,0.0,0.0,0.0,7,7,1.0,0.0,266,266,1.0,0.0,339,339,1.0,0.0,0,0,,,0,0,,,0,False,
house_6,link5_back_sensor_0,link5,612,612,1.0,0.07679738562091504,0.0,0.0,0.0,0.0,0.07679738562091504,0.0,0.0,0.0,1.7190184693028725,0.45763938179464303,0.31146303862333297,1.817793071269989,2.0965702414512624,0.20671112835407257,0.15254383889006345,0.0009520053863525391,0.0,0.0,0.0,7,7,1.0,0.0,266,266,1.0,0.0,339,339,1.0,0.0,0,0,,,0,0,,,0,False,
house_6,link5_back_sensor_1,link5,612,612,1.0,0.0,0.0,0.0,0.0,0.0,0.0,0.0,0.0,0.0,1.991752638536341,0.1855575731668067,1.8209297478199005,2.0496950149536133,2.1931683659553527,1.237612009048462,0.06206481588845706,0.003046393394470215,0.0,0.0,0.0,7,7,1.0,0.0,266,266,1.0,0.0,339,339,1.0,0.0,0,0,,,0,0,,,0,False,
house_6,link5_back_sensor_2,link5,612,612,1.0,0.5996732026143791,0.272875816993464,0.0196078431372549,0.0032679738562091504,0.0032679738562091504,0.5996732026143791,0.272875816993464,0.0196078431372549,0.0032679738562091504,0.7294751127353972,0.6590654663313679,0.1330796003341675,0.347412571310997,1.7155186235904694,0.03371111676096916,0.4423603042159553,0.0037470534443855286,0.2998204667863555,0.0,0.2998204667863555,7,7,1.0,0.14285714285714285,266,266,1.0,0.08646616541353383,339,339,1.0,0.4218289085545723,0,0,,,0,0,,,1,False,
house_6,link5_back_sensor_3,link5,612,612,1.0,0.0,0.0,0.0,0.0,0.0,0.0,0.0,0.0,0.0,1.8608587093992175,0.298484004516554,1.4400239944458009,1.9028854966163635,2.2037044405937194,0.6763799786567688,0.12225201942145525,0.007603287696838379,0.0,0.0,0.0,7,7,1.0,0.0,266,266,1.0,0.0,339,339,1.0,0.0,0,0,,,0,0,,,0,False,
house_6,link5_back_sensor_4,link5,612,612,1.0,0.9901960784313726,0.36437908496732024,0.08496732026143791,0.04084967320261438,0.04084967320261438,0.9901960784313726,0.36437908496732024,0.08496732026143791,0.04084967320261438,0.27747118981932506,0.13201533587422945,0.06126026213169098,0.27281682193279266,0.46451554000377654,0.034843459725379944,0.08520876560847176,0.0023559629917144775,0.34111310592459604,0.6,-0.25888689407540394,7,7,1.0,0.7142857142857143,266,266,1.0,0.19172932330827067,339,339,1.0,0.49262536873156343,0,0,,,0,0,,,1,False,
house_6,link5_back_sensor_5,link5,612,612,1.0,0.8872549019607843,0.5049019607843137,0.27941176470588236,0.1111111111111111,0.1111111111111111,0.8872549019607843,0.5049019607843137,0.27941176470588236,0.1111111111111111,0.3542965344515526,0.4600936568657696,0.030103348288685085,0.19369930028915405,1.6274471938610073,0.012140302918851376,0.26175594939262986,0.0066000595688819885,0.5511669658886894,0.03636363636363636,0.514803329525053,7,7,1.0,0.2857142857142857,266,266,1.0,0.3233082706766917,339,339,1.0,0.6519174041297935,0,0,,,0,0,,,2,False,
house_6,link5_front_sensor_0,link5,612,612,1.0,0.24183006535947713,0.0,0.0,0.0,0.0,0.24183006535947713,0.0,0.0,0.0,1.2869946880180851,0.5957241433741199,0.30562479197978976,1.64693945646286,1.7907147228717804,0.28821903467178345,0.505785536789662,0.002774536609649658,0.0,0.0,0.0,7,7,1.0,0.0,266,266,1.0,0.0,339,339,1.0,0.0,0,0,,,0,0,,,0,False,
house_6,link5_front_sensor_1,link5,612,612,1.0,0.0,0.0,0.0,0.0,0.0,0.0,0.0,0.0,0.0,2.121138118061365,0.1692048513919966,1.6275916397571564,2.17220675945282,2.298207187652588,1.481930136680603,0.10998311805149527,0.0078468918800354,0.0,0.0,0.0,7,7,1.0,0.0,266,266,1.0,0.0,339,339,1.0,0.0,0,0,,,0,0,,,0,False,
house_6,link5_front_sensor_2,link5,612,612,1.0,0.0,0.0,0.0,0.0,0.0,0.0,0.0,0.0,0.0,2.051007659606684,0.20309192912251312,1.6092035055160523,2.0786750316619873,2.237616515159607,1.2026700973510742,0.10679542625569617,0.007417798042297363,0.0,0.0,0.0,7,7,1.0,0.0,266,266,1.0,0.0,339,339,1.0,0.0,0,0,,,0,0,,,0,False,
house_6,link5_front_sensor_3,link5,612,612,1.0,0.3790849673202614,0.0,0.0,0.0,0.0,0.3790849673202614,0.0,0.0,0.0,0.7625630432678984,0.34534646247707135,0.3061496064066887,0.9704058766365051,1.2095733344554902,0.28240638971328735,0.29020570095738046,0.0032915323972702026,0.0,0.0,0.0,7,7,1.0,0.0,266,266,1.0,0.0,339,339,1.0,0.0,0,0,,,0,0,,,0,False,
house_6,link6_sensor_0,link6,612,612,1.0,0.7009803921568627,0.24509803921568626,0.0,0.0,0.0,0.7009803921568627,0.24509803921568626,0.0,0.0,0.39114906178677783,0.1708265642529044,0.1520071528851986,0.4165470451116562,0.636215192079544,0.13851752877235413,0.08252622171163834,0.0010745376348495483,0.26929982046678635,0.0,0.26929982046678635,7,7,1.0,0.2857142857142857,266,266,1.0,0.13157894736842105,339,339,1.0,0.3333333333333333,0,0,,,0,0,,,1,False,
house_6,link6_sensor_1,link6,612,612,1.0,0.6143790849673203,0.47058823529411764,0.2173202614379085,0.027777777777777776,0.027777777777777776,0.6143790849673203,0.47058823529411764,0.2173202614379085,0.027777777777777776,0.7220362778813914,0.7228224588477176,0.05647769887000322,0.2225634902715683,1.7552505552768707,0.012140302918851376,0.6617761319576131,0.003918522968888283,0.4614003590664273,0.5636363636363636,-0.10223600456993631,7,7,1.0,0.7142857142857143,266,266,1.0,0.17293233082706766,339,339,1.0,0.6991150442477876,0,0,,,0,0,,,1,False,
house_6,link6_sensor_2,link6,612,612,1.0,0.923202614379085,0.33986928104575165,0.08823529411764706,0.0016339869281045752,0.0016339869281045752,0.923202614379085,0.33986928104575165,0.08823529411764706,0.0016339869281045752,0.27784473537254367,0.14017741373747505,0.08393324054777622,0.2777658700942993,0.5708089619874954,0.04723383113741875,0.0774692403175051,0.0027599744498729706,0.3357271095152603,0.38181818181818183,-0.04609107230292153,7,7,1.0,0.5714285714285714,266,266,1.0,0.2706766917293233,339,339,1.0,0.3893805309734513,0,0,,,0,0,,,2,False,
house_6,link6_sensor_3,link6,612,612,1.0,0.4869281045751634,0.14705882352941177,0.0,0.0,0.0,0.4869281045751634,0.14705882352941177,0.0,0.0,0.4603018308046207,0.17396925666049154,0.15073473751544952,0.5035394728183746,0.6982723623514173,0.1478915512561798,0.08917602426528937,0.0011543035507202148,0.1059245960502693,0.5636363636363636,-0.45771176758609433,7,7,1.0,0.42857142857142855,266,266,1.0,0.17669172932330826,339,339,1.0,0.11799410029498525,0,0,,,0,0,,,0,False,
house_6,link6_sensor_4,link6,612,612,1.0,0.4150326797385621,0.05555555555555555,0.0,0.0,0.0,0.4150326797385621,0.05555555555555555,0.0,0.0,0.48645482606747564,0.1887312115962798,0.1981056325137615,0.5549400150775909,0.7821619153022766,0.14560849964618683,0.10516070853946861,0.001764923334121704,0.06104129263913824,0.0,0.06104129263913824,7,7,1.0,0.14285714285714285,266,266,1.0,0.018796992481203006,339,339,1.0,0.08259587020648967,0,0,,,0,0,,,0,False,
house_6,link6_sensor_5,link6,612,612,1.0,0.32679738562091504,0.008169934640522876,0.0,0.0,0.0,0.32679738562091504,0.008169934640522876,0.0,0.0,1.196850795858826,0.5805084074067377,0.30162316262722016,1.4726848006248474,1.753981328010559,0.10312868654727936,0.3399126049860532,0.0044429972767829895,0.00718132854578097,0.01818181818181818,-0.011000489636037211,7,7,1.0,0.0,266,266,1.0,0.0037593984962406013,339,339,1.0,0.011799410029498525,0,0,,,0,0,,,0,False,
house_7,link1_sensor_0,link1,729,729,1.0,0.0205761316872428,0.0,0.0,0.0,0.0,0.0205761316872428,0.0,0.0,0.0,1.6783089425583437,0.2672220778979531,0.7028722405433655,1.745033621788025,1.8099240303039552,0.44019222259521484,0.018960474486063285,0.0008070170879364014,0.0,0.0,0.0,18,18,1.0,0.0,346,346,1.0,0.0,365,365,1.0,0.0,0,0,,,0,0,,,0,False,
house_7,link1_sensor_1,link1,729,729,1.0,0.0,0.0,0.0,0.0,0.0,0.0,0.0,0.0,0.0,0.9549927767085113,5.938126540288072e-05,0.9549111723899841,0.9549832940101624,0.9551173448562622,0.9548629522323608,5.856692305920331e-05,3.3468008041381836e-05,0.0,0.0,0.0,18,18,1.0,0.0,346,346,1.0,0.0,365,365,1.0,0.0,0,0,,,0,0,,,0,True,extremely_low_frame_to_frame_variation
house_7,link1_sensor_2,link1,729,729,1.0,0.0,0.0,0.0,0.0,0.0,0.0,0.0,0.0,0.0,1.7121100914658178,0.027275456805726402,1.6787568092346192,1.7085163593292236,1.7717947483062744,1.6532560586929321,0.011520285303426605,0.00029391050338745117,0.0,0.0,0.0,18,18,1.0,0.0,346,346,1.0,0.0,365,365,1.0,0.0,0,0,,,0,0,,,0,False,
house_7,link1_sensor_3,link1,729,729,1.0,0.4170096021947874,0.0,0.0,0.0,0.0,0.4170096021947874,0.0,0.0,0.0,0.6426394593241447,0.3633619017660985,0.3631384074687958,0.5137796998023987,1.6632476091384887,0.3051721751689911,0.10614660567398018,0.0009562075138092041,0.0,0.0,0.0,18,18,1.0,0.0,346,346,1.0,0.0,365,365,1.0,0.0,0,0,,,0,0,,,0,False,
house_7,link1_sensor_4,link1,729,729,1.0,0.4348422496570645,0.0,0.0,0.0,0.0,0.4348422496570645,0.0,0.0,0.0,0.5343972426955428,0.08876161801766959,0.39501895308494567,0.5094991326332092,0.7096072673797608,0.33814603090286255,0.04911735449537332,0.0011652857065200806,0.0,0.0,0.0,18,18,1.0,0.0,346,346,1.0,0.0,365,365,1.0,0.0,0,0,,,0,0,,,0,False,
house_7,link1_sensor_5,link1,729,729,1.0,1.0,1.0,0.0,0.0,0.0,1.0,1.0,0.0,0.0,0.1864651844048533,4.52224536110998e-06,0.18645980954170227,0.18646417558193207,0.18647409081459046,0.18645890057086945,3.996991316703291e-06,2.7194619178771973e-06,1.0,1.0,0.0,18,18,1.0,1.0,346,346,1.0,1.0,365,365,1.0,1.0,0,0,,,0,0,,,3,True,activation_lt_0_20m_close_to_1;extremely_low_frame_to_frame_variation
house_7,link1_sensor_6,link1,729,729,1.0,0.0,0.0,0.0,0.0,0.0,0.0,0.0,0.0,0.0,1.6830686947282287,0.14956479063754807,1.6391426563262939,1.7087981700897217,1.7625165939331056,0.6386805176734924,0.019195315001600884,0.0006372928619384766,0.0,0.0,0.0,18,18,1.0,0.0,346,346,1.0,0.0,365,365,1.0,0.0,0,0,,,0,0,,,0,False,
house_7,link2_sensor_0,link2,729,729,1.0,0.010973936899862825,0.0013717421124828531,0.0013717421124828531,0.0,0.0,0.010973936899862825,0.0013717421124828531,0.0013717421124828531,0.0,1.3184024781213541,0.14289705870475675,1.2076797246932984,1.3083938360214233,1.4792739629745484,0.06910450011491776,0.08008601420999709,0.004280745983123779,0.0033112582781456954,0.0,0.0033112582781456954,18,18,1.0,0.0,346,346,1.0,0.002890173410404624,365,365,1.0,0.0,0,0,,,0,0,,,0,False,
house_7,link2_sensor_1,link2,729,729,1.0,0.0,0.0,0.0,0.0,0.0,0.0,0.0,0.0,0.0,1.632302745706587,0.028668323547654917,1.5945412397384644,1.6323657035827637,1.6923956155776978,1.570068597793579,0.014066429878280898,0.00029471516609191895,0.0,0.0,0.0,18,18,1.0,0.0,346,346,1.0,0.0,365,365,1.0,0.0,0,0,,,0,0,,,0,False,
house_7,link2_sensor_2,link2,729,729,1.0,0.0,0.0,0.0,0.0,0.0,0.0,0.0,0.0,0.0,1.283425429966224,0.28686166374308186,0.7581399798393249,1.4314396381378174,1.5806856632232666,0.7391807436943054,0.2615386244760978,0.004684925079345703,0.0,0.0,0.0,18,18,1.0,0.0,346,346,1.0,0.0,365,365,1.0,0.0,0,0,,,0,0,,,0,False,
house_7,link2_sensor_3,link2,729,729,1.0,0.7091906721536351,0.009602194787379973,0.00411522633744856,0.0,0.0,0.7091906721536351,0.009602194787379973,0.00411522633744856,0.0,0.4915690998175018,0.1760307491366309,0.28322535157203677,0.46775656938552856,1.0022571802139284,0.08898192644119263,0.07522724663138025,0.0012579560279846191,0.013245033112582781,0.00702576112412178,0.006219271988461002,18,18,1.0,0.0,346,346,1.0,0.02023121387283237,365,365,1.0,0.0,0,0,,,0,0,,,0,False,
house_7,link2_sensor_4,link2,729,729,1.0,0.17969821673525377,0.0,0.0,0.0,0.0,0.17969821673525377,0.0,0.0,0.0,0.7549721641550339,0.42924649629191686,0.43803967237472535,0.5714402198791504,1.6506182432174683,0.4087284803390503,0.4395996467313498,0.0010156035423278809,0.0,0.0,0.0,18,18,1.0,0.0,346,346,1.0,0.0,365,365,1.0,0.0,0,0,,,0,0,,,0,False,
house_7,link2_sensor_5,link2,729,729,1.0,0.0,0.0,0.0,0.0,0.0,0.0,0.0,0.0,0.0,1.37935187991591,0.5576482166679645,0.6111378312110901,1.7813881635665894,1.9311992168426515,0.5544426441192627,0.5086622616651233,0.003939568996429443,0.0,0.0,0.0,18,18,1.0,0.0,346,346,1.0,0.0,365,365,1.0,0.0,0,0,,,0,0,,,0,False,
house_7,link2_sensor_6,link2,729,729,1.0,0.02606310013717421,0.0,0.0,0.0,0.0,0.02606310013717421,0.0,0.0,0.0,0.7462325937872233,0.0748689981609365,0.5357397437095642,0.7692292332649231,0.8026739239692688,0.3825036287307739,0.06183649760813558,0.0010758638381958008,0.0,0.0,0.0,18,18,1.0,0.0,346,346,1.0,0.0,365,365,1.0,0.0,0,0,,,0,0,,,0,False,
house_7,link3_sensor_0,link3,729,729,1.0,0.20987654320987653,0.0,0.0,0.0,0.0,0.20987654320987653,0.0,0.0,0.0,0.7890099561345267,0.18662322427486858,0.45720388293266295,0.8903413414955139,0.9506673812866213,0.44669800996780396,0.19362353973423813,0.0009731054306030273,0.0,0.0,0.0,18,18,1.0,0.0,346,346,1.0,0.0,365,365,1.0,0.0,0,0,,,0,0,,,0,False,
house_7,link3_sensor_1,link3,729,729,1.0,0.47462277091906724,0.0,0.0,0.0,0.0,0.47462277091906724,0.0,0.0,0.0,0.6813305230052383,0.42588010230800216,0.3278376400470734,0.5139290690422058,1.6178586959838868,0.2966283857822418,0.22367459261420258,0.003994353115558624,0.0,0.0,0.0,18,18,1.0,0.0,346,346,1.0,0.0,365,365,1.0,0.0,0,0,,,0,0,,,0,False,
house_7,link3_sensor_2,link3,729,729,1.0,0.7174211248285323,0.0,0.0,0.0,0.0,0.7174211248285323,0.0,0.0,0.0,0.4599909420203116,0.11157527648306899,0.35588502883911133,0.4237130284309387,0.622317886352539,0.32576268911361694,0.08092601361371346,0.0025295764207839966,0.0,0.0,0.0,18,18,1.0,0.0,346,346,1.0,0.0,365,365,1.0,0.0,0,0,,,0,0,,,0,False,
house_7,link3_sensor_3,link3,729,729,1.0,0.26474622770919065,0.03155006858710562,0.012345679012345678,0.0027434842249657062,0.0027434842249657062,0.26474622770919065,0.03155006858710562,0.012345679012345678,0.0027434842249657062,0.7677359439621695,0.24152988814214232,0.44112770557403563,0.9059206247329712,0.9887079119682312,0.022823797538876534,0.23150297613498444,0.00209161639213562,0.03642384105960265,0.02810304449648712,0.008320796563115528,18,18,1.0,0.0,346,346,1.0,0.06647398843930635,365,365,1.0,0.0,0,0,,,0,0,,,0,False,
house_7,link3_sensor_4,link3,729,729,1.0,0.24279835390946503,0.0,0.0,0.0,0.0,0.24279835390946503,0.0,0.0,0.0,1.2362645669483843,0.5717796987615318,0.3738012135028839,1.6365396976470947,1.6995856046676636,0.33939361572265625,0.35083108608262037,0.0015138089656829834,0.0,0.0,0.0,18,18,1.0,0.0,346,346,1.0,0.0,365,365,1.0,0.0,0,0,,,0,0,,,0,False,
house_7,link4_sensor_0,link4,729,729,1.0,0.803840877914952,0.0,0.0,0.0,0.0,0.803840877914952,0.0,0.0,0.0,0.5343876053848711,0.29317209915309145,0.40901806950569153,0.4399806261062622,1.4958332777023315,0.2890812158584595,0.2996636243608676,0.002063348889350891,0.0,0.0,0.0,18,18,1.0,0.0,346,346,1.0,0.0,365,365,1.0,0.0,0,0,,,0,0,,,0,False,
house_7,link4_sensor_1,link4,729,729,1.0,0.2551440329218107,0.0,0.0,0.0,0.0,0.2551440329218107,0.0,0.0,0.0,1.2261795299370428,0.5866304246609437,0.38581596612930297,1.6564627885818481,1.7321426630020142,0.31492406129837036,0.34518225129600755,0.001570582389831543,0.0,0.0,0.0,18,18,1.0,0.0,346,346,1.0,0.0,365,365,1.0,0.0,0,0,,,0,0,,,0,False,
house_7,link4_sensor_2,link4,729,729,1.0,0.6255144032921811,0.0,0.0,0.0,0.0,0.6255144032921811,0.0,0.0,0.0,0.5492233756229548,0.26085280335610356,0.3208001792430878,0.4759182929992676,1.4891162633895874,0.3036074936389923,0.12302361928169545,0.0030828863382339478,0.0,0.0,0.0,18,18,1.0,0.0,346,346,1.0,0.0,365,365,1.0,0.0,0,0,,,0,0,,,0,False,
house_7,link4_sensor_3,link4,729,729,1.0,0.1646090534979424,0.0027434842249657062,0.0,0.0,0.0,0.1646090534979424,0.0027434842249657062,0.0,0.0,1.0480143709928411,0.37636700837060644,0.25617365837097167,1.2312179803848267,1.331044363975525,0.1835358589887619,0.07224798784836675,0.0031478703022003174,0.006622516556291391,0.0,0.006622516556291391,18,18,1.0,0.0,346,346,1.0,0.0,365,365,1.0,0.005479452054794521,0,0,,,0,0,,,0,False,
house_7,link4_sensor_4,link4,729,729,1.0,0.08367626886145405,0.0,0.0,0.0,0.0,0.08367626886145405,0.0,0.0,0.0,1.5955368776298517,0.40885816421020443,0.4088600754737854,1.7262455224990845,1.8416895866394043,0.2889299988746643,0.03576363017915788,0.0010519623756408691,0.0,0.0,0.0,18,18,1.0,0.0,346,346,1.0,0.0,365,365,1.0,0.0,0,0,,,0,0,,,0,False,
house_7,link5_back_sensor_0,link5,729,729,1.0,0.039780521262002745,0.0,0.0,0.0,0.0,0.039780521262002745,0.0,0.0,0.0,1.7217981964962963,0.30459010642350837,1.0846487522125243,1.797345757484436,1.9146759986877442,0.3473237454891205,0.21247396637163674,0.0009987950325012207,0.0,0.0,0.0,18,18,1.0,0.0,346,346,1.0,0.0,365,365,1.0,0.0,0,0,,,0,0,,,0,False,
house_7,link5_back_sensor_1,link5,729,729,1.0,0.0,0.0,0.0,0.0,0.0,0.0,0.0,0.0,0.0,1.954644505542656,0.16437578928389743,1.7306334257125855,1.982778787612915,2.1618237972259524,1.2457668781280518,0.07187712906107066,0.0022417306900024414,0.0,0.0,0.0,18,18,1.0,0.0,346,346,1.0,0.0,365,365,1.0,0.0,0,0,,,0,0,,,0,False,
house_7,link5_back_sensor_2,link5,729,729,1.0,0.6392318244170097,0.22496570644718794,0.04526748971193416,0.0013717421124828531,0.0013717421124828531,0.6392318244170097,0.22496570644718794,0.04526748971193416,0.0013717421124828531,0.7018904333323527,0.6603776714807631,0.10524304062128068,0.2918603718280792,1.7157203912734986,0.01812092587351799,0.5672839202798117,0.0033214911818504333,0.1291390728476821,0.2927400468384075,-0.16360097399072537,18,18,1.0,0.16666666666666666,346,346,1.0,0.11271676300578035,365,365,1.0,0.33424657534246577,0,0,,,0,0,,,1,False,
house_7,link5_back_sensor_3,link5,729,729,1.0,0.0027434842249657062,0.0013717421124828531,0.0,0.0,0.0,0.0027434842249657062,0.0013717421124828531,0.0,0.0,1.7859071422220094,0.3140396236068544,1.2666573762893676,1.9050953388214111,2.1260324478149415,0.18478061258792877,0.1268401898396505,0.007260441780090332,0.0,0.00234192037470726,-0.00234192037470726,18,18,1.0,0.0,346,346,1.0,0.002890173410404624,365,365,1.0,0.0,0,0,,,0,0,,,0,False,
house_7,link5_back_sensor_4,link5,729,729,1.0,0.9725651577503429,0.35939643347050754,0.12482853223593965,0.039780521262002745,0.039780521262002745,0.9725651577503429,0.35939643347050754,0.12482853223593965,0.039780521262002745,0.2880138300898369,0.15127976712011904,0.060374551266431806,0.3118385970592499,0.473200136423111,0.015122727490961552,0.08863731871085861,0.0012175589799880981,0.38741721854304634,0.3395784543325527,0.047838764210493656,18,18,1.0,0.4444444444444444,346,346,1.0,0.2398843930635838,365,365,1.0,0.4684931506849315,0,0,,,0,0,,,3,False,
house_7,link5_back_sensor_5,link5,729,729,1.0,0.8751714677640604,0.4787379972565158,0.13580246913580246,0.01646090534979424,0.01646090534979424,0.8751714677640604,0.4787379972565158,0.13580246913580246,0.01646090534979424,0.38157098186655863,0.4443402949288323,0.06993754655122757,0.2107340693473816,1.5006631612777712,0.012140302918851376,0.15629837390130763,0.0037152059376239777,0.5529801324503312,0.4262295081967213,0.1267506242536099,18,18,1.0,0.5555555555555556,346,346,1.0,0.37572254335260113,365,365,1.0,0.5726027397260274,0,0,,,0,0,,,3,False,
house_7,link5_front_sensor_0,link5,729,729,1.0,0.149519890260631,0.0,0.0,0.0,0.0,0.149519890260631,0.0,0.0,0.0,1.433497983650579,0.5096455509454193,0.2836729407310486,1.6512115001678467,1.8016190767288207,0.2584797143936157,0.15747886226578103,0.002808794379234314,0.0,0.0,0.0,18,18,1.0,0.0,346,346,1.0,0.0,365,365,1.0,0.0,0,0,,,0,0,,,0,False,
house_7,link5_front_sensor_1,link5,729,729,1.0,0.0,0.0,0.0,0.0,0.0,0.0,0.0,0.0,0.0,2.081940497227003,0.1681004372324318,1.6648123502731322,2.120060920715332,2.248858022689819,1.3875072002410889,0.11359841982280895,0.006681203842163086,0.0,0.0,0.0,18,18,1.0,0.0,346,346,1.0,0.0,365,365,1.0,0.0,0,0,,,0,0,,,0,False,
house_7,link5_front_sensor_2,link5,729,729,1.0,0.0,0.0,0.0,0.0,0.0,0.0,0.0,0.0,0.0,1.9908433115858437,0.20719460044393434,1.5243874788284302,2.0416629314422607,2.1863572120666506,0.8279353380203247,0.12003871226227292,0.005191385746002197,0.0,0.0,0.0,18,18,1.0,0.0,346,346,1.0,0.0,365,365,1.0,0.0,0,0,,,0,0,,,0,False,
house_7,link5_front_sensor_3,link5,729,729,1.0,0.3004115226337449,0.0,0.0,0.0,0.0,0.3004115226337449,0.0,0.0,0.0,0.8269805404547964,0.3488763534064021,0.2951451301574707,0.9968847036361694,1.3675118923187255,0.27455341815948486,0.25201959305762034,0.002927258610725403,0.0,0.0,0.0,18,18,1.0,0.0,346,346,1.0,0.0,365,365,1.0,0.0,0,0,,,0,0,,,0,False,
house_7,link6_sensor_0,link6,729,729,1.0,0.821673525377229,0.2222222222222222,0.03566529492455418,0.02194787379972565,0.02194787379972565,0.821673525377229,0.2222222222222222,0.03566529492455418,0.02194787379972565,0.3509719125052661,0.16093839984964015,0.143014058470726,0.3679840564727783,0.6312396883964538,0.012376831844449043,0.06617726668370758,0.0009503215551376343,0.24172185430463577,0.20843091334894615,0.03329094095568963,18,18,1.0,0.2777777777777778,346,346,1.0,0.19653179190751446,365,365,1.0,0.24383561643835616,0,0,,,0,0,,,2,False,
house_7,link6_sensor_1,link6,729,729,1.0,0.4101508916323731,0.19890260631001372,0.027434842249657063,0.0027434842249657062,0.0027434842249657062,0.4101508916323731,0.19890260631001372,0.027434842249657063,0.0027434842249657062,1.0320881896834968,0.6931044748950388,0.11576383709907531,1.538140892982483,1.748982548713684,0.04486912116408348,0.5522036339215266,0.00409417599439621,0.2582781456953642,0.15690866510538642,0.1013694805899778,18,18,1.0,0.2777777777777778,346,346,1.0,0.17630057803468208,365,365,1.0,0.21643835616438356,0,0,,,0,0,,,2,False,
house_7,link6_sensor_2,link6,729,729,1.0,0.9355281207133059,0.3429355281207133,0.12757201646090535,0.07270233196159122,0.07270233196159122,0.9355281207133059,0.3429355281207133,0.12757201646090535,0.07270233196159122,0.26648699492088357,0.1454013370641458,0.03495538607239723,0.2711317539215088,0.5380269169807436,0.012140302918851376,0.07524920244682748,0.004063596948981285,0.34105960264900664,0.3442622950819672,-0.0032026924329605633,18,18,1.0,0.3333333333333333,346,346,1.0,0.17052023121387283,365,365,1.0,0.5068493150684932,0,0,,,0,0,,,2,False,
house_7,link6_sensor_3,link6,729,729,1.0,0.4540466392318244,0.11659807956104253,0.07133058984910837,0.0,0.0,0.4540466392318244,0.11659807956104253,0.07133058984910837,0.0,0.46324943916665184,0.18257757101969596,0.081623774766922,0.525642454624176,0.7094061970710754,0.07465147972106934,0.1242992011879574,0.0013596266508102417,0.152317880794702,0.09133489461358314,0.060982986181118845,18,18,1.0,0.16666666666666666,346,346,1.0,0.13005780346820808,365,365,1.0,0.10136986301369863,0,0,,,0,0,,,0,False,
house_7,link6_sensor_4,link6,729,729,1.0,0.5294924554183813,0.15363511659807957,0.01783264746227709,0.0,0.0,0.5294924554183813,0.15363511659807957,0.01783264746227709,0.0,0.4452834414479173,0.20261138461355582,0.15790834724903108,0.465503454208374,0.7500696659088135,0.08569367229938507,0.12403163159665406,0.001246809959411621,0.18874172185430463,0.1288056206088993,0.05993610124540533,18,18,1.0,0.2777777777777778,346,346,1.0,0.10404624277456648,365,365,1.0,0.19452054794520549,0,0,,,0,0,,,1,False,
house_7,link6_sensor_5,link6,729,729,1.0,0.19478737997256515,0.03429355281207133,0.006858710562414266,0.0027434842249657062,0.0027434842249657062,0.19478737997256515,0.03429355281207133,0.006858710562414266,0.0027434842249657062,1.2206487267473596,0.5274249312813626,0.2947883605957031,1.4053802490234375,1.755317258834839,0.021819274872541428,0.27013882749873785,0.003729522228240967,0.0033112582781456954,0.05620608899297424,-0.05289483071482854,18,18,1.0,0.1111111111111111,346,346,1.0,0.057803468208092484,365,365,1.0,0.00821917808219178,0,0,,,0,0,,,0,False,
house_8,link1_sensor_0,link1,1206,1206,1.0,0.30514096185737977,0.0,0.0,0.0,0.0,0.30514096185737977,0.0,0.0,0.0,1.2694606926557832,0.6561677417133835,0.26334793865680695,1.7259652018547058,1.7828947603702545,0.22261200845241547,0.539054793152562,0.0005773305892944336,,0.0,,27,27,1.0,0.0,395,395,1.0,0.0,784,784,1.0,0.0,0,0,,,0,0,,,0,False,
house_8,link1_sensor_1,link1,1206,1206,1.0,0.1932006633499171,0.0,0.0,0.0,0.0,0.1932006633499171,0.0,0.0,0.0,0.8306267773037526,0.22744326257047376,0.3624793440103531,0.9549555480480194,0.955089807510376,0.26845037937164307,0.040403840802474736,3.49581241607666e-05,,0.0,,27,27,1.0,0.0,395,395,1.0,0.0,784,784,1.0,0.0,0,0,,,0,0,,,0,False,
house_8,link1_sensor_2,link1,1206,1206,1.0,0.07960199004975124,0.0,0.0,0.0,0.0,0.07960199004975124,0.0,0.0,0.0,1.5331285678925206,0.44432649164058524,0.4377042204141617,1.7116296887397766,1.8051395118236542,0.2821803390979767,0.035183734259738475,0.00016280263662338257,,0.0,,27,27,1.0,0.0,395,395,1.0,0.0,784,784,1.0,0.0,0,0,,,0,0,,,0,False,
house_8,link1_sensor_3,link1,1206,1206,1.0,0.7388059701492538,0.0008291873963515755,0.0,0.0,0.0,0.7388059701492538,0.0008291873963515755,0.0,0.0,0.5261324902758571,0.3917168831940383,0.23911798372864723,0.3918723911046982,1.664603739976883,0.12061608582735062,0.1255038689287904,0.0005193203687667847,,0.0008291873963515755,,27,27,1.0,0.0,395,395,1.0,0.0,784,784,1.0,0.0012755102040816326,0,0,,,0,0,,,0,False,
house_8,link1_sensor_4,link1,1206,1206,1.0,0.7404643449419569,0.0,0.0,0.0,0.0,0.7404643449419569,0.0,0.0,0.0,0.44748593273744064,0.13402414761390422,0.26948221772909164,0.426714763045311,0.7088407278060913,0.25652629137039185,0.07159630802681005,0.0006226599216461182,,0.0,,27,27,1.0,0.0,395,395,1.0,0.0,784,784,1.0,0.0,0,0,,,0,0,,,0,False,
house_8,link1_sensor_5,link1,1206,1206,1.0,1.0,1.0,0.0,0.0,0.0,1.0,1.0,0.0,0.0,0.18646564218485928,4.312061096613777e-06,0.18645989149808884,0.18646516650915146,0.18647387251257896,0.18645864725112915,4.190538391306473e-06,2.6673078536987305e-06,,1.0,,27,27,1.0,1.0,395,395,1.0,1.0,784,784,1.0,1.0,0,0,,,0,0,,,3,True,activation_lt_0_20m_close_to_1;extremely_low_frame_to_frame_variation
house_8,link1_sensor_6,link1,1206,1206,1.0,0.20066334991708126,0.0,0.0,0.0,0.0,0.20066334991708126,0.0,0.0,0.0,1.3509752370083512,0.5699302269378378,0.4389627203345299,1.6863723397254944,1.7873183488845825,0.4068768620491028,0.3224366656137533,0.0006886422634124756,,0.0,,27,27,1.0,0.0,395,395,1.0,0.0,784,784,1.0,0.0,0,0,,,0,0,,,0,False,
house_8,link2_sensor_0,link2,1206,1206,1.0,0.0,0.0,0.0,0.0,0.0,0.0,0.0,0.0,0.0,1.303219280086742,0.08124377861250023,1.1925838887691498,1.293225109577179,1.4618523716926575,0.6672376394271851,0.07789611597513496,0.0016013681888580322,,0.0,,27,27,1.0,0.0,395,395,1.0,0.0,784,784,1.0,0.0,0,0,,,0,0,,,0,False,
house_8,link2_sensor_1,link2,1206,1206,1.0,0.0,0.0,0.0,0.0,0.0,0.0,0.0,0.0,0.0,1.635294130736125,0.2076427769611652,1.5786403119564056,1.636919379234314,1.868727445602417,0.6684012413024902,0.06803787862272813,0.00029915571212768555,,0.0,,27,27,1.0,0.0,395,395,1.0,0.0,784,784,1.0,0.0,0,0,,,0,0,,,0,False,
house_8,link2_sensor_2,link2,1206,1206,1.0,0.0,0.0,0.0,0.0,0.0,0.0,0.0,0.0,0.0,1.1440013057458065,0.2742066455619883,0.7847003042697906,1.0298494100570679,1.554192304611206,0.7422271966934204,0.2221020881263136,0.0026962310075759888,,0.0,,27,27,1.0,0.0,395,395,1.0,0.0,784,784,1.0,0.0,0,0,,,0,0,,,0,False,
house_8,link2_sensor_3,link2,1206,1206,1.0,0.417910447761194,0.005804311774461028,0.0,0.0,0.0,0.417910447761194,0.005804311774461028,0.0,0.0,0.9147110908272157,0.5738101352153594,0.35829364508390427,0.510385125875473,1.7270572185516357,0.10283874720335007,0.425274584871554,0.0018861740827560425,,0.005804311774461028,,27,27,1.0,0.0,395,395,1.0,0.015189873417721518,784,784,1.0,0.0012755102040816326,0,0,,,0,0,,,0,False,
house_8,link2_sensor_4,link2,1206,1206,1.0,0.11857379767827529,0.003316749585406302,0.001658374792703151,0.001658374792703151,0.001658374792703151,0.11857379767827529,0.003316749585406302,0.001658374792703151,0.001658374792703151,1.1411236638896736,0.5929800893536291,0.4711754471063614,1.5890979766845703,1.8292996287345886,0.012140302918851376,0.4874957538279437,0.0012141242623329163,,0.003316749585406302,,27,27,1.0,0.0,395,395,1.0,0.002531645569620253,784,784,1.0,0.003826530612244898,0,0,,,0,0,,,0,False,
house_8,link2_sensor_5,link2,1206,1206,1.0,0.04643449419568822,0.0,0.0,0.0,0.0,0.04643449419568822,0.0,0.0,0.0,1.5731537117689205,0.46842710705118107,0.6479396820068359,1.7835947275161743,1.876682162284851,0.40622463822364807,0.2505275354526675,0.0006039291620254517,,0.0,,27,27,1.0,0.0,395,395,1.0,0.0,784,784,1.0,0.0,0,0,,,0,0,,,0,False,
house_8,link2_sensor_6,link2,1206,1206,1.0,0.011608623548922056,0.0,0.0,0.0,0.0,0.011608623548922056,0.0,0.0,0.0,0.7425925396815264,0.06819779832781882,0.706951767206192,0.7285308539867401,0.8038021773099899,0.4570600688457489,0.03619064983601272,0.0004367530345916748,,0.0,,27,27,1.0,0.0,395,395,1.0,0.0,784,784,1.0,0.0,0,0,,,0,0,,,0,False,
house_8,link3_sensor_0,link3,1206,1206,1.0,0.15671641791044777,0.0,0.0,0.0,0.0,0.15671641791044777,0.0,0.0,0.0,0.7618678804505523,0.20960794413865852,0.46021611243486404,0.8417853116989136,0.9283492267131805,0.45043641328811646,0.16811717139515708,0.000911325216293335,,0.0,,27,27,1.0,0.0,395,395,1.0,0.0,784,784,1.0,0.0,0,0,,,0,0,,,0,False,
house_8,link3_sensor_1,link3,1206,1206,1.0,0.35074626865671643,0.0,0.0,0.0,0.0,0.35074626865671643,0.0,0.0,0.0,0.9240496601680814,0.5967078310257764,0.36130058765411377,0.5872127711772919,1.8272377848625183,0.2798462212085724,0.4879372052978397,0.0019549578428268433,,0.0,,27,27,1.0,0.0,395,395,1.0,0.0,784,784,1.0,0.0,0,0,,,0,0,,,0,False,
house_8,link3_sensor_2,link3,1206,1206,1.0,0.6583747927031509,0.04560530679933665,0.0,0.0,0.0,0.6583747927031509,0.04560530679933665,0.0,0.0,0.46011427573699065,0.1683815149762991,0.32212450355291367,0.4418599009513855,0.5991458147764206,0.11043740063905716,0.07330812560074132,0.0015601664781570435,,0.04560530679933665,,27,27,1.0,0.037037037037037035,395,395,1.0,0.020253164556962026,784,784,1.0,0.058673469387755105,0,0,,,0,0,,,0,False,
house_8,link3_sensor_3,link3,1206,1206,1.0,0.3747927031509121,0.011608623548922056,0.004975124378109453,0.0,0.0,0.3747927031509121,0.011608623548922056,0.004975124378109453,0.0,0.6609195794780457,0.2773113060883142,0.44909045845270157,0.5101476609706879,0.9988729506731033,0.061570845544338226,0.1911932366403852,0.0008401200175285339,,0.011608623548922056,,27,27,1.0,0.0,395,395,1.0,0.035443037974683546,784,784,1.0,0.0,0,0,,,0,0,,,0,False,
house_8,link3_sensor_4,link3,1206,1206,1.0,0.11940298507462686,0.0,0.0,0.0,0.0,0.11940298507462686,0.0,0.0,0.0,1.5023713960724683,0.46486741630604295,0.3802300691604614,1.6632083058357239,1.826824575662613,0.2767823040485382,0.12055052469476288,0.0011231303215026855,,0.0,,27,27,1.0,0.0,395,395,1.0,0.0,784,784,1.0,0.0,0,0,,,0,0,,,0,False,
house_8,link4_sensor_0,link4,1206,1206,1.0,0.8557213930348259,0.0,0.0,0.0,0.0,0.8557213930348259,0.0,0.0,0.0,0.44366819667282387,0.2802164689915274,0.25942598283290863,0.35880783200263977,1.477495938539505,0.2366447150707245,0.12547070417840683,0.003121890127658844,,0.0,,27,27,1.0,0.0,395,395,1.0,0.0,784,784,1.0,0.0,0,0,,,0,0,,,0,False,
house_8,link4_sensor_1,link4,1206,1206,1.0,0.5779436152570481,0.02902155887230514,0.0,0.0,0.0,0.5779436152570481,0.02902155887230514,0.0,0.0,0.7467210479142457,0.5514695102206575,0.33902010321617126,0.4332885295152664,1.764135330915451,0.12964798510074615,0.3439331305458776,0.0024069473147392273,,0.02902155887230514,,27,27,1.0,0.037037037037037035,395,395,1.0,0.017721518987341773,784,784,1.0,0.03443877551020408,0,0,,,0,0,,,0,False,
house_8,link4_sensor_2,link4,1206,1206,1.0,0.824212271973466,0.0,0.0,0.0,0.0,0.824212271973466,0.0,0.0,0.0,0.42123540438971113,0.15122859441151726,0.26973240822553635,0.38636960089206696,0.6197703331708908,0.22466926276683807,0.09181576630442691,0.004162624478340149,,0.0,,27,27,1.0,0.0,395,395,1.0,0.0,784,784,1.0,0.0,0,0,,,0,0,,,0,False,
house_8,link4_sensor_3,link4,1206,1206,1.0,0.12686567164179105,0.0,0.0,0.0,0.0,0.12686567164179105,0.0,0.0,0.0,0.9364149054978815,0.3138019112896798,0.4173169359564781,1.0924460887908936,1.2857172787189484,0.34554675221443176,0.27327167673582675,0.0025677382946014404,,0.0,,27,27,1.0,0.0,395,395,1.0,0.0,784,784,1.0,0.0,0,0,,,0,0,,,0,False,
house_8,link4_sensor_4,link4,1206,1206,1.0,0.011608623548922056,0.0,0.0,0.0,0.0,0.011608623548922056,0.0,0.0,0.0,1.5968335199464812,0.36447865124765866,0.5751726776361465,1.7243324518203735,1.7976499497890472,0.492326557636261,0.028512209515712872,0.000778496265411377,,0.0,,27,27,1.0,0.0,395,395,1.0,0.0,784,784,1.0,0.0,0,0,,,0,0,,,0,False,
house_8,link5_back_sensor_0,link5,1206,1206,1.0,0.0945273631840796,0.0008291873963515755,0.0,0.0,0.0,0.0945273631840796,0.0008291873963515755,0.0,0.0,1.4372821143561136,0.5339261919759262,0.313667856156826,1.6266950964927673,1.934251755475998,0.14616893231868744,0.283658398743582,0.00270727276802063,,0.0008291873963515755,,27,27,1.0,0.0,395,395,1.0,0.002531645569620253,784,784,1.0,0.0,0,0,,,0,0,,,0,False,
house_8,link5_back_sensor_1,link5,1206,1206,1.0,0.0,0.0,0.0,0.0,0.0,0.0,0.0,0.0,0.0,1.7823706076512884,0.23814897426614073,1.4831549525260925,1.689221978187561,2.1194353103637695,1.2861318588256836,0.2251966416757959,0.004414618015289307,,0.0,,27,27,1.0,0.0,395,395,1.0,0.0,784,784,1.0,0.0,0,0,,,0,0,,,0,False,
house_8,link5_back_sensor_2,link5,1206,1206,1.0,0.6376451077943616,0.17744610281923714,0.03399668325041459,0.012437810945273632,0.012437810945273632,0.6376451077943616,0.17744610281923714,0.03399668325041459,0.012437810945273632,0.649523298912504,0.5833736041185018,0.14608246088027954,0.4136836379766464,1.685231477022171,0.04557871073484421,0.5490313759819827,0.0028827935457229614,,0.17744610281923714,,27,27,1.0,0.18518518518518517,395,395,1.0,0.08354430379746836,784,784,1.0,0.22448979591836735,0,0,,,0,0,,,1,False,
house_8,link5_back_sensor_3,link5,1206,1206,1.0,0.0,0.0,0.0,0.0,0.0,0.0,0.0,0.0,0.0,1.774712756498536,0.22785082486502584,1.4074666500091553,1.7353523969650269,2.1119534373283386,1.225282073020935,0.20401778710234147,0.010379254817962646,,0.0,,27,27,1.0,0.0,395,395,1.0,0.0,784,784,1.0,0.0,0,0,,,0,0,,,0,False,
house_8,link5_back_sensor_4,link5,1206,1206,1.0,0.8466003316749585,0.3175787728026534,0.11940298507462686,0.022388059701492536,0.022388059701492536,0.8466003316749585,0.3175787728026534,0.11940298507462686,0.022388059701492536,0.37613691221984413,0.36707798781919254,0.06694262661039829,0.2780451774597168,1.5503545999526978,0.020249221473932266,0.1736568242068861,0.002993747591972351,,0.3175787728026534,,27,27,1.0,0.48148148148148145,395,395,1.0,0.2936708860759494,784,784,1.0,0.3239795918367347,0,0,,,0,0,,,3,False,
house_8,link5_back_sensor_5,link5,1206,1206,1.0,0.9535655058043118,0.4917081260364842,0.19237147595356552,0.06633499170812604,0.06633499170812604,0.9535655058043118,0.4917081260364842,0.19237147595356552,0.06633499170812604,0.2564414125376042,0.2721005528452943,0.04407400358468294,0.20194979012012482,0.4882661774754524,0.012140302918851376,0.18638100675512126,0.004456598311662674,,0.4917081260364842,,27,27,1.0,0.6296296296296297,395,395,1.0,0.4,784,784,1.0,0.5331632653061225,0,0,,,0,0,,,3,False,
house_8,link5_front_sensor_0,link5,1206,1206,1.0,0.5414593698175788,0.0472636815920398,0.0406301824212272,0.019071310116086235,0.019071310116086235,0.5414593698175788,0.0472636815920398,0.0406301824212272,0.019071310116086235,0.8425517825141029,0.6422755362736299,0.217580433934927,0.46435369551181793,1.839779257774353,0.0397275872528553,0.6006257542881164,0.002769947052001953,,0.0472636815920398,,27,27,1.0,0.037037037037037035,395,395,1.0,0.02531645569620253,784,784,1.0,0.058673469387755105,0,0,,,0,0,,,0,False,
house_8,link5_front_sensor_1,link5,1206,1206,1.0,0.0,0.0,0.0,0.0,0.0,0.0,0.0,0.0,0.0,2.036883498503399,0.17431591283577835,1.7438088059425354,2.0710254907608032,2.2676445841789246,1.7119337320327759,0.09675970997166405,0.00391775369644165,,0.0,,27,27,1.0,0.0,395,395,1.0,0.0,784,784,1.0,0.0,0,0,,,0,0,,,0,False,
house_8,link5_front_sensor_2,link5,1206,1206,1.0,0.0,0.0,0.0,0.0,0.0,0.0,0.0,0.0,0.0,1.912685979954639,0.20285865964511476,1.6307581663131714,1.9824665188789368,2.1595072150230408,1.5510473251342773,0.18677580542156735,0.005641907453536987,,0.0,,27,27,1.0,0.0,395,395,1.0,0.0,784,784,1.0,0.0,0,0,,,0,0,,,0,False,
house_8,link5_front_sensor_3,link5,1206,1206,1.0,0.33250414593698174,0.04560530679933665,0.03980099502487562,0.0,0.0,0.33250414593698174,0.04560530679933665,0.03980099502487562,0.0,0.7173661303368226,0.42679968573203503,0.21943587064743042,0.5605462789535522,1.6722053587436676,0.0523797832429409,0.2584662431775686,0.0027317628264427185,,0.04560530679933665,,27,27,1.0,0.037037037037037035,395,395,1.0,0.020253164556962026,784,784,1.0,0.058673469387755105,0,0,,,0,0,,,0,False,
house_8,link6_sensor_0,link6,1206,1206,1.0,0.6384742951907131,0.15091210613598674,0.08955223880597014,0.07877280265339967,0.07877280265339967,0.6384742951907131,0.15091210613598674,0.08955223880597014,0.07877280265339967,0.385502291320488,0.17888660115350546,0.025907030794769526,0.3733491450548172,0.6215805858373642,0.012140302918851376,0.1269812856373177,0.004243239760398865,,0.15091210613598674,,27,27,1.0,0.1111111111111111,395,395,1.0,0.060759493670886074,784,784,1.0,0.19770408163265307,0,0,,,0,0,,,0,False,
house_8,link6_sensor_1,link6,1206,1206,1.0,0.5704809286898839,0.24958540630182421,0.1517412935323383,0.07379767827529021,0.07379767827529021,0.5704809286898839,0.24958540630182421,0.1517412935323383,0.07379767827529021,0.5838165059145137,0.504715113919612,0.03839401435106993,0.4444451928138733,1.7169487476348877,0.012554718181490898,0.4635541446180337,0.004135563969612122,,0.24958540630182421,,27,27,1.0,0.4074074074074074,395,395,1.0,0.20759493670886076,784,784,1.0,0.2653061224489796,0,0,,,0,0,,,3,False,
house_8,link6_sensor_2,link6,1206,1206,1.0,0.9684908789386402,0.4079601990049751,0.08208955223880597,0.06053067993366501,0.06053067993366501,0.9684908789386402,0.4079601990049751,0.08208955223880597,0.06053067993366501,0.2572577968865299,0.12527605206553752,0.0475039379671216,0.22876840084791183,0.47121356427669525,0.012166949920356274,0.10454007898690565,0.004176519811153412,,0.4079601990049751,,27,27,1.0,0.4444444444444444,395,395,1.0,0.26582278481012656,784,784,1.0,0.47831632653061223,0,0,,,0,0,,,3,False,
house_8,link6_sensor_3,link6,1206,1206,1.0,0.8540630182421227,0.21890547263681592,0.06550580431177445,0.008291873963515755,0.008291873963515755,0.8540630182421227,0.21890547263681592,0.06550580431177445,0.008291873963515755,0.329397077840532,0.14914950096513052,0.08082392811775208,0.32670576870441437,0.5871184915304184,0.012140302918851376,0.12052933761917217,0.0031775683164596558,,0.21890547263681592,,27,27,1.0,0.25925925925925924,395,395,1.0,0.10886075949367088,784,784,1.0,0.2729591836734694,0,0,,,0,0,,,2,False,
house_8,link6_sensor_4,link6,1206,1206,1.0,0.5505804311774462,0.18822553897180763,0.09286898839137644,0.03233830845771144,0.03233830845771144,0.5505804311774462,0.18822553897180763,0.09286898839137644,0.03233830845771144,0.43363569378482164,0.20921247122112163,0.05837164260447025,0.465160995721817,0.7281800955533981,0.02008448913693428,0.1857771598602057,0.0035811252892017365,,0.18822553897180763,,27,27,1.0,0.2222222222222222,395,395,1.0,0.09367088607594937,784,784,1.0,0.23469387755102042,0,0,,,0,0,,,2,False,
house_8,link6_sensor_5,link6,1206,1206,1.0,0.5613598673300166,0.11359867330016583,0.05306799336650083,0.03980099502487562,0.03980099502487562,0.5613598673300166,0.11359867330016583,0.05306799336650083,0.03980099502487562,0.7397578489128038,0.628814334765861,0.06957612000405788,0.4676506966352463,1.7997640669345856,0.023408252745866776,0.5628062400967313,0.0024738716892898083,,0.11359867330016583,,27,27,1.0,0.18518518518518517,395,395,1.0,0.08607594936708861,784,784,1.0,0.125,0,0,,,0,0,,,0,False,
house_10,link1_sensor_0,link1,610,610,1.0,0.0,0.0,0.0,0.0,0.0,0.0,0.0,0.0,0.0,1.7185989395516819,0.035036251784777074,1.654342246055603,1.7121065258979797,1.7743338882923125,1.6468151807785034,0.011272420866076627,0.0005341470241546631,0.0,0.0,0.0,5,5,1.0,0.0,233,233,1.0,0.0,372,372,1.0,0.0,0,0,,,0,0,,,0,False,
house_10,link1_sensor_1,link1,610,610,1.0,0.0,0.0,0.0,0.0,0.0,0.0,0.0,0.0,0.0,0.9549931553543591,5.3949529991132735e-05,0.9549213796854019,0.9549857974052429,0.9550985097885132,0.9548590183258057,4.778862312203361e-05,3.3095479011535645e-05,0.0,0.0,0.0,5,5,1.0,0.0,233,233,1.0,0.0,372,372,1.0,0.0,0,0,,,0,0,,,0,True,extremely_low_frame_to_frame_variation
house_10,link1_sensor_2,link1,610,610,1.0,0.0,0.0,0.0,0.0,0.0,0.0,0.0,0.0,0.0,1.698994327959467,0.03452629192187258,1.6457585871219635,1.6973660588264465,1.7778267025947572,1.6455976963043213,0.00846957333636085,0.0002301931381225586,0.0,0.0,0.0,5,5,1.0,0.0,233,233,1.0,0.0,372,372,1.0,0.0,0,0,,,0,0,,,0,False,
house_10,link1_sensor_3,link1,610,610,1.0,0.41475409836065574,0.0,0.0,0.0,0.0,0.41475409836065574,0.0,0.0,0.0,0.6236389145010808,0.364801358624598,0.36135784089565276,0.5032490491867065,1.6979939997196198,0.36007916927337646,0.0342229991274548,0.000745333731174469,0.0,0.0,0.0,5,5,1.0,0.0,233,233,1.0,0.0,372,372,1.0,0.0,0,0,,,0,0,,,0,False,
house_10,link1_sensor_4,link1,610,610,1.0,0.5081967213114754,0.0,0.0,0.0,0.0,0.5081967213114754,0.0,0.0,0.0,0.5353693457411938,0.11324423813060333,0.3974961668252945,0.49965763092041016,0.7660334140062333,0.39620742201805115,0.023511413219770762,0.0006488114595413208,0.0,0.0,0.0,5,5,1.0,0.0,233,233,1.0,0.0,372,372,1.0,0.0,0,0,,,0,0,,,0,False,
house_10,link1_sensor_5,link1,610,610,1.0,1.0,1.0,0.0,0.0,0.0,1.0,1.0,0.0,0.0,0.1864659379495949,4.517808008330093e-06,0.1864598959684372,0.1864655613899231,0.18647422194480895,0.1864587962627411,4.243968767195331e-06,2.9169023036956787e-06,1.0,1.0,0.0,5,5,1.0,1.0,233,233,1.0,1.0,372,372,1.0,1.0,0,0,,,0,0,,,2,True,activation_lt_0_20m_close_to_1;extremely_low_frame_to_frame_variation
house_10,link1_sensor_6,link1,610,610,1.0,0.0,0.0,0.0,0.0,0.0,0.0,0.0,0.0,0.0,1.6897074255786957,0.029277698338997103,1.6426351189613342,1.6897844076156616,1.7301472663879394,1.6375222206115723,0.009824552869663543,0.00041562318801879883,0.0,0.0,0.0,5,5,1.0,0.0,233,233,1.0,0.0,372,372,1.0,0.0,0,0,,,0,0,,,0,False,
house_10,link2_sensor_0,link2,610,610,1.0,0.011475409836065573,0.0,0.0,0.0,0.0,0.011475409836065573,0.0,0.0,0.0,1.3042312115430832,0.15370401304743975,1.2099643707275392,1.317224383354187,1.4506819248199463,0.49089372158050537,0.0852613144123528,0.005269378423690796,0.0,0.0,0.0,5,5,1.0,0.0,233,233,1.0,0.0,372,372,1.0,0.0,0,0,,,0,0,,,0,False,
house_10,link2_sensor_1,link2,610,610,1.0,0.0,0.0,0.0,0.0,0.0,0.0,0.0,0.0,0.0,1.646097586975723,0.030756237460499436,1.6108998000621795,1.6402350664138794,1.7004620730876923,1.5630265474319458,0.01200365510766534,0.00019976496696472168,0.0,0.0,0.0,5,5,1.0,0.0,233,233,1.0,0.0,372,372,1.0,0.0,0,0,,,0,0,,,0,False,
house_10,link2_sensor_2,link2,610,610,1.0,0.0,0.0,0.0,0.0,0.0,0.0,0.0,0.0,0.0,1.2466223659085447,0.2935927356099255,0.7505088567733764,1.4352887868881226,1.5537953615188598,0.7384428977966309,0.2844868786783098,0.005336284637451172,0.0,0.0,0.0,5,5,1.0,0.0,233,233,1.0,0.0,372,372,1.0,0.0,0,0,,,0,0,,,0,False,
house_10,link2_sensor_3,link2,610,610,1.0,0.7852459016393443,0.018032786885245903,0.001639344262295082,0.0,0.0,0.7852459016393443,0.018032786885245903,0.001639344262295082,0.0,0.4433317799670774,0.09647675385853385,0.24970702305436135,0.44469378888607025,0.5520662575960159,0.09330246597528458,0.0674549038161109,0.001082584261894226,0.016304347826086956,0.034482758620689655,-0.0181784107946027,5,5,1.0,0.0,233,233,1.0,0.04291845493562232,372,372,1.0,0.002688172043010753,0,0,,,0,0,,,0,False,
house_10,link2_sensor_4,link2,610,610,1.0,0.22459016393442624,0.0,0.0,0.0,0.0,0.22459016393442624,0.0,0.0,0.0,0.7602677836281354,0.4470303424516588,0.46748322397470476,0.54188272356987,1.6761420845985413,0.34446004033088684,0.4378555314962803,0.0007374286651611328,0.0,0.0,0.0,5,5,1.0,0.0,233,233,1.0,0.0,372,372,1.0,0.0,0,0,,,0,0,,,0,False,
house_10,link2_sensor_5,link2,610,610,1.0,0.001639344262295082,0.0,0.0,0.0,0.0,0.001639344262295082,0.0,0.0,0.0,1.3610914668587388,0.5606571745142694,0.6289595425128938,1.784114122390747,1.9397669970989226,0.49105677008628845,0.5300161284037297,0.005090802907943726,0.0,0.0,0.0,5,5,1.0,0.0,233,233,1.0,0.0,372,372,1.0,0.0,0,0,,,0,0,,,0,False,
house_10,link2_sensor_6,link2,610,610,1.0,0.06393442622950819,0.0,0.0,0.0,0.0,0.06393442622950819,0.0,0.0,0.0,0.729682397256132,0.09326810033051464,0.4847714647650719,0.7679573893547058,0.7951123237609863,0.41913118958473206,0.0901624256319126,0.0013242661952972412,0.0,0.0,0.0,5,5,1.0,0.0,233,233,1.0,0.0,372,372,1.0,0.0,0,0,,,0,0,,,0,False,
house_10,link3_sensor_0,link3,610,610,1.0,0.24918032786885247,0.0,0.0,0.0,0.0,0.24918032786885247,0.0,0.0,0.0,0.7454318503864475,0.20292607617721922,0.45528844743967056,0.8890016674995422,0.9197728246450424,0.4498715102672577,0.19326316874048732,0.0005821287631988525,0.0,0.0,0.0,5,5,1.0,0.0,233,233,1.0,0.0,372,372,1.0,0.0,0,0,,,0,0,,,0,False,
house_10,link3_sensor_1,link3,610,610,1.0,0.380327868852459,0.0,0.0,0.0,0.0,0.380327868852459,0.0,0.0,0.0,0.697671610019246,0.3951709307931955,0.3670739084482193,0.5840703845024109,1.6436888337135314,0.29274892807006836,0.09368661306365586,0.004614099860191345,0.0,0.0,0.0,5,5,1.0,0.0,233,233,1.0,0.0,372,372,1.0,0.0,0,0,,,0,0,,,0,False,
house_10,link3_sensor_2,link3,610,610,1.0,0.8049180327868852,0.0,0.0,0.0,0.0,0.8049180327868852,0.0,0.0,0.0,0.4336601482063044,0.08799717721659152,0.33350092023611067,0.4225589781999588,0.6190463215112686,0.21792753040790558,0.08078135578981506,0.002141699194908142,0.0,0.0,0.0,5,5,1.0,0.0,233,233,1.0,0.0,372,372,1.0,0.0,0,0,,,0,0,,,0,False,
house_10,link3_sensor_3,link3,610,610,1.0,0.26229508196721313,0.027868852459016394,0.001639344262295082,0.0,0.0,0.26229508196721313,0.027868852459016394,0.001639344262295082,0.0,0.7376166297519793,0.2468674938707758,0.4315387964248657,0.9072030484676361,0.979034224152565,0.09438838064670563,0.23907277503284385,0.0027363598346710205,0.028985507246376812,0.017241379310344827,0.011744127936031985,5,5,1.0,0.0,233,233,1.0,0.07296137339055794,372,372,1.0,0.0,0,0,,,0,0,,,0,False,
house_10,link3_sensor_4,link3,610,610,1.0,0.16885245901639345,0.0,0.0,0.0,0.0,0.16885245901639345,0.0,0.0,0.0,1.3370319357172387,0.5544830450330659,0.4316672056913376,1.6535513997077942,1.757088851928711,0.3329704999923706,0.4027377399265415,0.0014227032661437988,0.0,0.0,0.0,5,5,1.0,0.0,233,233,1.0,0.0,372,372,1.0,0.0,0,0,,,0,0,,,0,False,
house_10,link4_sensor_0,link4,610,610,1.0,0.8032786885245902,0.0,0.0,0.0,0.0,0.8032786885245902,0.0,0.0,0.0,0.5535224614573306,0.31897625877141816,0.41113162487745286,0.4380965679883957,1.5094431638717651,0.33010154962539673,0.3541242438655773,0.0029606223106384277,0.0,0.0,0.0,5,5,1.0,0.0,233,233,1.0,0.0,372,372,1.0,0.0,0,0,,,0,0,,,0,False,
house_10,link4_sensor_1,link4,610,610,1.0,0.3639344262295082,0.0,0.0,0.0,0.0,0.3639344262295082,0.0,0.0,0.0,0.9906155736719977,0.6123096409400769,0.31249689012765886,0.6328121721744537,1.7240389108657836,0.24066396057605743,0.4549777978284128,0.0018851757049560547,0.0,0.0,0.0,5,5,1.0,0.0,233,233,1.0,0.0,372,372,1.0,0.0,0,0,,,0,0,,,0,False,
house_10,link4_sensor_2,link4,610,610,1.0,0.6344262295081967,0.0,0.0,0.0,0.0,0.6344262295081967,0.0,0.0,0.0,0.5855823821708804,0.3352805737994037,0.30902186036109924,0.46735720336437225,1.5184169769287108,0.2942870855331421,0.265847221471301,0.003694765269756317,0.0,0.0,0.0,5,5,1.0,0.0,233,233,1.0,0.0,372,372,1.0,0.0,0,0,,,0,0,,,0,False,
house_10,link4_sensor_3,link4,610,610,1.0,0.24754098360655738,0.0,0.0,0.0,0.0,0.24754098360655738,0.0,0.0,0.0,0.9551481735510904,0.38902343443247267,0.32950943559408186,1.2039424777030945,1.3238223254680632,0.2663831114768982,0.24513860078975575,0.005172759294509888,0.0,0.0,0.0,5,5,1.0,0.0,233,233,1.0,0.0,372,372,1.0,0.0,0,0,,,0,0,,,0,False,
house_10,link4_sensor_4,link4,610,610,1.0,0.0,0.0,0.0,0.0,0.0,0.0,0.0,0.0,0.0,1.7061606992463596,0.16260610853294463,1.670598441362381,1.7334690690040588,1.7770151615142822,0.5469790697097778,0.028909745153710815,0.0013283193111419678,0.0,0.0,0.0,5,5,1.0,0.0,233,233,1.0,0.0,372,372,1.0,0.0,0,0,,,0,0,,,0,False,
house_10,link5_back_sensor_0,link5,610,610,1.0,0.0,0.0,0.0,0.0,0.0,0.0,0.0,0.0,0.0,1.8888115339591856,0.0864082912250485,1.793904685974121,1.8693873882293701,2.0619757771492004,1.5777713060379028,0.03964429718046772,0.0015767216682434082,0.0,0.0,0.0,5,5,1.0,0.0,233,233,1.0,0.0,372,372,1.0,0.0,0,0,,,0,0,,,0,False,
house_10,link5_back_sensor_1,link5,610,610,1.0,0.0,0.0,0.0,0.0,0.0,0.0,0.0,0.0,0.0,2.03580011813367,0.10663041633197846,1.8715777337551116,2.0520678758621216,2.1854881763458254,1.5362528562545776,0.051778319841894765,0.0023363828659057617,0.0,0.0,0.0,5,5,1.0,0.0,233,233,1.0,0.0,372,372,1.0,0.0,0,0,,,0,0,,,0,False,
house_10,link5_back_sensor_2,link5,610,610,1.0,0.46557377049180326,0.07377049180327869,0.014754098360655738,0.004918032786885246,0.004918032786885246,0.46557377049180326,0.07377049180327869,0.014754098360655738,0.004918032786885246,0.9649401944573419,0.6970287714899435,0.18415612131357192,1.5809228420257568,1.7472858667373656,0.012140302918851376,0.2327635172844244,0.0011643804609775543,0.08152173913043478,0.0,0.08152173913043478,5,5,1.0,0.6,233,233,1.0,0.017167381974248927,372,372,1.0,0.10215053763440861,0,0,,,0,0,,,0,False,
house_10,link5_back_sensor_3,link5,610,610,1.0,0.0,0.0,0.0,0.0,0.0,0.0,0.0,0.0,0.0,1.9490441437627448,0.16017155168191996,1.6676989793777466,1.9559113383293152,2.1628125667572022,1.3299919366836548,0.10140833574877244,0.00841975212097168,0.0,0.0,0.0,5,5,1.0,0.0,233,233,1.0,0.0,372,372,1.0,0.0,0,0,,,0,0,,,0,False,
house_10,link5_back_sensor_4,link5,610,610,1.0,0.9918032786885246,0.38688524590163936,0.08360655737704918,0.00819672131147541,0.00819672131147541,0.9918032786885246,0.38688524590163936,0.08360655737704918,0.00819672131147541,0.24608808895573023,0.11329032437708847,0.07283586077392101,0.22476226091384888,0.4221666932106018,0.012140302918851376,0.08001079773289652,0.0015234164893627167,0.3894927536231884,0.3620689655172414,0.027423788105947033,5,5,1.0,0.4,233,233,1.0,0.12875536480686695,372,372,1.0,0.5483870967741935,0,0,,,0,0,,,1,False,
house_10,link5_back_sensor_5,link5,610,610,1.0,0.9704918032786886,0.6737704918032786,0.3819672131147541,0.11475409836065574,0.11475409836065574,0.9704918032786886,0.6737704918032786,0.3819672131147541,0.11475409836065574,0.1978123418406629,0.2610241414988719,0.03201398383826017,0.12360505387187004,0.42318221479654305,0.012140302918851376,0.11922951177840099,0.005624951794743538,0.7047101449275363,0.3793103448275862,0.32539980009995007,5,5,1.0,1.0,233,233,1.0,0.31759656652360513,372,372,1.0,0.8924731182795699,0,0,,,0,0,,,2,False,
house_10,link5_front_sensor_0,link5,610,610,1.0,0.25901639344262295,0.0,0.0,0.0,0.0,0.25901639344262295,0.0,0.0,0.0,1.2798320959825986,0.6414633058330047,0.30777519643306733,1.720458209514618,1.8124725818634033,0.28827548027038574,0.5247796841937633,0.0022431612014770508,0.0,0.0,0.0,5,5,1.0,0.0,233,233,1.0,0.0,372,372,1.0,0.0,0,0,,,0,0,,,0,False,
house_10,link5_front_sensor_1,link5,610,610,1.0,0.0,0.0,0.0,0.0,0.0,0.0,0.0,0.0,0.0,2.12896292893613,0.1303323885432509,1.8976337254047393,2.1601433753967285,2.2730870604515077,1.4974489212036133,0.09980710450811048,0.008461833000183105,0.0,0.0,0.0,5,5,1.0,0.0,233,233,1.0,0.0,372,372,1.0,0.0,0,0,,,0,0,,,0,False,
house_10,link5_front_sensor_2,link5,610,610,1.0,0.0,0.0,0.0,0.0,0.0,0.0,0.0,0.0,0.0,2.094536923189632,0.13688611681741275,1.8232763767242433,2.129095673561096,2.249881088733673,1.413933515548706,0.12446489983472131,0.007816135883331299,0.0,0.0,0.0,5,5,1.0,0.0,233,233,1.0,0.0,372,372,1.0,0.0,0,0,,,0,0,,,0,False,
house_10,link5_front_sensor_3,link5,610,610,1.0,0.4672131147540984,0.0,0.0,0.0,0.0,0.4672131147540984,0.0,0.0,0.0,0.682793219705097,0.3280281689694665,0.29849892258644106,0.5919734835624695,1.120242691040039,0.28932514786720276,0.2873996130790175,0.0031510740518569946,0.0,0.0,0.0,5,5,1.0,0.0,233,233,1.0,0.0,372,372,1.0,0.0,0,0,,,0,0,,,0,False,
house_10,link6_sensor_0,link6,610,610,1.0,0.5147540983606558,0.036065573770491806,0.006557377049180328,0.001639344262295082,0.001639344262295082,0.5147540983606558,0.036065573770491806,0.006557377049180328,0.001639344262295082,0.4401130393116933,0.15468813298226503,0.20476604774594306,0.49172142148017883,0.6536418825387955,0.028593307361006737,0.06066556918850648,0.0008498430252075195,0.02355072463768116,0.15517241379310345,-0.1316216891554223,5,5,1.0,0.0,233,233,1.0,0.0944206008583691,372,372,1.0,0.0,0,0,,,0,0,,,0,False,
house_10,link6_sensor_1,link6,610,610,1.0,0.6868852459016394,0.49836065573770494,0.21639344262295082,0.054098360655737705,0.054098360655737705,0.6868852459016394,0.49836065573770494,0.21639344262295082,0.054098360655737705,0.6449617061260171,0.7007763160277369,0.048970519565045834,0.21151762455701828,1.721909087896347,0.012619620189070702,0.6157817551653033,0.003464043140411377,0.5144927536231884,0.3448275862068966,0.16966516741629178,5,5,1.0,0.8,233,233,1.0,0.12017167381974249,372,372,1.0,0.7311827956989247,0,0,,,0,0,,,1,False,
house_10,link6_sensor_2,link6,610,610,1.0,0.9967213114754099,0.34098360655737703,0.05901639344262295,0.003278688524590164,0.003278688524590164,0.9967213114754099,0.34098360655737703,0.05901639344262295,0.003278688524590164,0.28124947210193657,0.12184093295662503,0.08249143920838833,0.26463955640792847,0.4596480011940002,0.031352490186691284,0.06695477948120303,0.001223251223564148,0.28804347826086957,0.8448275862068966,-0.556784107946027,5,5,1.0,0.2,233,233,1.0,0.1759656652360515,372,372,1.0,0.44623655913978494,0,0,,,0,0,,,1,False,
house_10,link6_sensor_3,link6,610,610,1.0,0.5737704918032787,0.009836065573770493,0.0,0.0,0.0,0.5737704918032787,0.009836065573770493,0.0,0.0,0.46506976111501946,0.14858376543344012,0.27146969735622406,0.44523195922374725,0.7015163481235503,0.16341185569763184,0.08166755220953091,0.0010170340538024902,0.0,0.10344827586206896,-0.10344827586206896,5,5,1.0,0.0,233,233,1.0,0.02575107296137339,372,372,1.0,0.0,0,0,,,0,0,,,0,False,
house_10,link6_sensor_4,link6,610,610,1.0,0.18688524590163935,0.004918032786885246,0.0,0.0,0.0,0.18688524590163935,0.004918032786885246,0.0,0.0,0.5708233542373924,0.12000911097984236,0.29215741604566575,0.5757212042808533,0.7376741081476211,0.16224676370620728,0.06105210075732074,0.0011556744575500488,0.0,0.05172413793103448,-0.05172413793103448,5,5,1.0,0.0,233,233,1.0,0.012875536480686695,372,372,1.0,0.0,0,0,,,0,0,,,0,False,
house_10,link6_sensor_5,link6,610,610,1.0,0.28852459016393445,0.004918032786885246,0.0,0.0,0.0,0.28852459016393445,0.004918032786885246,0.0,0.0,1.2301561937224672,0.6179359021906371,0.26121522188186647,1.5869739055633545,1.758761900663376,0.13353700935840607,0.34214681593189616,0.0014702826738357544,0.005434782608695652,0.0,0.005434782608695652,5,5,1.0,0.0,233,233,1.0,0.004291845493562232,372,372,1.0,0.005376344086021506,0,0,,,0,0,,,0,False,
house_11,link1_sensor_0,link1,149,149,1.0,0.0,0.0,0.0,0.0,0.0,0.0,0.0,0.0,0.0,1.7272211465259526,0.030088438668322837,1.6747420310974122,1.7384178638458252,1.7573635578155518,1.6667184829711914,0.010163523112784692,0.00035500526428222656,0.0,0.0,0.0,7,7,1.0,0.0,105,105,1.0,0.0,37,37,1.0,0.0,0,0,,,0,0,,,0,False,
house_11,link1_sensor_1,link1,149,149,1.0,0.0,0.0,0.0,0.0,0.0,0.0,0.0,0.0,0.0,0.9549981471676154,6.586259819874362e-05,0.9548979997634888,0.9549906253814697,0.9551225543022156,0.9548686742782593,6.728441143243981e-05,4.163384437561035e-05,0.0,0.0,0.0,7,7,1.0,0.0,105,105,1.0,0.0,37,37,1.0,0.0,0,0,,,0,0,,,0,True,extremely_low_frame_to_frame_variation
house_11,link1_sensor_2,link1,149,149,1.0,0.0,0.0,0.0,0.0,0.0,0.0,0.0,0.0,0.0,1.7122821663850105,0.03139831208891875,1.663021206855774,1.7295061349868774,1.7348011493682862,1.662774682044983,0.00916999497055549,4.684925079345703e-05,0.0,0.0,0.0,7,7,1.0,0.0,105,105,1.0,0.0,37,37,1.0,0.0,0,0,,,0,0,,,0,True,extremely_low_frame_to_frame_variation
house_11,link1_sensor_3,link1,149,149,1.0,0.8389261744966443,0.0,0.0,0.0,0.0,0.8389261744966443,0.0,0.0,0.0,0.45164477405132064,0.05161311381940022,0.3702601671218872,0.47194892168045044,0.5078813433647156,0.36665424704551697,0.01913498018168292,0.000577092170715332,0.0,0.0,0.0,7,7,1.0,0.0,105,105,1.0,0.0,37,37,1.0,0.0,0,0,,,0,0,,,0,False,
house_11,link1_sensor_4,link1,149,149,1.0,0.8523489932885906,0.0,0.0,0.0,0.0,0.8523489932885906,0.0,0.0,0.0,0.46076304740553736,0.03519178628261858,0.4058399498462677,0.4703778922557831,0.5041189908981323,0.4021436870098114,0.017793175846781813,0.0006061792373657227,0.0,0.0,0.0,7,7,1.0,0.0,105,105,1.0,0.0,37,37,1.0,0.0,0,0,,,0,0,,,0,False,
house_11,link1_sensor_5,link1,149,149,1.0,1.0,1.0,0.0,0.0,0.0,1.0,1.0,0.0,0.0,0.18646731452653872,5.149456601681137e-06,0.18646007478237153,0.18646718561649323,0.1864756464958191,0.18645918369293213,4.742802925683916e-06,3.6507844924926758e-06,1.0,1.0,0.0,7,7,1.0,1.0,105,105,1.0,1.0,37,37,1.0,1.0,0,0,,,0,0,,,2,True,activation_lt_0_20m_close_to_1;extremely_low_frame_to_frame_variation
house_11,link1_sensor_6,link1,149,149,1.0,0.0,0.0,0.0,0.0,0.0,0.0,0.0,0.0,0.0,1.757875415302763,0.03239839008403638,1.7093019008636474,1.7699662446975708,1.7919345140457152,1.6950490474700928,0.009846232200784557,0.0007017254829406738,0.0,0.0,0.0,7,7,1.0,0.0,105,105,1.0,0.0,37,37,1.0,0.0,0,0,,,0,0,,,0,False,
house_11,link2_sensor_0,link2,149,149,1.0,0.0,0.0,0.0,0.0,0.0,0.0,0.0,0.0,0.0,1.2821410526365242,0.04233150285760432,1.2242875576019288,1.2860078811645508,1.3329894304275514,1.1940511465072632,0.03200847819125657,0.0015141963958740234,0.0,0.0,0.0,7,7,1.0,0.0,105,105,1.0,0.0,37,37,1.0,0.0,0,0,,,0,0,,,0,False,
house_11,link2_sensor_1,link2,149,149,1.0,0.0,0.0,0.0,0.0,0.0,0.0,0.0,0.0,0.0,1.5983036524497423,0.02943501072560981,1.5755042552947998,1.582732915878296,1.6461141586303711,1.5637776851654053,0.008803126349390393,0.0001016855239868164,0.0,0.0,0.0,7,7,1.0,0.0,105,105,1.0,0.0,37,37,1.0,0.0,0,0,,,0,0,,,0,False,
house_11,link2_sensor_2,link2,149,149,1.0,0.0,0.0,0.0,0.0,0.0,0.0,0.0,0.0,0.0,1.095756378749873,0.2798172193016278,0.7517216205596924,0.9938851594924927,1.5420995712280272,0.738353967666626,0.13286486863073924,0.0030372142791748047,0.0,0.0,0.0,7,7,1.0,0.0,105,105,1.0,0.0,37,37,1.0,0.0,0,0,,,0,0,,,0,False,
house_11,link2_sensor_3,link2,149,149,1.0,0.19463087248322147,0.0,0.0,0.0,0.0,0.19463087248322147,0.0,0.0,0.0,0.5870699798500778,0.18652205835945052,0.487147057056427,0.532561182975769,0.6720002889633179,0.43377551436424255,0.05530502943585366,0.001117110252380371,0.0,0.0,0.0,7,7,1.0,0.0,105,105,1.0,0.0,37,37,1.0,0.0,0,0,,,0,0,,,0,False,
house_11,link2_sensor_4,link2,149,149,1.0,0.006711409395973154,0.0,0.0,0.0,0.0,0.006711409395973154,0.0,0.0,0.0,1.1500245744750004,0.4834040654393102,0.5151453256607056,1.5891084671020508,1.6701217651367188,0.4903488755226135,0.44193818244769273,0.0014209747314453125,0.0,0.0,0.0,7,7,1.0,0.0,105,105,1.0,0.0,37,37,1.0,0.0,0,0,,,0,0,,,0,False,
house_11,link2_sensor_5,link2,149,149,1.0,0.0,0.0,0.0,0.0,0.0,0.0,0.0,0.0,0.0,1.534001248394883,0.46148148538379935,0.7315455794334411,1.7801790237426758,1.9131606340408325,0.6126726865768433,0.16435368140947773,0.0003802776336669922,0.0,0.0,0.0,7,7,1.0,0.0,105,105,1.0,0.0,37,37,1.0,0.0,0,0,,,0,0,,,0,False,
house_11,link2_sensor_6,link2,149,149,1.0,0.0,0.0,0.0,0.0,0.0,0.0,0.0,0.0,0.0,0.7367478489075732,0.024883904535946213,0.7076239585876465,0.7239556312561035,0.7754048109054565,0.7069641351699829,0.013262367392383713,0.0005128979682922363,0.0,0.0,0.0,7,7,1.0,0.0,105,105,1.0,0.0,37,37,1.0,0.0,0,0,,,0,0,,,0,False,
house_11,link3_sensor_0,link3,149,149,1.0,0.3825503355704698,0.0,0.0,0.0,0.0,0.3825503355704698,0.0,0.0,0.0,0.6362342472444444,0.19106969305094085,0.45362443327903745,0.5077242255210876,0.8925666689872742,0.45051664113998413,0.15455871724357179,0.0004412531852722168,0.0,0.0,0.0,7,7,1.0,0.0,105,105,1.0,0.0,37,37,1.0,0.0,0,0,,,0,0,,,0,False,
house_11,link3_sensor_1,link3,149,149,1.0,0.28187919463087246,0.0,0.0,0.0,0.0,0.28187919463087246,0.0,0.0,0.0,0.8979820335071358,0.5283483637887663,0.3941581606864929,0.6033921837806702,1.6655236959457398,0.3713318705558777,0.1695637648854388,0.0009047985076904297,0.0,0.0,0.0,7,7,1.0,0.0,105,105,1.0,0.0,37,37,1.0,0.0,0,0,,,0,0,,,0,False,
house_11,link3_sensor_2,link3,149,149,1.0,0.7516778523489933,0.0,0.0,0.0,0.0,0.7516778523489933,0.0,0.0,0.0,0.5201790604815386,0.26359356665622047,0.3630415380001068,0.45290035009384155,0.7539324045181274,0.3130539655685425,0.09984731778341269,0.002250105142593384,0.0,0.0,0.0,7,7,1.0,0.0,105,105,1.0,0.0,37,37,1.0,0.0,0,0,,,0,0,,,0,False,
house_11,link3_sensor_3,link3,149,149,1.0,0.5033557046979866,0.03355704697986577,0.0,0.0,0.0,0.5033557046979866,0.03355704697986577,0.0,0.0,0.6059031913544508,0.2385817191842013,0.2511843651533127,0.49940183758735657,0.9815603494644165,0.11148948967456818,0.11689323729006926,0.0005823373794555664,0.03389830508474576,0.03333333333333333,0.0005649717514124297,7,7,1.0,0.0,105,105,1.0,0.047619047619047616,37,37,1.0,0.0,0,0,,,0,0,,,0,False,
house_11,link3_sensor_4,link3,149,149,1.0,0.06711409395973154,0.0,0.0,0.0,0.0,0.06711409395973154,0.0,0.0,0.0,1.3922724391790045,0.5164423107773454,0.47506038546562196,1.6886967420578003,1.7350003004074097,0.3946143388748169,0.17910541620067882,0.0004715919494628906,0.0,0.0,0.0,7,7,1.0,0.0,105,105,1.0,0.0,37,37,1.0,0.0,0,0,,,0,0,,,0,False,
house_11,link4_sensor_0,link4,149,149,1.0,0.5100671140939598,0.0,0.0,0.0,0.0,0.5100671140939598,0.0,0.0,0.0,0.8071195695224225,0.4883231056840208,0.4260439097881317,0.49414899945259094,1.5182154893875122,0.4184659421443939,0.4511457517127852,0.000990450382232666,0.0,0.0,0.0,7,7,1.0,0.0,105,105,1.0,0.0,37,37,1.0,0.0,0,0,,,0,0,,,0,False,
house_11,link4_sensor_1,link4,149,149,1.0,0.11409395973154363,0.0,0.0,0.0,0.0,0.11409395973154363,0.0,0.0,0.0,0.9102270305156708,0.516766425924154,0.4898229718208313,0.5478674173355103,1.6398656845092774,0.32786548137664795,0.13669710633246152,0.0006374120712280273,0.0,0.0,0.0,7,7,1.0,0.0,105,105,1.0,0.0,37,37,1.0,0.0,0,0,,,0,0,,,0,False,
house_11,link4_sensor_2,link4,149,149,1.0,0.348993288590604,0.0,0.0,0.0,0.0,0.348993288590604,0.0,0.0,0.0,0.5986199410969779,0.22819591341029083,0.4503495991230011,0.5296404957771301,1.2109316349029502,0.32623445987701416,0.09752176290725573,0.0034503936767578125,0.0,0.0,0.0,7,7,1.0,0.0,105,105,1.0,0.0,37,37,1.0,0.0,0,0,,,0,0,,,0,False,
house_11,link4_sensor_3,link4,149,149,1.0,0.04697986577181208,0.0,0.0,0.0,0.0,0.04697986577181208,0.0,0.0,0.0,0.9851384808953176,0.30817239299415217,0.513852596282959,1.1975798606872559,1.2867335081100464,0.35104450583457947,0.2919410974370759,0.0020427703857421875,0.0,0.0,0.0,7,7,1.0,0.0,105,105,1.0,0.0,37,37,1.0,0.0,0,0,,,0,0,,,0,False,
house_11,link4_sensor_4,link4,149,149,1.0,0.0,0.0,0.0,0.0,0.0,0.0,0.0,0.0,0.0,1.7621305252881658,0.04671333437968281,1.6974018573760987,1.757203221321106,1.8289687633514404,1.6964516639709473,0.01440196827511997,0.0005559921264648438,0.0,0.0,0.0,7,7,1.0,0.0,105,105,1.0,0.0,37,37,1.0,0.0,0,0,,,0,0,,,0,False,
house_11,link5_back_sensor_0,link5,149,149,1.0,0.0,0.0,0.0,0.0,0.0,0.0,0.0,0.0,0.0,1.8556342660980736,0.09848396067551421,1.7292930126190185,1.8620980978012085,1.9809053421020508,1.7276976108551025,0.034088242282471315,0.0025482177734375,0.0,0.0,0.0,7,7,1.0,0.0,105,105,1.0,0.0,37,37,1.0,0.0,0,0,,,0,0,,,0,False,
house_11,link5_back_sensor_1,link5,149,149,1.0,0.0,0.0,0.0,0.0,0.0,0.0,0.0,0.0,0.0,2.0014786872287726,0.06995089899642189,1.8906699895858765,2.011178731918335,2.0994559288024903,1.748573899269104,0.05709449601170844,0.002256631851196289,0.0,0.0,0.0,7,7,1.0,0.0,105,105,1.0,0.0,37,37,1.0,0.0,0,0,,,0,0,,,0,False,
house_11,link5_back_sensor_2,link5,149,149,1.0,0.35570469798657717,0.14093959731543623,0.0,0.0,0.0,0.35570469798657717,0.14093959731543623,0.0,0.0,0.9689439773659578,0.6496249266706913,0.15212876796722413,1.5404881238937378,1.6850056171417236,0.10994703322649002,0.5585160837519069,0.002451598644256592,0.3389830508474576,0.011111111111111112,0.3278719397363465,7,7,1.0,0.0,105,105,1.0,0.009523809523809525,37,37,1.0,0.5405405405405406,0,0,,,0,0,,,1,False,
house_11,link5_back_sensor_3,link5,149,149,1.0,0.0,0.0,0.0,0.0,0.0,0.0,0.0,0.0,0.0,1.8143065015741642,0.17245104178576118,1.572686505317688,1.7296419143676758,2.0625492095947267,1.4633992910385132,0.1275998851202693,0.009398341178894043,0.0,0.0,0.0,7,7,1.0,0.0,105,105,1.0,0.0,37,37,1.0,0.0,0,0,,,0,0,,,0,False,
house_11,link5_back_sensor_4,link5,149,149,1.0,0.8926174496644296,0.16778523489932887,0.026845637583892617,0.0,0.0,0.8926174496644296,0.16778523489932887,0.026845637583892617,0.0,0.32090521778836345,0.21224917602428767,0.1232997789978981,0.25907403230667114,0.6386706948280331,0.05246848613023758,0.1312660540996014,0.0020772218704223633,0.423728813559322,0.0,0.423728813559322,7,7,1.0,0.0,105,105,1.0,0.009523809523809525,37,37,1.0,0.6486486486486487,0,0,,,0,0,,,1,False,
house_11,link5_back_sensor_5,link5,149,149,1.0,0.6040268456375839,0.3288590604026846,0.28187919463087246,0.10738255033557047,0.10738255033557047,0.6040268456375839,0.3288590604026846,0.28187919463087246,0.10738255033557047,0.7181366058879051,0.6990962829623467,0.03473531231284142,0.27299678325653076,1.7087650537490844,0.012170993722975254,0.45744272554525367,0.005111217498779297,0.7457627118644068,0.05555555555555555,0.6902071563088512,7,7,1.0,0.14285714285714285,105,105,1.0,0.10476190476190476,37,37,1.0,1.0,0,0,,,0,0,,,1,False,
house_11,link5_front_sensor_0,link5,149,149,1.0,0.006711409395973154,0.0,0.0,0.0,0.0,0.006711409395973154,0.0,0.0,0.0,1.4281927897226092,0.5131232421548858,0.5722887873649597,1.6797683238983154,1.8109716415405273,0.35779568552970886,0.1853812975991749,0.002356410026550293,0.0,0.0,0.0,7,7,1.0,0.0,105,105,1.0,0.0,37,37,1.0,0.0,0,0,,,0,0,,,0,False,
house_11,link5_front_sensor_1,link5,149,149,1.0,0.0,0.0,0.0,0.0,0.0,0.0,0.0,0.0,0.0,2.06380372479458,0.12472115048595075,1.845609450340271,2.0861666202545166,2.182886838912964,1.4989964962005615,0.04078709516172291,0.0036132335662841797,0.0,0.0,0.0,7,7,1.0,0.0,105,105,1.0,0.0,37,37,1.0,0.0,0,0,,,0,0,,,0,False,
house_11,link5_front_sensor_2,link5,149,149,1.0,0.0,0.0,0.0,0.0,0.0,0.0,0.0,0.0,0.0,2.0271777666655164,0.11584690983712315,1.8589114904403687,2.065941095352173,2.1576154708862303,1.518435001373291,0.06368001257776224,0.009800434112548828,0.0,0.0,0.0,7,7,1.0,0.0,105,105,1.0,0.0,37,37,1.0,0.0,0,0,,,0,0,,,0,False,
house_11,link5_front_sensor_3,link5,149,149,1.0,0.4563758389261745,0.0,0.0,0.0,0.0,0.4563758389261745,0.0,0.0,0.0,0.7523217839282631,0.3627488525245912,0.3278208255767822,0.52838134765625,1.2150349617004395,0.31260693073272705,0.21722661460571455,0.003099396824836731,0.0,0.0,0.0,7,7,1.0,0.0,105,105,1.0,0.0,37,37,1.0,0.0,0,0,,,0,0,,,0,False,
house_11,link6_sensor_0,link6,149,149,1.0,0.5704697986577181,0.28187919463087246,0.15436241610738255,0.0,0.0,0.5704697986577181,0.28187919463087246,0.15436241610738255,0.0,0.45170973636359973,0.23635363602269865,0.07654437273740769,0.48950591683387756,0.7262211441993713,0.07152874022722244,0.026559681304169705,0.0008286088705062866,0.0,0.4666666666666667,-0.4666666666666667,7,7,1.0,0.42857142857142855,105,105,1.0,0.37142857142857144,37,37,1.0,0.0,0,0,,,0,0,,,1,False,
house_11,link6_sensor_1,link6,149,149,1.0,0.6845637583892618,0.2684563758389262,0.06711409395973154,0.0,0.0,0.6845637583892618,0.2684563758389262,0.06711409395973154,0.0,0.7155388680930506,0.6680578264174475,0.090855772793293,0.380623459815979,1.7563889503479004,0.05239850655198097,0.6415320434501341,0.003472268581390381,0.6610169491525424,0.011111111111111112,0.6499058380414313,7,7,1.0,0.0,105,105,1.0,0.02857142857142857,37,37,1.0,1.0,0,0,,,0,0,,,1,False,
house_11,link6_sensor_2,link6,149,149,1.0,1.0,0.4563758389261745,0.04697986577181208,0.0,0.0,1.0,0.4563758389261745,0.04697986577181208,0.0,0.24536367615797378,0.11534319888880101,0.10422200560569764,0.24800099432468414,0.37756624817848206,0.09520499408245087,0.059007562737382495,0.0009100288152694702,0.0,0.7555555555555555,-0.7555555555555555,7,7,1.0,1.0,105,105,1.0,0.580952380952381,37,37,1.0,0.0,0,0,,,0,0,,,1,False,
house_11,link6_sensor_3,link6,149,149,1.0,0.7718120805369127,0.04697986577181208,0.0,0.0,0.0,0.7718120805369127,0.04697986577181208,0.0,0.0,0.3935792260121979,0.14306827219229706,0.22925906181335448,0.4349357783794403,0.6217342138290405,0.14702273905277252,0.06381428578705498,0.0012464076280593872,0.0,0.07777777777777778,-0.07777777777777778,7,7,1.0,0.0,105,105,1.0,0.06666666666666667,37,37,1.0,0.0,0,0,,,0,0,,,0,False,
house_11,link6_sensor_4,link6,149,149,1.0,0.020134228187919462,0.0,0.0,0.0,0.0,0.020134228187919462,0.0,0.0,0.0,0.629074747030367,0.09969126657824709,0.5420782089233398,0.6072955131530762,0.8012543916702269,0.2037314772605896,0.07013339025636679,0.002186417579650879,0.0,0.0,0.0,7,7,1.0,0.0,105,105,1.0,0.0,37,37,1.0,0.0,0,0,,,0,0,,,0,False,
house_11,link6_sensor_5,link6,149,149,1.0,0.006711409395973154,0.0,0.0,0.0,0.0,0.006711409395973154,0.0,0.0,0.0,1.6858058777831544,0.20300900973456712,1.4668314456939697,1.7359280586242676,1.887546181678772,0.31503990292549133,0.16690187107262344,0.0024764537811279297,0.0,0.0,0.0,7,7,1.0,0.0,105,105,1.0,0.0,37,37,1.0,0.0,0,0,,,0,0,,,0,False,
house_12,link1_sensor_0,link1,685,685,1.0,0.0,0.0,0.0,0.0,0.0,0.0,0.0,0.0,0.0,1.7182097854405425,0.03343588835298635,1.6687483072280884,1.7163509130477905,1.760483121871948,1.6389249563217163,0.013375331812286928,0.0004462897777557373,0.0,0.0,0.0,19,19,1.0,0.0,330,330,1.0,0.0,336,336,1.0,0.0,0,0,,,0,0,,,0,False,
house_12,link1_sensor_1,link1,685,685,1.0,0.0,0.0,0.0,0.0,0.0,0.0,0.0,0.0,0.0,0.9549900362961484,5.770201460530711e-05,0.9549086093902588,0.9549814462661743,0.9550882577896118,0.9548509120941162,5.2906368695718404e-05,3.9905309677124023e-05,0.0,0.0,0.0,19,19,1.0,0.0,330,330,1.0,0.0,336,336,1.0,0.0,0,0,,,0,0,,,0,True,extremely_low_frame_to_frame_variation
house_12,link1_sensor_2,link1,685,685,1.0,0.0,0.0,0.0,0.0,0.0,0.0,0.0,0.0,0.0,1.7148594776209254,0.039202031899116974,1.6776458978652955,1.706069827079773,1.7701930046081542,1.652755618095398,0.009566775385146165,0.00019484758377075195,0.0,0.0,0.0,19,19,1.0,0.0,330,330,1.0,0.0,336,336,1.0,0.0,0,0,,,0,0,,,0,False,
house_12,link1_sensor_3,link1,685,685,1.0,0.5343065693430656,0.0,0.0,0.0,0.0,0.5343065693430656,0.0,0.0,0.0,0.6680744057154132,0.43276048048457594,0.35450347065925597,0.4946836531162262,1.6608330488204956,0.34589070081710815,0.0735674885646013,0.0005330666899681091,0.0,0.0,0.0,19,19,1.0,0.0,330,330,1.0,0.0,336,336,1.0,0.0,0,0,,,0,0,,,0,False,
house_12,link1_sensor_4,link1,685,685,1.0,0.5357664233576642,0.0,0.0,0.0,0.0,0.5357664233576642,0.0,0.0,0.0,0.5365707350908405,0.13362638271092347,0.3897919893264771,0.4917363226413727,0.766038715839386,0.3819649815559387,0.03948716231840253,0.0008069723844528198,0.0,0.0,0.0,19,19,1.0,0.0,330,330,1.0,0.0,336,336,1.0,0.0,0,0,,,0,0,,,0,False,
house_12,link1_sensor_5,link1,685,685,1.0,1.0,1.0,0.0,0.0,0.0,1.0,1.0,0.0,0.0,0.18646570476737334,4.528137260253641e-06,0.18645967841148375,0.18646501004695892,0.18647409081459046,0.18645894527435303,4.465504918105293e-06,3.28943133354187e-06,1.0,1.0,0.0,19,19,1.0,1.0,330,330,1.0,1.0,336,336,1.0,1.0,0,0,,,0,0,,,3,True,activation_lt_0_20m_close_to_1;extremely_low_frame_to_frame_variation
house_12,link1_sensor_6,link1,685,685,1.0,0.0,0.0,0.0,0.0,0.0,0.0,0.0,0.0,0.0,1.699695546609642,0.04157515359419693,1.6277962446212768,1.6985629796981812,1.7726078748703002,1.6243138313293457,0.013793295410252676,0.0004743039608001709,0.0,0.0,0.0,19,19,1.0,0.0,330,330,1.0,0.0,336,336,1.0,0.0,0,0,,,0,0,,,0,False,
house_12,link2_sensor_0,link2,685,685,1.0,0.0072992700729927005,0.0,0.0,0.0,0.0,0.0072992700729927005,0.0,0.0,0.0,1.2699506057874999,0.18529640932530153,0.7507530570030212,1.3019894361495972,1.4392542123794554,0.4559049904346466,0.06851686263980265,0.0035578012466430664,0.0,0.0,0.0,19,19,1.0,0.0,330,330,1.0,0.0,336,336,1.0,0.0,0,0,,,0,0,,,0,False,
house_12,link2_sensor_1,link2,685,685,1.0,0.0,0.0,0.0,0.0,0.0,0.0,0.0,0.0,0.0,1.6368816511474387,0.03729671524143762,1.580091166496277,1.6372251510620117,1.7151860475540162,1.5750412940979004,0.011136533636126489,0.00026106834411621094,0.0,0.0,0.0,19,19,1.0,0.0,330,330,1.0,0.0,336,336,1.0,0.0,0,0,,,0,0,,,0,False,
house_12,link2_sensor_2,link2,685,685,1.0,0.0,0.0,0.0,0.0,0.0,0.0,0.0,0.0,0.0,1.254204907643534,0.29170833835627774,0.7564135074615479,1.4368916749954224,1.569961929321289,0.7405860424041748,0.26936833300118457,0.004128485918045044,0.0,0.0,0.0,19,19,1.0,0.0,330,330,1.0,0.0,336,336,1.0,0.0,0,0,,,0,0,,,0,False,
house_12,link2_sensor_3,link2,685,685,1.0,0.581021897810219,0.010218978102189781,0.004379562043795621,0.0,0.0,0.581021897810219,0.010218978102189781,0.004379562043795621,0.0,0.6080239210794441,0.3879273840323048,0.2860668122768402,0.4680613875389099,1.611541485786438,0.08397737890481949,0.09801438384860409,0.001149699091911316,0.012915129151291513,0.0,0.012915129151291513,19,19,1.0,0.0,330,330,1.0,0.012121212121212121,336,336,1.0,0.008928571428571428,0,0,,,0,0,,,0,False,
house_12,link2_sensor_4,link2,685,685,1.0,0.23065693430656933,0.0,0.0,0.0,0.0,0.23065693430656933,0.0,0.0,0.0,0.8358733751477987,0.48776744223956686,0.4081998825073242,0.5889875292778015,1.6585341453552247,0.31896787881851196,0.42755909568592426,0.0012012869119644165,0.0,0.0,0.0,19,19,1.0,0.0,330,330,1.0,0.0,336,336,1.0,0.0,0,0,,,0,0,,,0,False,
house_12,link2_sensor_5,link2,685,685,1.0,0.0,0.0,0.0,0.0,0.0,0.0,0.0,0.0,0.0,1.336096679903295,0.555194480884119,0.5691686749458313,1.779682993888855,1.931290864944458,0.5077497363090515,0.5018065628082113,0.0029109716415405273,0.0,0.0,0.0,19,19,1.0,0.0,330,330,1.0,0.0,336,336,1.0,0.0,0,0,,,0,0,,,0,False,
house_12,link2_sensor_6,link2,685,685,1.0,0.030656934306569343,0.0,0.0,0.0,0.0,0.030656934306569343,0.0,0.0,0.0,0.7290259091958512,0.08201617150787911,0.5325240015983581,0.7674162983894348,0.7927128672599792,0.413290798664093,0.04222128558697165,0.0007736384868621826,0.0,0.0,0.0,19,19,1.0,0.0,330,330,1.0,0.0,336,336,1.0,0.0,0,0,,,0,0,,,0,False,
house_12,link3_sensor_0,link3,685,685,1.0,0.2583941605839416,0.0,0.0,0.0,0.0,0.2583941605839416,0.0,0.0,0.0,0.7353908978674533,0.20802608511947093,0.4536735832691193,0.8851518630981445,0.9310682654380799,0.44877323508262634,0.1772539142294167,0.0005644261837005615,0.0,0.0,0.0,19,19,1.0,0.0,330,330,1.0,0.0,336,336,1.0,0.0,0,0,,,0,0,,,0,False,
house_12,link3_sensor_1,link3,685,685,1.0,0.1635036496350365,0.0,0.0,0.0,0.0,0.1635036496350365,0.0,0.0,0.0,1.0190805717976426,0.5438338884050613,0.3537393569946289,0.6944327354431152,1.695104146003723,0.26695650815963745,0.26637836519282154,0.0022190064191818237,0.0,0.0,0.0,19,19,1.0,0.0,330,330,1.0,0.0,336,336,1.0,0.0,0,0,,,0,0,,,0,False,
house_12,link3_sensor_2,link3,685,685,1.0,0.8291970802919708,0.0,0.0,0.0,0.0,0.8291970802919708,0.0,0.0,0.0,0.46235439977506654,0.21716590263511806,0.33220959901809693,0.40751102566719055,0.6442979454994201,0.269968718290329,0.07874896333860816,0.0018041059374809265,0.0,0.0,0.0,19,19,1.0,0.0,330,330,1.0,0.0,336,336,1.0,0.0,0,0,,,0,0,,,0,False,
house_12,link3_sensor_3,link3,685,685,1.0,0.3167883211678832,0.030656934306569343,0.008759124087591242,0.00291970802919708,0.00291970802919708,0.3167883211678832,0.030656934306569343,0.008759124087591242,0.00291970802919708,0.7280807217977342,0.24353405206777903,0.440509045124054,0.9083313941955566,0.9771632671356201,0.036974381655454636,0.21721218871614964,0.0014407336711883545,0.023985239852398525,0.055944055944055944,-0.03195881609165742,19,19,1.0,0.05263157894736842,330,330,1.0,0.06060606060606061,336,336,1.0,0.0,0,0,,,0,0,,,0,False,
house_12,link3_sensor_4,link3,685,685,1.0,0.12116788321167883,0.0,0.0,0.0,0.0,0.12116788321167883,0.0,0.0,0.0,1.5158159417392563,0.42991731223127594,0.39651270508766173,1.6732206344604492,1.7427725076675415,0.31735724210739136,0.16193185962236123,0.0012017786502838135,0.0,0.0,0.0,19,19,1.0,0.0,330,330,1.0,0.0,336,336,1.0,0.0,0,0,,,0,0,,,0,False,
house_12,link4_sensor_0,link4,685,685,1.0,0.8452554744525548,0.0,0.0,0.0,0.0,0.8452554744525548,0.0,0.0,0.0,0.5044418250122209,0.24910273650251802,0.4078504145145416,0.4322648346424103,1.4825027227401733,0.32056790590286255,0.24458274778462327,0.0020527541637420654,0.0,0.0,0.0,19,19,1.0,0.0,330,330,1.0,0.0,336,336,1.0,0.0,0,0,,,0,0,,,0,False,
house_12,link4_sensor_1,link4,685,685,1.0,0.5255474452554745,0.0,0.0,0.0,0.0,0.5255474452554745,0.0,0.0,0.0,0.8173836515767731,0.5740814529527692,0.3111758232116699,0.4694043695926666,1.69462993144989,0.2960164546966553,0.24291077897212748,0.0020860061049461365,0.0,0.0,0.0,19,19,1.0,0.0,330,330,1.0,0.0,336,336,1.0,0.0,0,0,,,0,0,,,0,False,
house_12,link4_sensor_2,link4,685,685,1.0,0.6686131386861314,0.0,0.0,0.0,0.0,0.6686131386861314,0.0,0.0,0.0,0.4926662743091583,0.22531712852448124,0.31538795828819277,0.45559582114219666,0.7016320347785949,0.29722660779953003,0.15821274999847817,0.0030809715390205383,0.0,0.0,0.0,19,19,1.0,0.0,330,330,1.0,0.0,336,336,1.0,0.0,0,0,,,0,0,,,0,False,
house_12,link4_sensor_3,link4,685,685,1.0,0.4291970802919708,0.0,0.0,0.0,0.0,0.4291970802919708,0.0,0.0,0.0,0.8220924807290961,0.4344271508286125,0.30642634630203247,0.5992006659507751,1.3398806571960449,0.251970112323761,0.2943261850736146,0.0038125813007354736,0.0,0.0,0.0,19,19,1.0,0.0,330,330,1.0,0.0,336,336,1.0,0.0,0,0,,,0,0,,,0,False,
house_12,link4_sensor_4,link4,685,685,1.0,0.010218978102189781,0.0,0.0,0.0,0.0,0.010218978102189781,0.0,0.0,0.0,1.570733235917822,0.42129178994073546,0.564482843875885,1.734366536140442,1.8458653688430786,0.4546460509300232,0.036338369723753094,0.0017070770263671875,0.0,0.0,0.0,19,19,1.0,0.0,330,330,1.0,0.0,336,336,1.0,0.0,0,0,,,0,0,,,0,False,
house_12,link5_back_sensor_0,link5,685,685,1.0,0.013138686131386862,0.0,0.0,0.0,0.0,0.013138686131386862,0.0,0.0,0.0,1.8592804324017822,0.27461650851779024,1.3931981325149536,1.881546974182129,2.162774419784546,0.32274067401885986,0.1391844048317758,0.0018775761127471924,0.0,0.0,0.0,19,19,1.0,0.0,330,330,1.0,0.0,336,336,1.0,0.0,0,0,,,0,0,,,0,False,
house_12,link5_back_sensor_1,link5,685,685,1.0,0.0,0.0,0.0,0.0,0.0,0.0,0.0,0.0,0.0,2.0065207129847393,0.1854088267504412,1.6949255466461182,2.034048318862915,2.1959691524505613,1.152187705039978,0.06952236250571447,0.003855109214782715,0.0,0.0,0.0,19,19,1.0,0.0,330,330,1.0,0.0,336,336,1.0,0.0,0,0,,,0,0,,,0,False,
house_12,link5_back_sensor_2,link5,685,685,1.0,0.4467153284671533,0.10802919708029197,0.021897810218978103,0.00145985401459854,0.00145985401459854,0.4467153284671533,0.10802919708029197,0.021897810218978103,0.00145985401459854,0.9586016500191966,0.669509568525372,0.12547482550144196,1.4970829486846924,1.6848604202270507,0.048081159591674805,0.5746744046956951,0.0030827298760414124,0.12730627306273062,0.03496503496503497,0.09234123809769565,19,19,1.0,0.05263157894736842,330,330,1.0,0.051515151515151514,336,336,1.0,0.16666666666666666,0,0,,,0,0,,,0,False,
house_12,link5_back_sensor_3,link5,685,685,1.0,0.0,0.0,0.0,0.0,0.0,0.0,0.0,0.0,0.0,1.7688302353350784,0.29253403625059937,1.2077041864395142,1.7918622493743896,2.1398957729339596,0.6624992489814758,0.14115515674619156,0.008455455303192139,0.0,0.0,0.0,19,19,1.0,0.0,330,330,1.0,0.0,336,336,1.0,0.0,0,0,,,0,0,,,0,False,
house_12,link5_back_sensor_4,link5,685,685,1.0,0.9824817518248176,0.5065693430656935,0.39854014598540144,0.10364963503649635,0.10364963503649635,0.9824817518248176,0.5065693430656935,0.39854014598540144,0.10364963503649635,0.22001537431276194,0.16422737505980148,0.03655524477362633,0.18027110397815704,0.4440957069396965,0.012140302918851376,0.13098052247054637,0.0018057445995509624,0.5885608856088561,0.1958041958041958,0.3927566898046603,19,19,1.0,0.5263157894736842,330,330,1.0,0.22727272727272727,336,336,1.0,0.7797619047619048,0,0,,,0,0,,,3,False,
house_12,link5_back_sensor_5,link5,685,685,1.0,0.8554744525547445,0.6364963503649635,0.19854014598540146,0.02335766423357664,0.02335766423357664,0.8554744525547445,0.6364963503649635,0.19854014598540146,0.02335766423357664,0.3631408783029357,0.47387838893760315,0.07241133898496628,0.14826463162899017,1.5720839977264405,0.012140302918851376,0.2039923939433405,0.0035630017518997192,0.6236162361623616,0.6853146853146853,-0.0616984491523237,19,19,1.0,0.8421052631578947,330,330,1.0,0.4727272727272727,336,336,1.0,0.7857142857142857,0,0,,,0,0,,,3,False,
house_12,link5_front_sensor_0,link5,685,685,1.0,0.43795620437956206,0.0,0.0,0.0,0.0,0.43795620437956206,0.0,0.0,0.0,1.0277850134964408,0.6474516646182193,0.29123981595039367,0.5775431394577026,1.7846539735794067,0.2793087661266327,0.425017256013419,0.0024515092372894287,0.0,0.0,0.0,19,19,1.0,0.0,330,330,1.0,0.0,336,336,1.0,0.0,0,0,,,0,0,,,0,False,
house_12,link5_front_sensor_1,link5,685,685,1.0,0.0,0.0,0.0,0.0,0.0,0.0,0.0,0.0,0.0,2.085914654105249,0.18608898406947302,1.6140825986862182,2.1304073333740234,2.301084518432617,1.4187614917755127,0.12732553394524532,0.006799936294555664,0.0,0.0,0.0,19,19,1.0,0.0,330,330,1.0,0.0,336,336,1.0,0.0,0,0,,,0,0,,,0,False,
house_12,link5_front_sensor_2,link5,685,685,1.0,0.0,0.0,0.0,0.0,0.0,0.0,0.0,0.0,0.0,2.036354382803841,0.2609973860077094,1.4494697332382203,2.1295738220214844,2.2438435554504395,0.7762423157691956,0.1395766747091297,0.008900463581085205,0.0,0.0,0.0,19,19,1.0,0.0,330,330,1.0,0.0,336,336,1.0,0.0,0,0,,,0,0,,,0,False,
house_12,link5_front_sensor_3,link5,685,685,1.0,0.5664233576642336,0.00291970802919708,0.0,0.0,0.0,0.5664233576642336,0.00291970802919708,0.0,0.0,0.630195324068522,0.33990370800284714,0.30695263147354124,0.4054313898086548,1.1846266508102417,0.14862628281116486,0.26640421687674365,0.0024605095386505127,0.0,0.013986013986013986,-0.013986013986013986,19,19,1.0,0.0,330,330,1.0,0.006060606060606061,336,336,1.0,0.0,0,0,,,0,0,,,0,False,
house_12,link6_sensor_0,link6,685,685,1.0,0.40875912408759124,0.017518248175182483,0.0,0.0,0.0,0.40875912408759124,0.017518248175182483,0.0,0.0,0.4843324188985964,0.1660748253603752,0.2050381451845169,0.5729169249534607,0.6970262050628662,0.12435436248779297,0.07811221903604754,0.0006789006292819977,0.0,0.08391608391608392,-0.08391608391608392,19,19,1.0,0.05263157894736842,330,330,1.0,0.03333333333333333,336,336,1.0,0.0,0,0,,,0,0,,,0,False,
house_12,link6_sensor_1,link6,685,685,1.0,0.7313868613138687,0.5167883211678832,0.22189781021897811,0.051094890510948905,0.051094890510948905,0.7313868613138687,0.5167883211678832,0.22189781021897811,0.051094890510948905,0.5511977332066338,0.6640734768375226,0.04990675449371338,0.19372381269931793,1.728509259223938,0.012727201916277409,0.45904066053711745,0.005401941016316414,0.6365313653136532,0.06293706293706294,0.5735943023765903,19,19,1.0,0.2631578947368421,330,330,1.0,0.21818181818181817,336,336,1.0,0.8244047619047619,0,0,,,0,0,,,3,False,
house_12,link6_sensor_2,link6,685,685,1.0,0.8116788321167884,0.21021897810218979,0.051094890510948905,0.032116788321167884,0.032116788321167884,0.8116788321167884,0.21021897810218979,0.051094890510948905,0.032116788321167884,0.34115133932689684,0.1579260951505504,0.09257339537143712,0.3961677849292755,0.5831470966339112,0.017801601439714432,0.07960025611587027,0.0014638751745224,0.12915129151291513,0.5174825174825175,-0.38833122596960234,19,19,1.0,0.3684210526315789,330,330,1.0,0.2878787878787879,336,336,1.0,0.125,0,0,,,0,0,,,2,False,
house_12,link6_sensor_3,link6,685,685,1.0,0.6817518248175183,0.2686131386861314,0.02335766423357664,0.01167883211678832,0.01167883211678832,0.6817518248175183,0.2686131386861314,0.02335766423357664,0.01167883211678832,0.3721867421084512,0.19633990893938422,0.13874771893024446,0.3321130871772766,0.7089378952980041,0.034878019243478775,0.07884068645582024,0.001039162278175354,0.24907749077490776,0.34265734265734266,-0.0935798518824349,19,19,1.0,0.3684210526315789,330,330,1.0,0.24848484848484848,336,336,1.0,0.28273809523809523,0,0,,,0,0,,,3,False,
house_12,link6_sensor_4,link6,685,685,1.0,0.4058394160583942,0.00583941605839416,0.0,0.0,0.0,0.4058394160583942,0.00583941605839416,0.0,0.0,0.5149364122074016,0.14297650316377974,0.2916062116622925,0.5466104745864868,0.7762786388397216,0.15708430111408234,0.11994598917740287,0.001609891653060913,0.0,0.027972027972027972,-0.027972027972027972,19,19,1.0,0.05263157894736842,330,330,1.0,0.00909090909090909,336,336,1.0,0.0,0,0,,,0,0,,,0,False,
house_12,link6_sensor_5,link6,685,685,1.0,0.41021897810218977,0.06277372262773723,0.00145985401459854,0.0,0.0,0.41021897810218977,0.06277372262773723,0.00145985401459854,0.0,1.0359518542341941,0.7012291966111085,0.18992302417755128,1.5066009759902954,1.819563341140747,0.09270220249891281,0.5022822930910424,0.004578202962875366,0.07933579335793357,0.0,0.07933579335793357,19,19,1.0,0.05263157894736842,330,330,1.0,0.012121212121212121,336,336,1.0,0.1130952380952381,0,0,,,0,0,,,0,False,
house_13,link1_sensor_0,link1,726,726,1.0,0.0,0.0,0.0,0.0,0.0,0.0,0.0,0.0,0.0,1.7331425925260076,0.03205944824892911,1.665154606103897,1.7413334250450134,1.7757560312747955,1.6523675918579102,0.017504096181890208,0.000596463680267334,0.0,0.0,0.0,9,9,1.0,0.0,307,307,1.0,0.0,410,410,1.0,0.0,0,0,,,0,0,,,0,False,
house_13,link1_sensor_1,link1,726,726,1.0,0.0,0.0,0.0,0.0,0.0,0.0,0.0,0.0,0.0,0.954987381608033,5.9136832763578735e-05,0.9549034982919693,0.9549790620803833,0.9550946354866028,0.9548588395118713,5.488437781307474e-05,3.363192081451416e-05,0.0,0.0,0.0,9,9,1.0,0.0,307,307,1.0,0.0,410,410,1.0,0.0,0,0,,,0,0,,,0,True,extremely_low_frame_to_frame_variation
house_13,link1_sensor_2,link1,726,726,1.0,0.0,0.0,0.0,0.0,0.0,0.0,0.0,0.0,0.0,1.718315803971829,0.04402323884857411,1.663225144147873,1.7169694900512695,1.8053477108478546,1.6545323133468628,0.010520092401812859,0.0002288520336151123,0.0,0.0,0.0,9,9,1.0,0.0,307,307,1.0,0.0,410,410,1.0,0.0,0,0,,,0,0,,,0,False,
house_13,link1_sensor_3,link1,726,726,1.0,0.4738292011019284,0.0,0.0,0.0,0.0,0.4738292011019284,0.0,0.0,0.0,0.6456790084106534,0.37212357607499846,0.3784979581832886,0.5121257901191711,1.6623381078243256,0.3619149923324585,0.17087707145916975,0.0008318275213241577,0.0,0.0,0.0,9,9,1.0,0.0,307,307,1.0,0.0,410,410,1.0,0.0,0,0,,,0,0,,,0,False,
house_13,link1_sensor_4,link1,726,726,1.0,0.4834710743801653,0.0,0.0,0.0,0.0,0.4834710743801653,0.0,0.0,0.0,0.5289910105634327,0.08917837407289134,0.41443925350904465,0.5068599879741669,0.6974219679832458,0.3974074721336365,0.04980849367317788,0.0008278340101242065,0.0,0.0,0.0,9,9,1.0,0.0,307,307,1.0,0.0,410,410,1.0,0.0,0,0,,,0,0,,,0,False,
house_13,link1_sensor_5,link1,726,726,1.0,1.0,1.0,0.0,0.0,0.0,1.0,1.0,0.0,0.0,0.1864654928158466,4.548379531411776e-06,0.18645981326699257,0.1864645630121231,0.1864737570285797,0.1864587515592575,3.6584687127725345e-06,2.3245811462402344e-06,1.0,1.0,0.0,9,9,1.0,1.0,307,307,1.0,1.0,410,410,1.0,1.0,0,0,,,0,0,,,2,True,activation_lt_0_20m_close_to_1;extremely_low_frame_to_frame_variation
house_13,link1_sensor_6,link1,726,726,1.0,0.0,0.0,0.0,0.0,0.0,0.0,0.0,0.0,0.0,1.7062055107318992,0.045748298551991855,1.6353879570960999,1.7015796303749084,1.780470758676529,1.634756326675415,0.013111636684046492,0.0006107687950134277,0.0,0.0,0.0,9,9,1.0,0.0,307,307,1.0,0.0,410,410,1.0,0.0,0,0,,,0,0,,,0,False,
house_13,link2_sensor_0,link2,726,726,1.0,0.004132231404958678,0.0,0.0,0.0,0.0,0.004132231404958678,0.0,0.0,0.0,1.2851943322778077,0.12811036621415117,1.166408747434616,1.2819860577583313,1.4669674336910248,0.46022269129753113,0.07547211782439894,0.005449205636978149,0.0,0.0,0.0,9,9,1.0,0.0,307,307,1.0,0.0,410,410,1.0,0.0,0,0,,,0,0,,,0,False,
house_13,link2_sensor_1,link2,726,726,1.0,0.0,0.0,0.0,0.0,0.0,0.0,0.0,0.0,0.0,1.6275168321513607,0.07395177373287252,1.5763825178146362,1.6379812955856323,1.6918169856071472,0.7409549951553345,0.012407195260354296,0.00036716461181640625,0.0,0.0,0.0,9,9,1.0,0.0,307,307,1.0,0.0,410,410,1.0,0.0,0,0,,,0,0,,,0,False,
house_13,link2_sensor_2,link2,726,726,1.0,0.0,0.0,0.0,0.0,0.0,0.0,0.0,0.0,0.0,1.2935870859576981,0.3135980648884621,0.7604318857192993,1.4568482637405396,1.7134195268154144,0.7396358251571655,0.2978137125537702,0.0062353163957595825,0.0,0.0,0.0,9,9,1.0,0.0,307,307,1.0,0.0,410,410,1.0,0.0,0,0,,,0,0,,,0,False,
house_13,link2_sensor_3,link2,726,726,1.0,0.768595041322314,0.045454545454545456,0.004132231404958678,0.0,0.0,0.768595041322314,0.045454545454545456,0.004132231404958678,0.0,0.47286002299961305,0.25204694673202294,0.21419773995876312,0.43928222358226776,0.9353471994400024,0.07903862744569778,0.08030423783124699,0.0012299492955207825,0.06762295081967214,0.0,0.06762295081967214,9,9,1.0,0.1111111111111111,307,307,1.0,0.04234527687296417,410,410,1.0,0.046341463414634146,0,0,,,0,0,,,0,False,
house_13,link2_sensor_4,link2,726,726,1.0,0.44214876033057854,0.0,0.0,0.0,0.0,0.44214876033057854,0.0,0.0,0.0,0.712278367320368,0.4466950024813744,0.3884956017136574,0.5160129964351654,1.6810437738895416,0.3076227605342865,0.4423347249345271,0.0009783059358596802,0.0,0.0,0.0,9,9,1.0,0.0,307,307,1.0,0.0,410,410,1.0,0.0,0,0,,,0,0,,,0,False,
house_13,link2_sensor_5,link2,726,726,1.0,0.012396694214876033,0.0,0.0,0.0,0.0,0.012396694214876033,0.0,0.0,0.0,1.1920141595782654,0.5901523197847605,0.5209796577692032,0.8203393220901489,1.9235005974769592,0.46789121627807617,0.548583360581501,0.0048268139362335205,0.0,0.0,0.0,9,9,1.0,0.0,307,307,1.0,0.0,410,410,1.0,0.0,0,0,,,0,0,,,0,False,
house_13,link2_sensor_6,link2,726,726,1.0,0.0674931129476584,0.0,0.0,0.0,0.0,0.0674931129476584,0.0,0.0,0.0,0.7282764065610476,0.09170659188294453,0.4795798882842064,0.7656808197498322,0.8002893477678299,0.40728655457496643,0.08024486598112293,0.0012194663286209106,0.0,0.0,0.0,9,9,1.0,0.0,307,307,1.0,0.0,410,410,1.0,0.0,0,0,,,0,0,,,0,False,
house_13,link3_sensor_0,link3,726,726,1.0,0.21487603305785125,0.0,0.0,0.0,0.0,0.21487603305785125,0.0,0.0,0.0,0.7608931008777671,0.19926126810636632,0.4570762813091278,0.8853448331356049,0.9443660378456116,0.44926968216896057,0.19370560767598627,0.0008023083209991455,0.0,0.0,0.0,9,9,1.0,0.0,307,307,1.0,0.0,410,410,1.0,0.0,0,0,,,0,0,,,0,False,
house_13,link3_sensor_1,link3,726,726,1.0,0.46005509641873277,0.0,0.0,0.0,0.0,0.46005509641873277,0.0,0.0,0.0,0.6693547824936465,0.43026007565044444,0.2871661111712456,0.5392911434173584,1.6214386224746704,0.21384304761886597,0.31941145710327334,0.0036519989371299744,0.0,0.0,0.0,9,9,1.0,0.0,307,307,1.0,0.0,410,410,1.0,0.0,0,0,,,0,0,,,0,False,
house_13,link3_sensor_2,link3,726,726,1.0,0.7892561983471075,0.008264462809917356,0.0,0.0,0.0,0.7892561983471075,0.008264462809917356,0.0,0.0,0.41425160919996,0.1262718434155784,0.26419343054294586,0.38764001429080963,0.6025680750608444,0.15027348697185516,0.08339942627451188,0.0031121447682380676,0.0020491803278688526,0.02100840336134454,-0.018959223033475688,9,9,1.0,0.0,307,307,1.0,0.003257328990228013,410,410,1.0,0.012195121951219513,0,0,,,0,0,,,0,False,
house_13,link3_sensor_3,link3,726,726,1.0,0.27548209366391185,0.02066115702479339,0.0027548209366391185,0.0,0.0,0.27548209366391185,0.02066115702479339,0.0027548209366391185,0.0,0.7728925645248784,0.2569471025183257,0.44347939640283585,0.9108049869537354,1.14944988489151,0.07354262471199036,0.2316176144233044,0.00223754346370697,0.01639344262295082,0.029411764705882353,-0.013018322082931532,9,9,1.0,0.0,307,307,1.0,0.048859934853420196,410,410,1.0,0.0,0,0,,,0,0,,,0,False,
house_13,link3_sensor_4,link3,726,726,1.0,0.2988980716253444,0.0,0.0,0.0,0.0,0.2988980716253444,0.0,0.0,0.0,1.219185597558324,0.5846160654831818,0.3872876912355423,1.634131371974945,1.7207458019256592,0.33950963616371155,0.46650758346276927,0.002017468214035034,0.0,0.0,0.0,9,9,1.0,0.0,307,307,1.0,0.0,410,410,1.0,0.0,0,0,,,0,0,,,0,False,
house_13,link4_sensor_0,link4,726,726,1.0,0.7754820936639119,0.0,0.0,0.0,0.0,0.7754820936639119,0.0,0.0,0.0,0.48624400648778465,0.27275685626873647,0.2598007619380951,0.42288173735141754,1.5042915344238281,0.23911957442760468,0.20376694833463474,0.002161450684070587,0.0,0.0,0.0,9,9,1.0,0.0,307,307,1.0,0.0,410,410,1.0,0.0,0,0,,,0,0,,,0,False,
house_13,link4_sensor_1,link4,726,726,1.0,0.30303030303030304,0.0,0.0,0.0,0.0,0.30303030303030304,0.0,0.0,0.0,1.1344191949640094,0.5989022785651904,0.3356466740369797,1.620144546031952,1.737630695104599,0.30624914169311523,0.4175084640394316,0.001401744782924652,0.0,0.0,0.0,9,9,1.0,0.0,307,307,1.0,0.0,410,410,1.0,0.0,0,0,,,0,0,,,0,False,
house_13,link4_sensor_2,link4,726,726,1.0,0.6198347107438017,0.0,0.0,0.0,0.0,0.6198347107438017,0.0,0.0,0.0,0.5099823354196943,0.24672648152229382,0.30639275908470154,0.47018682956695557,0.7214628607034683,0.28253281116485596,0.16071215519545162,0.00416768342256546,0.0,0.0,0.0,9,9,1.0,0.0,307,307,1.0,0.0,410,410,1.0,0.0,0,0,,,0,0,,,0,False,
house_13,link4_sensor_3,link4,726,726,1.0,0.26584022038567495,0.0,0.0,0.0,0.0,0.26584022038567495,0.0,0.0,0.0,0.989470353570687,0.42510549325909064,0.28285279870033264,1.211059033870697,1.4134862124919891,0.2144472748041153,0.17666158051691289,0.0034076273441314697,0.0,0.0,0.0,9,9,1.0,0.0,307,307,1.0,0.0,410,410,1.0,0.0,0,0,,,0,0,,,0,False,
house_13,link4_sensor_4,link4,726,726,1.0,0.03443526170798898,0.0,0.0,0.0,0.0,0.03443526170798898,0.0,0.0,0.0,1.497563687155726,0.4535028744669003,0.535464733839035,1.6920246481895447,1.7987879812717438,0.3446516692638397,0.02023002924185948,0.0017066597938537598,0.0,0.0,0.0,9,9,1.0,0.0,307,307,1.0,0.0,410,410,1.0,0.0,0,0,,,0,0,,,0,False,
house_13,link5_back_sensor_0,link5,726,726,1.0,0.06198347107438017,0.0,0.0,0.0,0.0,0.06198347107438017,0.0,0.0,0.0,1.7799217524032618,0.38651460452489317,0.3714487850666046,1.851639211177826,2.1272308230400085,0.280308336019516,0.09614489659877003,0.0014283955097198486,0.0,0.0,0.0,9,9,1.0,0.0,307,307,1.0,0.0,410,410,1.0,0.0,0,0,,,0,0,,,0,False,
house_13,link5_back_sensor_1,link5,726,726,1.0,0.0,0.0,0.0,0.0,0.0,0.0,0.0,0.0,0.0,1.9941053863399285,0.1269338425978622,1.8422625362873077,2.005652070045471,2.188409924507141,1.4649465084075928,0.08178361290219734,0.0018037855625152588,0.0,0.0,0.0,9,9,1.0,0.0,307,307,1.0,0.0,410,410,1.0,0.0,0,0,,,0,0,,,0,False,
house_13,link5_back_sensor_2,link5,726,726,1.0,0.5674931129476584,0.20110192837465565,0.08953168044077135,0.0,0.0,0.5674931129476584,0.20110192837465565,0.08953168044077135,0.0,0.806477448423252,0.704771853554601,0.07825853489339352,0.3442305326461792,1.7469883859157562,0.056964270770549774,0.5250441276181017,0.0026901792734861374,0.18442622950819673,0.23529411764705882,-0.05086788813886209,9,9,1.0,0.1111111111111111,307,307,1.0,0.06840390879478828,410,410,1.0,0.3024390243902439,0,0,,,0,0,,,1,False,
house_13,link5_back_sensor_3,link5,726,726,1.0,0.0,0.0,0.0,0.0,0.0,0.0,0.0,0.0,0.0,1.8105446208607068,0.16369201255474447,1.513980120420456,1.8251641392707825,2.0701143741607666,1.2861441373825073,0.11874170977843004,0.011330187320709229,0.0,0.0,0.0,9,9,1.0,0.0,307,307,1.0,0.0,410,410,1.0,0.0,0,0,,,0,0,,,0,False,
house_13,link5_back_sensor_4,link5,726,726,1.0,0.987603305785124,0.3512396694214876,0.15564738292011018,0.03443526170798898,0.03443526170798898,0.987603305785124,0.3512396694214876,0.15564738292011018,0.03443526170798898,0.26065804779827184,0.16006183051261957,0.05512104835361242,0.25108620524406433,0.4551950916647911,0.0238312017172575,0.07373961008427452,0.0010852739214897156,0.3668032786885246,0.31932773109243695,0.04747554759608763,9,9,1.0,0.3333333333333333,307,307,1.0,0.21498371335504887,410,410,1.0,0.45365853658536587,0,0,,,0,0,,,2,False,
house_13,link5_back_sensor_5,link5,726,726,1.0,0.9655647382920111,0.5110192837465565,0.07713498622589532,0.03856749311294766,0.03856749311294766,0.9655647382920111,0.5110192837465565,0.07713498622589532,0.03856749311294766,0.2630539959599328,0.2803977587304826,0.07314070127904415,0.19417498260736465,0.45904363691806793,0.013017500750720501,0.253569040955426,0.00385466031730175,0.5307377049180327,0.47058823529411764,0.0601494696239151,9,9,1.0,0.4444444444444444,307,307,1.0,0.2964169381107492,410,410,1.0,0.6731707317073171,0,0,,,0,0,,,2,False,
house_13,link5_front_sensor_0,link5,726,726,1.0,0.2975206611570248,0.0,0.0,0.0,0.0,0.2975206611570248,0.0,0.0,0.0,1.3061194948790484,0.6390493031765573,0.26539692282676697,1.707250714302063,1.8067634105682373,0.23005856573581696,0.17821757978520453,0.0025474131107330322,0.0,0.0,0.0,9,9,1.0,0.0,307,307,1.0,0.0,410,410,1.0,0.0,0,0,,,0,0,,,0,False,
house_13,link5_front_sensor_1,link5,726,726,1.0,0.0,0.0,0.0,0.0,0.0,0.0,0.0,0.0,0.0,2.1008175448937845,0.14311592240094378,1.8019726872444153,2.1259065866470337,2.272853910923004,1.4268884658813477,0.14434126020626337,0.006807804107666016,0.0,0.0,0.0,9,9,1.0,0.0,307,307,1.0,0.0,410,410,1.0,0.0,0,0,,,0,0,,,0,False,
house_13,link5_front_sensor_2,link5,726,726,1.0,0.0,0.0,0.0,0.0,0.0,0.0,0.0,0.0,0.0,2.045441224883739,0.16429652474124962,1.685532659292221,2.064724087715149,2.235366702079773,1.3582532405853271,0.15854078456317783,0.008028596639633179,0.0,0.0,0.0,9,9,1.0,0.0,307,307,1.0,0.0,410,410,1.0,0.0,0,0,,,0,0,,,0,False,
house_13,link5_front_sensor_3,link5,726,726,1.0,0.41046831955922863,0.0,0.0,0.0,0.0,0.41046831955922863,0.0,0.0,0.0,0.7696877399423563,0.37117167914596766,0.29920153319835663,0.9144611060619354,1.1805826127529144,0.2618413269519806,0.3060183094158935,0.0029556825757026672,0.0,0.0,0.0,9,9,1.0,0.0,307,307,1.0,0.0,410,410,1.0,0.0,0,0,,,0,0,,,0,False,
house_13,link6_sensor_0,link6,726,726,1.0,0.6253443526170799,0.1115702479338843,0.0,0.0,0.0,0.6253443526170799,0.1115702479338843,0.0,0.0,0.4190943600101904,0.14927838951476372,0.1632777862250805,0.4292692393064499,0.6059272289276123,0.1570167988538742,0.09484035160708673,0.0008548125624656677,0.08401639344262295,0.16806722689075632,-0.08405083344813337,9,9,1.0,0.0,307,307,1.0,0.026058631921824105,410,410,1.0,0.17804878048780487,0,0,,,0,0,,,0,False,
house_13,link6_sensor_1,link6,726,726,1.0,0.6143250688705234,0.33746556473829203,0.028925619834710745,0.0,0.0,0.6143250688705234,0.33746556473829203,0.028925619834710745,0.0,0.7767809174862528,0.7065519002026885,0.11132222786545753,0.2880762815475464,1.738134890794754,0.05897606909275055,0.5754798479436306,0.00426090881228447,0.41598360655737704,0.17647058823529413,0.2395130183220829,9,9,1.0,0.3333333333333333,307,307,1.0,0.1498371335504886,410,410,1.0,0.47804878048780486,0,0,,,0,0,,,1,False,
house_13,link6_sensor_2,link6,726,726,1.0,0.8154269972451791,0.32231404958677684,0.06198347107438017,0.0027548209366391185,0.0027548209366391185,0.8154269972451791,0.32231404958677684,0.06198347107438017,0.0027548209366391185,0.2959463669156486,0.1508013430095473,0.09412876144051552,0.2711382061243057,0.5531556606292725,0.04437850043177605,0.07494433390426256,0.0012380294501781464,0.24385245901639344,0.4831932773109244,-0.23934081829453094,9,9,1.0,0.4444444444444444,307,307,1.0,0.2964169381107492,410,410,1.0,0.33902439024390246,0,0,,,0,0,,,2,False,
house_13,link6_sensor_3,link6,726,726,1.0,0.48622589531680444,0.10881542699724518,0.0,0.0,0.0,0.48622589531680444,0.10881542699724518,0.0,0.0,0.457248323404592,0.16125625210894648,0.17187896370887756,0.5059995651245117,0.6528487503528595,0.16468988358974457,0.08458235107668366,0.000801578164100647,0.07991803278688525,0.16806722689075632,-0.08814919410387106,9,9,1.0,0.1111111111111111,307,307,1.0,0.013029315960912053,410,410,1.0,0.18048780487804877,0,0,,,0,0,,,0,False,
house_13,link6_sensor_4,link6,726,726,1.0,0.5151515151515151,0.0,0.0,0.0,0.0,0.5151515151515151,0.0,0.0,0.0,0.5164002156906221,0.14542010510364115,0.21925848722457886,0.4954637736082077,0.7434590607881546,0.20534354448318481,0.08849558071451746,0.0015932843089103699,0.0,0.0,0.0,9,9,1.0,0.0,307,307,1.0,0.0,410,410,1.0,0.0,0,0,,,0,0,,,0,False,
house_13,link6_sensor_5,link6,726,726,1.0,0.16391184573002754,0.009641873278236915,0.0,0.0,0.0,0.16391184573002754,0.009641873278236915,0.0,0.0,1.4125496709601282,0.5241450728335391,0.3899730294942856,1.703681468963623,1.8035264313220978,0.10001551359891891,0.1497606096195287,0.0009928345680236816,0.014344262295081968,0.0,0.014344262295081968,9,9,1.0,0.0,307,307,1.0,0.0,410,410,1.0,0.01707317073170732,0,0,,,0,0,,,0,False,
house_14,link1_sensor_0,link1,608,608,1.0,0.0,0.0,0.0,0.0,0.0,0.0,0.0,0.0,0.0,1.5697120876100503,0.37794032269738304,0.5333092927932739,1.7018046379089355,1.776952987909317,0.501141369342804,0.01734437431609831,0.0010630488395690918,0.0,0.0,0.0,16,16,1.0,0.0,313,313,1.0,0.0,279,279,1.0,0.0,0,0,,,0,0,,,0,False,
house_14,link1_sensor_1,link1,608,608,1.0,0.0,0.0,0.0,0.0,0.0,0.0,0.0,0.0,0.0,0.9549994059887372,5.344800328253563e-05,0.9549221247434616,0.9549946486949921,0.9550878137350083,0.954832911491394,5.625092400897995e-05,3.361701965332031e-05,0.0,0.0,0.0,16,16,1.0,0.0,313,313,1.0,0.0,279,279,1.0,0.0,0,0,,,0,0,,,0,True,extremely_low_frame_to_frame_variation
house_14,link1_sensor_2,link1,608,608,1.0,0.0,0.0,0.0,0.0,0.0,0.0,0.0,0.0,0.0,1.709573202423359,0.03441238328381961,1.6590974152088165,1.7133926749229431,1.7688950300216675,1.6528793573379517,0.01605014466905702,0.0007652044296264648,0.0,0.0,0.0,16,16,1.0,0.0,313,313,1.0,0.0,279,279,1.0,0.0,0,0,,,0,0,,,0,False,
house_14,link1_sensor_3,link1,608,608,1.0,0.6200657894736842,0.0,0.0,0.0,0.0,0.6200657894736842,0.0,0.0,0.0,0.5825244759846675,0.36370623639017796,0.34538440555334093,0.46640145778656006,1.6594315469264984,0.3431430160999298,0.07003643317462077,0.0010009706020355225,0.0,0.0,0.0,16,16,1.0,0.0,313,313,1.0,0.0,279,279,1.0,0.0,0,0,,,0,0,,,0,False,
house_14,link1_sensor_4,link1,608,608,1.0,0.6217105263157895,0.0,0.0,0.0,0.0,0.6217105263157895,0.0,0.0,0.0,0.5025226318424469,0.11657940657384262,0.3795719385147095,0.46520955860614777,0.7660104274749756,0.37448936700820923,0.04184407792483279,0.000950343906879425,0.0,0.0,0.0,16,16,1.0,0.0,313,313,1.0,0.0,279,279,1.0,0.0,0,0,,,0,0,,,0,False,
house_14,link1_sensor_5,link1,608,608,1.0,1.0,1.0,0.0,0.0,0.0,1.0,1.0,0.0,0.0,0.18646510163518162,4.518613953551476e-06,0.18645963594317436,0.18646417558193207,0.18647363111376764,0.18645864725112915,4.175586569928173e-06,2.7194619178771973e-06,1.0,1.0,0.0,16,16,1.0,1.0,313,313,1.0,1.0,279,279,1.0,1.0,0,0,,,0,0,,,3,True,activation_lt_0_20m_close_to_1;extremely_low_frame_to_frame_variation
house_14,link1_sensor_6,link1,608,608,1.0,0.0,0.0,0.0,0.0,0.0,0.0,0.0,0.0,0.0,1.6338903002048795,0.2153875708255271,0.8037832528352737,1.6824259757995605,1.7485962748527526,0.7193635702133179,0.011549366401047916,0.00047129392623901367,0.0,0.0,0.0,16,16,1.0,0.0,313,313,1.0,0.0,279,279,1.0,0.0,0,0,,,0,0,,,0,False,
house_14,link2_sensor_0,link2,608,608,1.0,0.029605263157894735,0.0,0.0,0.0,0.0,0.029605263157894735,0.0,0.0,0.0,1.265771996327921,0.19395768883582015,0.6848006188869477,1.2859122157096863,1.4663297951221466,0.43776410818099976,0.09175351329746748,0.0029036402702331543,0.0,0.0,0.0,16,16,1.0,0.0,313,313,1.0,0.0,279,279,1.0,0.0,0,0,,,0,0,,,0,False,
house_14,link2_sensor_1,link2,608,608,1.0,0.0,0.0,0.0,0.0,0.0,0.0,0.0,0.0,0.0,1.6455377948127294,0.02710931214661167,1.601289975643158,1.649076759815216,1.694073450565338,1.5908372402191162,0.011025271942563326,0.0005175471305847168,0.0,0.0,0.0,16,16,1.0,0.0,313,313,1.0,0.0,279,279,1.0,0.0,0,0,,,0,0,,,0,False,
house_14,link2_sensor_2,link2,608,608,1.0,0.0,0.0,0.0,0.0,0.0,0.0,0.0,0.0,0.0,1.1785799509012387,0.2909008125820627,0.7553803563117981,1.1118428707122803,1.5932458460330963,0.7413505911827087,0.2541774741134496,0.0064799487590789795,0.0,0.0,0.0,16,16,1.0,0.0,313,313,1.0,0.0,279,279,1.0,0.0,0,0,,,0,0,,,0,False,
house_14,link2_sensor_3,link2,608,608,1.0,0.49835526315789475,0.014802631578947368,0.003289473684210526,0.0,0.0,0.49835526315789475,0.014802631578947368,0.003289473684210526,0.0,0.7748402930477536,0.5218852672379359,0.27317781150341036,0.5020217001438141,1.7191217303276063,0.08607061207294464,0.1763865767459078,0.0017587393522262573,0.014962593516209476,0.014492753623188406,0.00046983989302106996,16,16,1.0,0.0,313,313,1.0,0.02875399361022364,279,279,1.0,0.0,0,0,,,0,0,,,0,False,
house_14,link2_sensor_4,link2,608,608,1.0,0.19407894736842105,0.0,0.0,0.0,0.0,0.19407894736842105,0.0,0.0,0.0,1.0800461788220626,0.5623179879553125,0.3501867771148682,0.8304830491542816,1.6809879899024964,0.2975127100944519,0.4117659821778415,0.000691145658493042,0.0,0.0,0.0,16,16,1.0,0.0,313,313,1.0,0.0,279,279,1.0,0.0,0,0,,,0,0,,,0,False,
house_14,link2_sensor_5,link2,608,608,1.0,0.0,0.0,0.0,0.0,0.0,0.0,0.0,0.0,0.0,1.5300329823635126,0.5178408013259894,0.5221913814544678,1.794420063495636,1.9320889234542846,0.5043081641197205,0.27814849668223973,0.0017977356910705566,0.0,0.0,0.0,16,16,1.0,0.0,313,313,1.0,0.0,279,279,1.0,0.0,0,0,,,0,0,,,0,False,
house_14,link2_sensor_6,link2,608,608,1.0,0.054276315789473686,0.0,0.0,0.0,0.0,0.054276315789473686,0.0,0.0,0.0,0.7255048276856542,0.08363811390926552,0.49424241185188295,0.74358269572258,0.7962285339832306,0.3937326669692993,0.06748067084072892,0.0007063895463943481,0.0,0.0,0.0,16,16,1.0,0.0,313,313,1.0,0.0,279,279,1.0,0.0,0,0,,,0,0,,,0,False,
house_14,link3_sensor_0,link3,608,608,1.0,0.26480263157894735,0.0,0.0,0.0,0.0,0.26480263157894735,0.0,0.0,0.0,0.7023942228896838,0.20519399600241928,0.4551103964447975,0.7441728711128235,0.9604999005794526,0.4494355618953705,0.18180933236036925,0.0010849684476852417,0.0,0.0,0.0,16,16,1.0,0.0,313,313,1.0,0.0,279,279,1.0,0.0,0,0,,,0,0,,,0,False,
house_14,link3_sensor_1,link3,608,608,1.0,0.22861842105263158,0.0,0.0,0.0,0.0,0.22861842105263158,0.0,0.0,0.0,0.8939633237590131,0.5213615927750073,0.37825070321559906,0.6076934635639191,1.7247415006160736,0.3346250653266907,0.15725925918245146,0.003159940242767334,0.0,0.0,0.0,16,16,1.0,0.0,313,313,1.0,0.0,279,279,1.0,0.0,0,0,,,0,0,,,0,False,
house_14,link3_sensor_2,link3,608,608,1.0,0.4588815789473684,0.0,0.0,0.0,0.0,0.4588815789473684,0.0,0.0,0.0,0.513917116693368,0.14602207138965906,0.3227152466773987,0.51610267162323,0.7790116459131241,0.20194409787654877,0.09453664348868845,0.001924365758895874,0.0,0.0,0.0,16,16,1.0,0.0,313,313,1.0,0.0,279,279,1.0,0.0,0,0,,,0,0,,,0,False,
house_14,link3_sensor_3,link3,608,608,1.0,0.2894736842105263,0.029605263157894735,0.009868421052631578,0.0,0.0,0.2894736842105263,0.029605263157894735,0.009868421052631578,0.0,0.6589462512760962,0.2346929546801333,0.4411838218569756,0.5276369452476501,0.9617692053318023,0.0601225346326828,0.21961089454738253,0.001591324806213379,0.032418952618453865,0.024154589371980676,0.00826436324647319,16,16,1.0,0.0,313,313,1.0,0.05750798722044728,279,279,1.0,0.0,0,0,,,0,0,,,0,False,
house_14,link3_sensor_4,link3,608,608,1.0,0.14638157894736842,0.0,0.0,0.0,0.0,0.14638157894736842,0.0,0.0,0.0,1.3979908067144848,0.5122656559283062,0.41393688321113586,1.6484366059303284,1.7570513308048248,0.3361271023750305,0.163501147440133,0.0011849403381347656,0.0,0.0,0.0,16,16,1.0,0.0,313,313,1.0,0.0,279,279,1.0,0.0,0,0,,,0,0,,,0,False,
house_14,link4_sensor_0,link4,608,608,1.0,0.743421052631579,0.0,0.0,0.0,0.0,0.743421052631579,0.0,0.0,0.0,0.5044003263311951,0.19145692502425588,0.41376511454582215,0.4565224349498749,0.6036426365375518,0.403354674577713,0.04978798109354261,0.002554759383201599,0.0,0.0,0.0,16,16,1.0,0.0,313,313,1.0,0.0,279,279,1.0,0.0,0,0,,,0,0,,,0,False,
house_14,link4_sensor_1,link4,608,608,1.0,0.3667763157894737,0.0,0.0,0.0,0.0,0.3667763157894737,0.0,0.0,0.0,0.9901973470849427,0.587324402131037,0.33607711344957353,0.6235099136829376,1.7107406020164488,0.29790931940078735,0.2861748287655565,0.003425911068916321,0.0,0.0,0.0,16,16,1.0,0.0,313,313,1.0,0.0,279,279,1.0,0.0,0,0,,,0,0,,,0,False,
house_14,link4_sensor_2,link4,608,608,1.0,0.5526315789473685,0.0,0.0,0.0,0.0,0.5526315789473685,0.0,0.0,0.0,0.573455464634064,0.3209190706628103,0.2281377412378788,0.49136054515838623,1.4932076334953308,0.21410103142261505,0.11255544993963537,0.002588912844657898,0.0,0.0,0.0,16,16,1.0,0.0,313,313,1.0,0.0,279,279,1.0,0.0,0,0,,,0,0,,,0,False,
house_14,link4_sensor_3,link4,608,608,1.0,0.28125,0.0,0.0,0.0,0.0,0.28125,0.0,0.0,0.0,0.9343355412742025,0.41370845251257404,0.2598238095641136,1.1823132038116455,1.338731837272644,0.22889932990074158,0.21961626935458134,0.0037671029567718506,0.0,0.0,0.0,16,16,1.0,0.0,313,313,1.0,0.0,279,279,1.0,0.0,0,0,,,0,0,,,0,False,
house_14,link4_sensor_4,link4,608,608,1.0,0.11842105263157894,0.0,0.0,0.0,0.0,0.11842105263157894,0.0,0.0,0.0,1.5654048639300622,0.4347734395499005,0.4593897610902786,1.7151929140090942,1.8511205255985255,0.4270433187484741,0.042489218082345015,0.0011398792266845703,0.0,0.0,0.0,16,16,1.0,0.0,313,313,1.0,0.0,279,279,1.0,0.0,0,0,,,0,0,,,0,False,
house_14,link5_back_sensor_0,link5,608,608,1.0,0.0,0.0,0.0,0.0,0.0,0.0,0.0,0.0,0.0,1.6104213194431443,0.35347058831096845,1.1035088658332826,1.7264110445976257,2.0466973781585693,0.5274730324745178,0.16831372163777936,0.0039025545120239258,0.0,0.0,0.0,16,16,1.0,0.0,313,313,1.0,0.0,279,279,1.0,0.0,0,0,,,0,0,,,0,False,
house_14,link5_back_sensor_1,link5,608,608,1.0,0.0,0.0,0.0,0.0,0.0,0.0,0.0,0.0,0.0,1.838683617742438,0.25309900081080383,1.3591437637805939,1.9373515248298645,2.1137051582336426,1.1901614665985107,0.0793903898736022,0.007376313209533691,0.0,0.0,0.0,16,16,1.0,0.0,313,313,1.0,0.0,279,279,1.0,0.0,0,0,,,0,0,,,0,False,
house_14,link5_back_sensor_2,link5,608,608,1.0,0.45394736842105265,0.3338815789473684,0.09375,0.019736842105263157,0.019736842105263157,0.45394736842105265,0.3338815789473684,0.09375,0.019736842105263157,0.855494217294587,0.6717588597033108,0.06627256833016873,0.657526284456253,1.6988393783569335,0.01997331529855728,0.3540570909704313,0.0044435858726501465,0.38403990024937656,0.23671497584541062,0.14732492440396594,16,16,1.0,0.4375,313,313,1.0,0.17252396166134185,279,279,1.0,0.5089605734767025,0,0,,,0,0,,,2,False,
house_14,link5_back_sensor_3,link5,608,608,1.0,0.001644736842105263,0.0,0.0,0.0,0.0,0.001644736842105263,0.0,0.0,0.0,1.562868122403559,0.4304376621980292,0.7101891607046127,1.727874219417572,2.014358377456665,0.2007814645767212,0.195929541973054,0.007158398628234863,0.0,0.0,0.0,16,16,1.0,0.0,313,313,1.0,0.0,279,279,1.0,0.0,0,0,,,0,0,,,0,False,
house_14,link5_back_sensor_4,link5,608,608,1.0,0.9013157894736842,0.2532894736842105,0.07236842105263158,0.019736842105263157,0.019736842105263157,0.9013157894736842,0.2532894736842105,0.07236842105263158,0.019736842105263157,0.3203740643374131,0.27260674361018916,0.08608996719121934,0.2544855326414108,1.1789697229862208,0.03243467956781387,0.142085349852639,0.004170894622802734,0.2593516209476309,0.24154589371980675,0.01780572722782417,16,16,1.0,0.5625,313,313,1.0,0.1853035143769968,279,279,1.0,0.3118279569892473,0,0,,,0,0,,,2,False,
house_14,link5_back_sensor_5,link5,608,608,1.0,0.6546052631578947,0.3256578947368421,0.10526315789473684,0.01644736842105263,0.01644736842105263,0.6546052631578947,0.3256578947368421,0.10526315789473684,0.01644736842105263,0.6568979847422605,0.6349879550457611,0.06964660696685314,0.27043744921684265,1.6193793416023252,0.016824444755911827,0.29119124839227856,0.003549661487340927,0.41895261845386533,0.14492753623188406,0.2740250822219813,16,16,1.0,0.1875,313,313,1.0,0.2268370607028754,279,279,1.0,0.4444444444444444,0,0,,,0,0,,,2,False,
house_14,link5_front_sensor_0,link5,608,608,1.0,0.3026315789473684,0.0,0.0,0.0,0.0,0.3026315789473684,0.0,0.0,0.0,1.207001877801591,0.6066845179403748,0.37164824455976486,1.6076297760009766,1.7861415982246398,0.3407706320285797,0.4220725347215838,0.004802830517292023,0.0,0.0,0.0,16,16,1.0,0.0,313,313,1.0,0.0,279,279,1.0,0.0,0,0,,,0,0,,,0,False,
house_14,link5_front_sensor_1,link5,608,608,1.0,0.0,0.0,0.0,0.0,0.0,0.0,0.0,0.0,0.0,1.9724232346603743,0.19187751191642263,1.5504469573497772,2.0379533767700195,2.1690353989601134,1.3056532144546509,0.10879644702951419,0.004483044147491455,0.0,0.0,0.0,16,16,1.0,0.0,313,313,1.0,0.0,279,279,1.0,0.0,0,0,,,0,0,,,0,False,
house_14,link5_front_sensor_2,link5,608,608,1.0,0.0,0.0,0.0,0.0,0.0,0.0,0.0,0.0,0.0,1.8207264271025596,0.3170037070976533,1.2689540326595306,1.9455469250679016,2.1883864402770996,0.8097317218780518,0.1182953902252304,0.008244633674621582,0.0,0.0,0.0,16,16,1.0,0.0,313,313,1.0,0.0,279,279,1.0,0.0,0,0,,,0,0,,,0,False,
house_14,link5_front_sensor_3,link5,608,608,1.0,0.3470394736842105,0.003289473684210526,0.001644736842105263,0.0,0.0,0.3470394736842105,0.003289473684210526,0.001644736842105263,0.0,0.7327785341338696,0.41007378533054684,0.27567592114210127,0.5867368280887604,1.6919823110103602,0.0570545569062233,0.25643193667928194,0.005390584468841553,0.0024937655860349127,0.004830917874396135,-0.0023371522883612224,16,16,1.0,0.0,313,313,1.0,0.006389776357827476,279,279,1.0,0.0,0,0,,,0,0,,,0,False,
house_14,link6_sensor_0,link6,608,608,1.0,0.7779605263157895,0.20723684210526316,0.14144736842105263,0.10197368421052631,0.10197368421052631,0.7779605263157895,0.20723684210526316,0.14144736842105263,0.10197368421052631,0.3573382299280064,0.190244366807727,0.025088414642959835,0.4099920988082886,0.6674849480390548,0.012140302918851376,0.09779743729568699,0.002541458234190941,0.04738154613466334,0.5169082125603864,-0.4695266664257231,16,16,1.0,0.4375,313,313,1.0,0.3354632587859425,279,279,1.0,0.05017921146953405,0,0,,,0,0,,,2,False,
house_14,link6_sensor_1,link6,608,608,1.0,0.53125,0.17927631578947367,0.019736842105263157,0.008223684210526315,0.008223684210526315,0.53125,0.17927631578947367,0.019736842105263157,0.008223684210526315,0.893506904273588,0.6873682431603046,0.11372951269149781,0.4131191819906235,1.7569358229637146,0.01723913475871086,0.32175788526859084,0.0042000338435173035,0.22942643391521197,0.0821256038647343,0.14730083005047767,16,16,1.0,0.3125,313,313,1.0,0.10862619808306709,279,279,1.0,0.25089605734767023,0,0,,,0,0,,,2,False,
house_14,link6_sensor_2,link6,608,608,1.0,0.9851973684210527,0.40131578947368424,0.14967105263157895,0.019736842105263157,0.019736842105263157,0.9851973684210527,0.40131578947368424,0.14967105263157895,0.019736842105263157,0.25055270891262854,0.12856770079873586,0.06157424319535494,0.24811603873968124,0.42971250265836713,0.012140302918851376,0.08394711096606335,0.004516959190368652,0.26184538653366585,0.6714975845410628,-0.40965219800739694,16,16,1.0,0.625,313,313,1.0,0.4504792332268371,279,279,1.0,0.3333333333333333,0,0,,,0,0,,,3,False,
house_14,link6_sensor_3,link6,608,608,1.0,0.78125,0.28289473684210525,0.21875,0.1611842105263158,0.1611842105263158,0.78125,0.28289473684210525,0.21875,0.1611842105263158,0.34333676706668675,0.19861650604819864,0.032076408714056016,0.37523379921913147,0.6339304089546203,0.015111014246940613,0.11393930770625474,0.004449270665645599,0.22194513715710723,0.40096618357487923,-0.179021046417772,16,16,1.0,0.5,313,313,1.0,0.2268370607028754,279,279,1.0,0.3333333333333333,0,0,,,0,0,,,3,False,
house_14,link6_sensor_4,link6,608,608,1.0,0.59375,0.1924342105263158,0.07236842105263158,0.0,0.0,0.59375,0.1924342105263158,0.07236842105263158,0.0,0.4204439129312768,0.20207893248069309,0.09795713014900684,0.43770284950733185,0.7741410732269286,0.05473124235868454,0.14159852229259232,0.004443362355232239,0.1770573566084788,0.2222222222222222,-0.045164865613743416,16,16,1.0,0.4375,313,313,1.0,0.17252396166134185,279,279,1.0,0.2007168458781362,0,0,,,0,0,,,2,False,
house_14,link6_sensor_5,link6,608,608,1.0,0.3881578947368421,0.08388157894736842,0.04276315789473684,0.004934210526315789,0.004934210526315789,0.3881578947368421,0.08388157894736842,0.04276315789473684,0.004934210526315789,0.9402155411968891,0.6179410370569978,0.10777627490460873,1.0505691766738892,1.773350763320923,0.04581417888402939,0.42476409319533714,0.004374951124191284,0.12718204488778054,0.0,0.12718204488778054,16,16,1.0,0.0,313,313,1.0,0.01597444089456869,279,279,1.0,0.16487455197132617,0,0,,,0,0,,,0,False,
house_15,link1_sensor_0,link1,895,895,1.0,0.0,0.0,0.0,0.0,0.0,0.0,0.0,0.0,0.0,1.682368842383337,0.20522892066103002,1.6443135142326355,1.7164443731307983,1.7982532262802124,0.6964259147644043,0.020643225331324587,0.00031754374504089355,0.0,0.0,0.0,17,17,1.0,0.0,353,353,1.0,0.0,525,525,1.0,0.0,0,0,,,0,0,,,0,False,
house_15,link1_sensor_1,link1,895,895,1.0,0.0,0.0,0.0,0.0,0.0,0.0,0.0,0.0,0.0,0.9550080455215284,6.861619860149778e-05,0.9549182057380676,0.9549946188926697,0.9551275432109833,0.954840898513794,6.320170722694055e-05,2.925097942352295e-05,0.0,0.0,0.0,17,17,1.0,0.0,353,353,1.0,0.0,525,525,1.0,0.0,0,0,,,0,0,,,0,True,extremely_low_frame_to_frame_variation
house_15,link1_sensor_2,link1,895,895,1.0,0.0,0.0,0.0,0.0,0.0,0.0,0.0,0.0,0.0,1.7015467000407214,0.04110276648062104,1.6563743948936462,1.6934218406677246,1.7863173484802246,1.6550060510635376,0.008082766413223806,0.00012224912643432617,0.0,0.0,0.0,17,17,1.0,0.0,353,353,1.0,0.0,525,525,1.0,0.0,0,0,,,0,0,,,0,False,
house_15,link1_sensor_3,link1,895,895,1.0,0.45027932960893857,0.0,0.0,0.0,0.0,0.45027932960893857,0.0,0.0,0.0,0.6337078027552067,0.3860178151824188,0.3803345263004303,0.5040498375892639,1.7014768958091735,0.34591037034988403,0.0868589570314253,0.00034712255001068115,0.0,0.0,0.0,17,17,1.0,0.0,353,353,1.0,0.0,525,525,1.0,0.0,0,0,,,0,0,,,0,False,
house_15,link1_sensor_4,link1,895,895,1.0,0.48044692737430167,0.0,0.0,0.0,0.0,0.48044692737430167,0.0,0.0,0.0,0.5245515447089126,0.09982453113144205,0.4133364260196686,0.5005209445953369,0.7660150945186615,0.3807951807975769,0.03285220375741585,0.0004096701741218567,0.0,0.0,0.0,17,17,1.0,0.0,353,353,1.0,0.0,525,525,1.0,0.0,0,0,,,0,0,,,0,False,
house_15,link1_sensor_5,link1,895,895,1.0,1.0,1.0,0.0,0.0,0.0,1.0,1.0,0.0,0.0,0.18646636357187557,5.482785879242478e-06,0.18645980060100556,0.18646515905857086,0.1864786133170128,0.18645893037319183,5.493616426642407e-06,2.298504114151001e-06,1.0,1.0,0.0,17,17,1.0,1.0,353,353,1.0,1.0,525,525,1.0,1.0,0,0,,,0,0,,,3,True,activation_lt_0_20m_close_to_1;extremely_low_frame_to_frame_variation
house_15,link1_sensor_6,link1,895,895,1.0,0.0,0.0,0.0,0.0,0.0,0.0,0.0,0.0,0.0,1.6969398032353575,0.026471774348727904,1.6558090090751647,1.6958671808242798,1.7505365014076233,1.6544630527496338,0.015735216923297962,0.00022846460342407227,0.0,0.0,0.0,17,17,1.0,0.0,353,353,1.0,0.0,525,525,1.0,0.0,0,0,,,0,0,,,0,False,
house_15,link2_sensor_0,link2,895,895,1.0,0.0,0.0,0.0,0.0,0.0,0.0,0.0,0.0,0.0,1.2525114032143323,0.17265933318482216,0.6949218392372132,1.2736060619354248,1.4299191594123841,0.5387717485427856,0.08750474521036536,0.002876073122024536,0.0,0.0,0.0,17,17,1.0,0.0,353,353,1.0,0.0,525,525,1.0,0.0,0,0,,,0,0,,,0,False,
house_15,link2_sensor_1,link2,895,895,1.0,0.0,0.0,0.0,0.0,0.0,0.0,0.0,0.0,0.0,1.6139829118824538,0.14896131033009258,1.5916385889053344,1.6438902616500854,1.696957242488861,0.6367518305778503,0.01416341947740676,0.0001430809497833252,0.0,0.0,0.0,17,17,1.0,0.0,353,353,1.0,0.0,525,525,1.0,0.0,0,0,,,0,0,,,0,False,
house_15,link2_sensor_2,link2,895,895,1.0,0.0,0.0,0.0,0.0,0.0,0.0,0.0,0.0,0.0,1.3099672596547858,0.32034164648396196,0.7618407428264617,1.4526137113571167,1.693399703502655,0.7385095953941345,0.2845455331467571,0.004217177629470825,0.0,0.0,0.0,17,17,1.0,0.0,353,353,1.0,0.0,525,525,1.0,0.0,0,0,,,0,0,,,0,False,
house_15,link2_sensor_3,link2,895,895,1.0,0.6301675977653631,0.01675977653631285,0.00782122905027933,0.0,0.0,0.6301675977653631,0.01675977653631285,0.00782122905027933,0.0,0.49581246459284306,0.15735751590865324,0.2925277382135391,0.46783447265625,0.9252475202083587,0.08567119389772415,0.08354191244459296,0.0008201003074645996,0.00546448087431694,0.024574669187145556,-0.019110188312828617,17,17,1.0,0.0,353,353,1.0,0.028328611898016998,525,525,1.0,0.009523809523809525,0,0,,,0,0,,,0,False,
house_15,link2_sensor_4,link2,895,895,1.0,0.27932960893854747,0.0,0.0,0.0,0.0,0.27932960893854747,0.0,0.0,0.0,0.765115998910126,0.4631293618199391,0.3765780031681061,0.5616044998168945,1.66462641954422,0.2812387943267822,0.3854544279869434,0.0006286352872848511,0.0,0.0,0.0,17,17,1.0,0.0,353,353,1.0,0.0,525,525,1.0,0.0,0,0,,,0,0,,,0,False,
house_15,link2_sensor_5,link2,895,895,1.0,0.0033519553072625698,0.0,0.0,0.0,0.0,0.0033519553072625698,0.0,0.0,0.0,1.2279254388209828,0.5820599065579355,0.544095104932785,0.8510928750038147,1.913855242729187,0.4945510923862457,0.5344618492373574,0.003281310200691223,0.0,0.0,0.0,17,17,1.0,0.0,353,353,1.0,0.0,525,525,1.0,0.0,0,0,,,0,0,,,0,False,
house_15,link2_sensor_6,link2,895,895,1.0,0.01675977653631285,0.0,0.0,0.0,0.0,0.01675977653631285,0.0,0.0,0.0,0.7415073256252864,0.06395275387559872,0.5572269320487976,0.7648549675941467,0.7932046711444855,0.462379515171051,0.06478248010178497,0.0004045069217681885,0.0,0.0,0.0,17,17,1.0,0.0,353,353,1.0,0.0,525,525,1.0,0.0,0,0,,,0,0,,,0,False,
house_15,link3_sensor_0,link3,895,895,1.0,0.20782122905027933,0.0,0.0,0.0,0.0,0.20782122905027933,0.0,0.0,0.0,0.7598975360393523,0.20814753828818067,0.4559885114431381,0.9023936986923218,0.9647569894790649,0.44846111536026,0.17716606441950333,0.0006215274333953857,0.0,0.0,0.0,17,17,1.0,0.0,353,353,1.0,0.0,525,525,1.0,0.0,0,0,,,0,0,,,0,False,
house_15,link3_sensor_1,link3,895,895,1.0,0.3229050279329609,0.0,0.0,0.0,0.0,0.3229050279329609,0.0,0.0,0.0,0.6454636387984847,0.30326813215169635,0.36315397024154666,0.5544557571411133,1.3423290371894836,0.2805999219417572,0.1997804889908359,0.0026930570602416992,0.0,0.0,0.0,17,17,1.0,0.0,353,353,1.0,0.0,525,525,1.0,0.0,0,0,,,0,0,,,0,False,
house_15,link3_sensor_2,link3,895,895,1.0,0.8201117318435754,0.0033519553072625698,0.0,0.0,0.0,0.8201117318435754,0.0033519553072625698,0.0,0.0,0.41924549424448493,0.09923602891539231,0.2924972832202911,0.4095339775085449,0.6020783007144926,0.1859227567911148,0.09272305843880856,0.0013132169842720032,0.00819672131147541,0.0,0.00819672131147541,17,17,1.0,0.0,353,353,1.0,0.0028328611898017,525,525,1.0,0.0038095238095238095,0,0,,,0,0,,,0,False,
house_15,link3_sensor_3,link3,895,895,1.0,0.2670391061452514,0.01899441340782123,0.0067039106145251395,0.0,0.0,0.2670391061452514,0.01899441340782123,0.0067039106145251395,0.0,0.7669184224565602,0.25083481213070513,0.4432561159133911,0.9168818593025208,1.0305351734161377,0.054217129945755005,0.22446431574742004,0.002071946859359741,0.01912568306010929,0.01890359168241966,0.00022209137768963022,17,17,1.0,0.0,353,353,1.0,0.04815864022662889,525,525,1.0,0.0,0,0,,,0,0,,,0,False,
house_15,link3_sensor_4,link3,895,895,1.0,0.22346368715083798,0.0,0.0,0.0,0.0,0.22346368715083798,0.0,0.0,0.0,1.3368536150655268,0.5524293661390615,0.37921046614646914,1.667615294456482,1.7310251951217652,0.3564058244228363,0.42388870691710634,0.0007081031799316406,0.0,0.0,0.0,17,17,1.0,0.0,353,353,1.0,0.0,525,525,1.0,0.0,0,0,,,0,0,,,0,False,
house_15,link4_sensor_0,link4,895,895,1.0,0.6994413407821229,0.0,0.0,0.0,0.0,0.6994413407821229,0.0,0.0,0.0,0.5431792455845039,0.3639026032268963,0.24393242746591567,0.44243595004081726,1.488254928588867,0.23333212733268738,0.19327823781151438,0.003103785216808319,0.0,0.0,0.0,17,17,1.0,0.0,353,353,1.0,0.0,525,525,1.0,0.0,0,0,,,0,0,,,0,False,
house_15,link4_sensor_1,link4,895,895,1.0,0.43798882681564244,0.0,0.0,0.0,0.0,0.43798882681564244,0.0,0.0,0.0,0.9354163783222603,0.6084863220181173,0.2914409011602402,0.6070529818534851,1.685357332229614,0.24698548018932343,0.48141657540046734,0.0011305734515190125,0.0,0.0,0.0,17,17,1.0,0.0,353,353,1.0,0.0,525,525,1.0,0.0,0,0,,,0,0,,,0,False,
house_15,link4_sensor_2,link4,895,895,1.0,0.6558659217877095,0.0,0.0,0.0,0.0,0.6558659217877095,0.0,0.0,0.0,0.4743907859205534,0.19490738055872767,0.2698502719402313,0.4560192823410034,0.6872033298015591,0.2562386393547058,0.1315112812177946,0.003555864095687866,0.0,0.0,0.0,17,17,1.0,0.0,353,353,1.0,0.0,525,525,1.0,0.0,0,0,,,0,0,,,0,False,
house_15,link4_sensor_3,link4,895,895,1.0,0.2547486033519553,0.0022346368715083797,0.0,0.0,0.0,0.2547486033519553,0.0022346368715083797,0.0,0.0,0.9068000511417175,0.4053760752189099,0.30140841007232666,1.2055153846740723,1.3028139233589173,0.19834457337856293,0.34837587466535186,0.004740715026855469,0.00273224043715847,0.001890359168241966,0.0008418812689165039,17,17,1.0,0.058823529411764705,353,353,1.0,0.0,525,525,1.0,0.0019047619047619048,0,0,,,0,0,,,0,False,
house_15,link4_sensor_4,link4,895,895,1.0,0.01899441340782123,0.0,0.0,0.0,0.0,0.01899441340782123,0.0,0.0,0.0,1.6299850572420898,0.34069157046405507,0.5951257169246673,1.73011314868927,1.805089819431305,0.35670071840286255,0.04006560752192495,0.0011303722858428955,0.0,0.0,0.0,17,17,1.0,0.0,353,353,1.0,0.0,525,525,1.0,0.0,0,0,,,0,0,,,0,False,
house_15,link5_back_sensor_0,link5,895,895,1.0,0.048044692737430165,0.0,0.0,0.0,0.0,0.048044692737430165,0.0,0.0,0.0,1.7896466769319674,0.34318743569313054,1.7375093936920165,1.8403834104537964,2.031837725639343,0.2581780254840851,0.08562272479035554,0.0014399588108062744,0.0,0.0,0.0,17,17,1.0,0.0,353,353,1.0,0.0,525,525,1.0,0.0,0,0,,,0,0,,,0,False,
house_15,link5_back_sensor_1,link5,895,895,1.0,0.0,0.0,0.0,0.0,0.0,0.0,0.0,0.0,0.0,2.0745714608517436,0.10283740559189285,1.8619842290878297,2.10032057762146,2.200762701034546,1.7522008419036865,0.07336284720778402,0.0022323429584503174,0.0,0.0,0.0,17,17,1.0,0.0,353,353,1.0,0.0,525,525,1.0,0.0,0,0,,,0,0,,,0,False,
house_15,link5_back_sensor_2,link5,895,895,1.0,0.6715083798882682,0.2849162011173184,0.11284916201117319,0.09050279329608939,0.09050279329608939,0.6715083798882682,0.2849162011173184,0.11284916201117319,0.09050279329608939,0.6765558491663892,0.6757440624798396,0.038797224313020705,0.30337557196617126,1.7200065851211548,0.03280286863446236,0.5553444577912112,0.0012299418449401855,0.30327868852459017,0.2722117202268431,0.031066968297747077,17,17,1.0,0.29411764705882354,353,353,1.0,0.09348441926345609,525,525,1.0,0.41333333333333333,0,0,,,0,0,,,2,False,
house_15,link5_back_sensor_3,link5,895,895,1.0,0.0,0.0,0.0,0.0,0.0,0.0,0.0,0.0,0.0,1.969773345153425,0.24008454383218028,1.5182440876960754,2.0460398197174072,2.2313769340515135,1.394858956336975,0.11991218528634834,0.004780292510986328,0.0,0.0,0.0,17,17,1.0,0.0,353,353,1.0,0.0,525,525,1.0,0.0,0,0,,,0,0,,,0,False,
house_15,link5_back_sensor_4,link5,895,895,1.0,0.982122905027933,0.42569832402234636,0.15307262569832403,0.053631284916201116,0.053631284916201116,0.982122905027933,0.42569832402234636,0.15307262569832403,0.053631284916201116,0.2290789767558681,0.12080832411197125,0.04954914189875126,0.24631796777248383,0.45109687149524685,0.01843760535120964,0.08486354154956072,0.0014468804001808167,0.453551912568306,0.4064272211720227,0.047124691396283336,17,17,1.0,0.35294117647058826,353,353,1.0,0.24645892351274787,525,525,1.0,0.5485714285714286,0,0,,,0,0,,,3,False,
house_15,link5_back_sensor_5,link5,895,895,1.0,0.9687150837988827,0.6424581005586593,0.1888268156424581,0.008938547486033519,0.008938547486033519,0.9687150837988827,0.6424581005586593,0.1888268156424581,0.008938547486033519,0.24230037685171518,0.2723347939176926,0.06431783363223076,0.17140443623065948,0.43756078481674193,0.017584217712283134,0.13988392456129534,0.005449015647172928,0.6775956284153005,0.6181474480151229,0.05944818040017763,17,17,1.0,0.8235294117647058,353,353,1.0,0.43909348441926344,525,525,1.0,0.7733333333333333,0,0,,,0,0,,,3,False,
house_15,link5_front_sensor_0,link5,895,895,1.0,0.3329608938547486,0.0,0.0,0.0,0.0,0.3329608938547486,0.0,0.0,0.0,1.1889074016882721,0.6646436116291166,0.24230130016803741,1.6158078908920288,1.8091785550117492,0.20973354578018188,0.6633939417981924,0.002083122730255127,0.0,0.0,0.0,17,17,1.0,0.0,353,353,1.0,0.0,525,525,1.0,0.0,0,0,,,0,0,,,0,False,
house_15,link5_front_sensor_1,link5,895,895,1.0,0.0,0.0,0.0,0.0,0.0,0.0,0.0,0.0,0.0,2.171757859491103,0.12653370483004037,1.9598315000534057,2.2036123275756836,2.3293015003204345,1.5734596252441406,0.12186251381197719,0.007253527641296387,0.0,0.0,0.0,17,17,1.0,0.0,353,353,1.0,0.0,525,525,1.0,0.0,0,0,,,0,0,,,0,False,
house_15,link5_front_sensor_2,link5,895,895,1.0,0.0,0.0,0.0,0.0,0.0,0.0,0.0,0.0,0.0,2.1076775256481914,0.12877925623760156,1.9043095350265502,2.110234260559082,2.2792548179626464,1.5395891666412354,0.10491356401087495,0.006209343671798706,0.0,0.0,0.0,17,17,1.0,0.0,353,353,1.0,0.0,525,525,1.0,0.0,0,0,,,0,0,,,0,False,
house_15,link5_front_sensor_3,link5,895,895,1.0,0.48268156424581005,0.0,0.0,0.0,0.0,0.48268156424581005,0.0,0.0,0.0,0.669559887234725,0.3895588203391152,0.25040457844734193,0.5648232698440552,1.2726879000663758,0.24264439940452576,0.29162583659887853,0.0026664137840270996,0.0,0.0,0.0,17,17,1.0,0.0,353,353,1.0,0.0,525,525,1.0,0.0,0,0,,,0,0,,,0,False,
house_15,link6_sensor_0,link6,895,895,1.0,0.5184357541899441,0.18994413407821228,0.12067039106145251,0.027932960893854747,0.027932960893854747,0.5184357541899441,0.18994413407821228,0.12067039106145251,0.027932960893854747,0.4041547277869459,0.1809582555633851,0.054660319164395336,0.4830491840839386,0.566196608543396,0.045664653182029724,0.07029896439374526,0.0005993954837322235,0.0,0.32136105860113423,-0.32136105860113423,17,17,1.0,0.17647058823529413,353,353,1.0,0.1501416430594901,525,525,1.0,0.21714285714285714,0,0,,,0,0,,,1,False,
house_15,link6_sensor_1,link6,895,895,1.0,0.6770949720670391,0.25251396648044694,0.05139664804469274,0.012290502793296089,0.012290502793296089,0.6770949720670391,0.25251396648044694,0.05139664804469274,0.012290502793296089,0.6970230384079439,0.6735034408754368,0.09874550178647042,0.29227107763290405,1.728058862686157,0.024021105840802193,0.5479174962157085,0.0039682649075984955,0.4098360655737705,0.14366729678638943,0.26616876878738105,17,17,1.0,0.47058823529411764,353,353,1.0,0.15864022662889518,525,525,1.0,0.30857142857142855,0,0,,,0,0,,,2,False,
house_15,link6_sensor_2,link6,895,895,1.0,0.9564245810055866,0.24804469273743016,0.05921787709497207,0.04581005586592179,0.04581005586592179,0.9564245810055866,0.24804469273743016,0.05921787709497207,0.04581005586592179,0.3022565593589201,0.13444372055149204,0.07778448387980462,0.3284899890422821,0.4909550189971924,0.012140302918851376,0.08052818623621383,0.0005822330713272095,0.06830601092896176,0.3724007561436673,-0.30409474521470553,17,17,1.0,0.23529411764705882,353,353,1.0,0.21529745042492918,525,525,1.0,0.2704761904761905,0,0,,,0,0,,,3,False,
house_15,link6_sensor_3,link6,895,895,1.0,0.6860335195530727,0.026815642458100558,0.00558659217877095,0.0,0.0,0.6860335195530727,0.026815642458100558,0.00558659217877095,0.0,0.4243545865712885,0.1323010008489359,0.2071380317211151,0.4153836667537689,0.6210151016712189,0.08039180189371109,0.10550896686996133,0.0008766055107116699,0.0,0.045368620037807186,-0.045368620037807186,17,17,1.0,0.0,353,353,1.0,0.0679886685552408,525,525,1.0,0.0,0,0,,,0,0,,,0,False,
house_15,link6_sensor_4,link6,895,895,1.0,0.18994413407821228,0.06480446927374302,0.00782122905027933,0.0,0.0,0.18994413407821228,0.06480446927374302,0.00782122905027933,0.0,0.5461506896678296,0.14670207368482496,0.13673637211322784,0.5559120774269104,0.7416124641895294,0.06202811747789383,0.08901508783975057,0.0011772401630878448,0.0,0.10964083175803403,-0.10964083175803403,17,17,1.0,0.0,353,353,1.0,0.059490084985835696,525,525,1.0,0.07047619047619047,0,0,,,0,0,,,0,False,
house_15,link6_sensor_5,link6,895,895,1.0,0.38994413407821227,0.0067039106145251395,0.0011173184357541898,0.0,0.0,0.38994413407821227,0.0067039106145251395,0.0011173184357541898,0.0,1.0923408049861145,0.6260334163958868,0.27018575370311737,1.464323878288269,1.7582204341888428,0.08182252198457718,0.4910048984405945,0.002811618149280548,0.00819672131147541,0.005671077504725898,0.002525643806749512,17,17,1.0,0.0,353,353,1.0,0.0113314447592068,525,525,1.0,0.0038095238095238095,0,0,,,0,0,,,0,False,
house_16,link1_sensor_0,link1,737,737,1.0,0.0,0.0,0.0,0.0,0.0,0.0,0.0,0.0,0.0,1.6604917180424952,0.26882199231612897,0.5289477705955505,1.715282917022705,1.800127100944519,0.5152397751808167,0.01514872825474271,0.0003218650817871094,0.0,0.0,0.0,21,21,1.0,0.0,379,379,1.0,0.0,337,337,1.0,0.0,0,0,,,0,0,,,0,False,
house_16,link1_sensor_1,link1,737,737,1.0,0.0,0.0,0.0,0.0,0.0,0.0,0.0,0.0,0.0,0.9550078015476263,6.262279195052901e-05,0.9549184679985047,0.9549998641014099,0.9551226615905761,0.9548718333244324,6.029296299164995e-05,3.0472874641418457e-05,0.0,0.0,0.0,21,21,1.0,0.0,379,379,1.0,0.0,337,337,1.0,0.0,0,0,,,0,0,,,0,True,extremely_low_frame_to_frame_variation
house_16,link1_sensor_2,link1,737,737,1.0,0.0,0.0,0.0,0.0,0.0,0.0,0.0,0.0,0.0,1.7198894408858776,0.061202371507553054,1.6509682655334472,1.704289197921753,1.8680461406707756,1.6478724479675293,0.009822457036628058,0.0001163482666015625,0.0,0.0,0.0,21,21,1.0,0.0,379,379,1.0,0.0,337,337,1.0,0.0,0,0,,,0,0,,,0,False,
house_16,link1_sensor_3,link1,737,737,1.0,0.5251017639077341,0.0,0.0,0.0,0.0,0.5251017639077341,0.0,0.0,0.0,0.7756730798869476,0.551614817878004,0.3330801010131836,0.49581971764564514,1.7441807746887206,0.32840609550476074,0.04307001195022223,0.00023499131202697754,0.0,0.0,0.0,21,21,1.0,0.0,379,379,1.0,0.0,337,337,1.0,0.0,0,0,,,0,0,,,0,False,
house_16,link1_sensor_4,link1,737,737,1.0,0.5318860244233379,0.0,0.0,0.0,0.0,0.5318860244233379,0.0,0.0,0.0,0.5295103904431031,0.12365240927379056,0.3671380579471588,0.49269726872444153,0.7660066246986389,0.36237484216690063,0.028272783752188793,0.00045897066593170166,0.0,0.0,0.0,21,21,1.0,0.0,379,379,1.0,0.0,337,337,1.0,0.0,0,0,,,0,0,,,0,False,
house_16,link1_sensor_5,link1,737,737,1.0,1.0,1.0,0.0,0.0,0.0,1.0,1.0,0.0,0.0,0.18646628135661097,4.6034156407854975e-06,0.1864597648382187,0.1864660382270813,0.18647505342960358,0.18645888566970825,4.3663942268053854e-06,2.652406692504883e-06,1.0,1.0,0.0,21,21,1.0,1.0,379,379,1.0,1.0,337,337,1.0,1.0,0,0,,,0,0,,,3,True,activation_lt_0_20m_close_to_1;extremely_low_frame_to_frame_variation
house_16,link1_sensor_6,link1,737,737,1.0,0.0,0.0,0.0,0.0,0.0,0.0,0.0,0.0,0.0,1.6929507714922425,0.023674014510676224,1.6482948064804077,1.6882563829421997,1.7273675918579101,1.6449073553085327,0.009319189343712796,0.00021439790725708008,0.0,0.0,0.0,21,21,1.0,0.0,379,379,1.0,0.0,337,337,1.0,0.0,0,0,,,0,0,,,0,False,
house_16,link2_sensor_0,link2,737,737,1.0,0.07055630936227951,0.0,0.0,0.0,0.0,0.07055630936227951,0.0,0.0,0.0,1.2196662698946945,0.238109495806264,0.4452861607074738,1.2616766691207886,1.4280253171920776,0.40580832958221436,0.07130172657435027,0.001689821481704712,0.0,0.0,0.0,21,21,1.0,0.0,379,379,1.0,0.0,337,337,1.0,0.0,0,0,,,0,0,,,0,False,
house_16,link2_sensor_1,link2,737,737,1.0,0.0,0.0,0.0,0.0,0.0,0.0,0.0,0.0,0.0,1.585051695883193,0.23329163534245154,0.7237561464309697,1.6427010297775269,1.676369547843933,0.5324012041091919,0.01153491885774344,0.00021690130233764648,0.0,0.0,0.0,21,21,1.0,0.0,379,379,1.0,0.0,337,337,1.0,0.0,0,0,,,0,0,,,0,False,
house_16,link2_sensor_2,link2,737,737,1.0,0.0,0.0,0.0,0.0,0.0,0.0,0.0,0.0,0.0,1.2732753195626765,0.33073699687302616,0.7562508940696716,1.4468034505844116,1.674249815940857,0.7395898103713989,0.26898989541608664,0.0019217431545257568,0.0,0.0,0.0,21,21,1.0,0.0,379,379,1.0,0.0,337,337,1.0,0.0,0,0,,,0,0,,,0,False,
house_16,link2_sensor_3,link2,737,737,1.0,0.7245590230664858,0.013568521031207599,0.0027137042062415195,0.0,0.0,0.7245590230664858,0.013568521031207599,0.0027137042062415195,0.0,0.6089868809891362,0.41863901011227483,0.26928234100341797,0.44934025406837463,1.680430793762207,0.08858954906463623,0.06500398210454024,0.0006049647927284241,0.02459016393442623,0.0026954177897574125,0.021894746144668818,21,21,1.0,0.0,379,379,1.0,0.026385224274406333,337,337,1.0,0.0,0,0,,,0,0,,,0,False,
house_16,link2_sensor_4,link2,737,737,1.0,0.2876526458616011,0.0,0.0,0.0,0.0,0.2876526458616011,0.0,0.0,0.0,0.7565601892071792,0.4709419707864573,0.2873540282249451,0.5473518371582031,1.663953137397766,0.24570061266422272,0.4170362773763399,0.0007275789976119995,0.0,0.0,0.0,21,21,1.0,0.0,379,379,1.0,0.0,337,337,1.0,0.0,0,0,,,0,0,,,0,False,
house_16,link2_sensor_5,link2,737,737,1.0,0.10719131614654002,0.0,0.0,0.0,0.0,0.10719131614654002,0.0,0.0,0.0,1.257513470088449,0.601620313945109,0.4517448842525482,1.7794722318649292,1.9300267934799193,0.3936081528663635,0.5178213858860512,0.002430438995361328,0.0,0.0,0.0,21,21,1.0,0.0,379,379,1.0,0.0,337,337,1.0,0.0,0,0,,,0,0,,,0,False,
house_16,link2_sensor_6,link2,737,737,1.0,0.04748982360922659,0.0,0.0,0.0,0.0,0.04748982360922659,0.0,0.0,0.0,0.7240159515205523,0.08885670400755516,0.5059432268142701,0.7640866637229919,0.792952024936676,0.40643611550331116,0.05962287733992937,0.0004088878631591797,0.0,0.0,0.0,21,21,1.0,0.0,379,379,1.0,0.0,337,337,1.0,0.0,0,0,,,0,0,,,0,False,
house_16,link3_sensor_0,link3,737,737,1.0,0.2808683853459973,0.0,0.0,0.0,0.0,0.2808683853459973,0.0,0.0,0.0,0.7321027863462388,0.20571923434492553,0.45743327140808104,0.8883101940155029,0.9366473197937012,0.45022130012512207,0.15713408909595877,0.0004769265651702881,0.0,0.0,0.0,21,21,1.0,0.0,379,379,1.0,0.0,337,337,1.0,0.0,0,0,,,0,0,,,0,False,
house_16,link3_sensor_1,link3,737,737,1.0,0.4681139755766621,0.0,0.0,0.0,0.0,0.4681139755766621,0.0,0.0,0.0,0.632254207696326,0.3811809149586694,0.29841114282608033,0.5221832394599915,1.4910022735595534,0.24366720020771027,0.12434639688345092,0.0021002590656280518,0.0,0.0,0.0,21,21,1.0,0.0,379,379,1.0,0.0,337,337,1.0,0.0,0,0,,,0,0,,,0,False,
house_16,link3_sensor_2,link3,737,737,1.0,0.8493894165535957,0.005427408412483039,0.0,0.0,0.0,0.8493894165535957,0.005427408412483039,0.0,0.0,0.4033088463294134,0.15421353479850025,0.2733456492424011,0.37063872814178467,0.6107508063316345,0.1613713651895523,0.0909792152761585,0.001553274691104889,0.0,0.01078167115902965,-0.01078167115902965,21,21,1.0,0.047619047619047616,379,379,1.0,0.0,337,337,1.0,0.008902077151335312,0,0,,,0,0,,,0,False,
house_16,link3_sensor_3,link3,737,737,1.0,0.2876526458616011,0.024423337856173677,0.005427408412483039,0.0013568521031207597,0.0013568521031207597,0.2876526458616011,0.024423337856173677,0.005427408412483039,0.0013568521031207597,0.7548614159741993,0.2676758674911983,0.4417295098304749,0.9227476119995117,1.0725465297698975,0.03812069073319435,0.21764801738982342,0.001485198736190796,0.01366120218579235,0.03504043126684636,-0.02137922908105401,21,21,1.0,0.0,379,379,1.0,0.047493403693931395,337,337,1.0,0.0,0,0,,,0,0,,,0,False,
house_16,link3_sensor_4,link3,737,737,1.0,0.33921302578018997,0.0,0.0,0.0,0.0,0.33921302578018997,0.0,0.0,0.0,1.1819351348656972,0.6169930116250687,0.3121729612350464,1.6201515197753906,1.7478249311447143,0.28615376353263855,0.26814970255182013,0.0009053349494934082,0.0,0.0,0.0,21,21,1.0,0.0,379,379,1.0,0.0,337,337,1.0,0.0,0,0,,,0,0,,,0,False,
house_16,link4_sensor_0,link4,737,737,1.0,0.7177747625508819,0.0,0.0,0.0,0.0,0.7177747625508819,0.0,0.0,0.0,0.5786282626793213,0.4029504974449584,0.2457478791475296,0.43145379424095154,1.5006711721420287,0.21237912774085999,0.20760113155991033,0.0017788857221603394,0.0,0.0,0.0,21,21,1.0,0.0,379,379,1.0,0.0,337,337,1.0,0.0,0,0,,,0,0,,,0,False,
house_16,link4_sensor_1,link4,737,737,1.0,0.2021709633649932,0.0,0.0,0.0,0.0,0.2021709633649932,0.0,0.0,0.0,1.145854059217581,0.6035500425262496,0.25946498513221744,1.6400469541549683,1.7263463735580444,0.24438737332820892,0.13515135043086898,0.001069188117980957,0.0,0.0,0.0,21,21,1.0,0.0,379,379,1.0,0.0,337,337,1.0,0.0,0,0,,,0,0,,,0,False,
house_16,link4_sensor_2,link4,737,737,1.0,0.5712347354138398,0.0,0.0,0.0,0.0,0.5712347354138398,0.0,0.0,0.0,0.5109540855504441,0.2248402086151027,0.25454357266426086,0.4684167504310608,0.7426765322685241,0.23242563009262085,0.10691935140583272,0.003551200032234192,0.0,0.0,0.0,21,21,1.0,0.0,379,379,1.0,0.0,337,337,1.0,0.0,0,0,,,0,0,,,0,False,
house_16,link4_sensor_3,link4,737,737,1.0,0.17639077340569878,0.0,0.0,0.0,0.0,0.17639077340569878,0.0,0.0,0.0,1.0432812709619104,0.3708187888972981,0.28442407846450807,1.2250933647155762,1.3265104055404664,0.2287515550851822,0.08953550509526528,0.002828657627105713,0.0,0.0,0.0,21,21,1.0,0.0,379,379,1.0,0.0,337,337,1.0,0.0,0,0,,,0,0,,,0,False,
house_16,link4_sensor_4,link4,737,737,1.0,0.009497964721845319,0.0,0.0,0.0,0.0,0.009497964721845319,0.0,0.0,0.0,1.684305175633411,0.23047569412985797,1.6505550622940064,1.7204493284225464,1.8024425745010375,0.47067025303840637,0.016916194902620703,0.0009341835975646973,0.0,0.0,0.0,21,21,1.0,0.0,379,379,1.0,0.0,337,337,1.0,0.0,0,0,,,0,0,,,0,False,
house_16,link5_back_sensor_0,link5,737,737,1.0,0.06377204884667571,0.04341926729986431,0.008141112618724558,0.0027137042062415195,0.0027137042062415195,0.06377204884667571,0.04341926729986431,0.008141112618724558,0.0027137042062415195,1.7624191151277302,0.4241690291140291,0.27280043363571166,1.8225150108337402,2.098366451263428,0.02437061257660389,0.07106457377627573,0.0019252300262451172,0.08743169398907104,0.0,0.08743169398907104,21,21,1.0,0.0,379,379,1.0,0.0,337,337,1.0,0.09495548961424333,0,0,,,0,0,,,0,False,
house_16,link5_back_sensor_1,link5,737,737,1.0,0.0,0.0,0.0,0.0,0.0,0.0,0.0,0.0,0.0,2.0113158856835747,0.10387779062431014,1.87748281955719,1.9917162656784058,2.209783029556274,1.5847253799438477,0.051854001156056886,0.0015347003936767578,0.0,0.0,0.0,21,21,1.0,0.0,379,379,1.0,0.0,337,337,1.0,0.0,0,0,,,0,0,,,0,False,
house_16,link5_back_sensor_2,link5,737,737,1.0,0.6675712347354138,0.22523744911804613,0.06377204884667571,0.05970149253731343,0.05970149253731343,0.6675712347354138,0.22523744911804613,0.06377204884667571,0.05970149253731343,0.6543424375117673,0.6592178389309685,0.032357709109783174,0.27677032351493835,1.746289038658142,0.012388740666210651,0.5106978801280553,0.0012102723121643066,0.3770491803278688,0.07547169811320754,0.3015774822146613,21,21,1.0,0.09523809523809523,379,379,1.0,0.11609498680738786,337,337,1.0,0.3560830860534125,0,0,,,0,0,,,1,False,
house_16,link5_back_sensor_3,link5,737,737,1.0,0.0,0.0,0.0,0.0,0.0,0.0,0.0,0.0,0.0,1.8858159146444768,0.19709710714754436,1.5510425806045531,1.8921101093292236,2.1342250823974607,1.2934356927871704,0.11300971131254041,0.004184126853942871,0.0,0.0,0.0,21,21,1.0,0.0,379,379,1.0,0.0,337,337,1.0,0.0,0,0,,,0,0,,,0,False,
house_16,link5_back_sensor_4,link5,737,737,1.0,0.9877883310719131,0.28900949796472186,0.16010854816824965,0.0203527815468114,0.0203527815468114,0.9877883310719131,0.28900949796472186,0.16010854816824965,0.0203527815468114,0.26077562982527336,0.1418542503301302,0.05720701962709427,0.27341580390930176,0.4280970275402069,0.013855690136551857,0.0737424212258388,0.0015649199485778809,0.44808743169398907,0.1320754716981132,0.31601195999587584,21,21,1.0,0.2857142857142857,379,379,1.0,0.22163588390501318,337,337,1.0,0.3649851632047478,0,0,,,0,0,,,3,False,
house_16,link5_back_sensor_5,link5,737,737,1.0,0.9131614654002713,0.4559023066485753,0.16824966078697423,0.054274084124830396,0.054274084124830396,0.9131614654002713,0.4559023066485753,0.16824966078697423,0.054274084124830396,0.35000480523552835,0.4185733745961628,0.04821287691593171,0.241721510887146,1.6492154121398925,0.012140302918851376,0.16536755221969549,0.0014496073126792908,0.5601092896174863,0.353099730458221,0.20700955915926528,21,21,1.0,0.5238095238095238,379,379,1.0,0.40633245382585753,337,337,1.0,0.5074183976261127,0,0,,,0,0,,,3,False,
house_16,link5_front_sensor_0,link5,737,737,1.0,0.2021709633649932,0.037991858887381276,0.0,0.0,0.0,0.2021709633649932,0.037991858887381276,0.0,0.0,1.4208714523462622,0.5746895447615809,0.22014908492565155,1.6780407428741455,1.8115733861923218,0.16838116943836212,0.05218981666215307,0.0024819672107696533,0.07650273224043716,0.0,0.07650273224043716,21,21,1.0,0.0,379,379,1.0,0.0,337,337,1.0,0.0830860534124629,0,0,,,0,0,,,0,False,
house_16,link5_front_sensor_1,link5,737,737,1.0,0.0,0.0,0.0,0.0,0.0,0.0,0.0,0.0,0.0,2.1397412827736324,0.1159272272969159,1.9656653881072998,2.140302896499634,2.30184121131897,1.5489957332611084,0.08275832631900865,0.005078017711639404,0.0,0.0,0.0,21,21,1.0,0.0,379,379,1.0,0.0,337,337,1.0,0.0,0,0,,,0,0,,,0,False,
house_16,link5_front_sensor_2,link5,737,737,1.0,0.0,0.0,0.0,0.0,0.0,0.0,0.0,0.0,0.0,2.0914251270578865,0.12015006264687779,1.910509753227234,2.0843613147735596,2.2997139930725097,1.504490613937378,0.08807990451010717,0.005094736814498901,0.0,0.0,0.0,21,21,1.0,0.0,379,379,1.0,0.0,337,337,1.0,0.0,0,0,,,0,0,,,0,False,
house_16,link5_front_sensor_3,link5,737,737,1.0,0.3622795115332429,0.0,0.0,0.0,0.0,0.3622795115332429,0.0,0.0,0.0,0.7681844615790705,0.3457632552052069,0.2848500430583954,0.9563373327255249,1.1648860216140746,0.26792028546333313,0.19182738853477685,0.003676280379295349,0.0,0.0,0.0,21,21,1.0,0.0,379,379,1.0,0.0,337,337,1.0,0.0,0,0,,,0,0,,,0,False,
house_16,link6_sensor_0,link6,737,737,1.0,0.6784260515603799,0.14382632293080055,0.0,0.0,0.0,0.6784260515603799,0.14382632293080055,0.0,0.0,0.37807703195101855,0.15821559031155616,0.15073935091495513,0.3555905222892761,0.6217532873153686,0.11576810479164124,0.08842164089651153,0.0005684792995452881,0.1557377049180328,0.1320754716981132,0.023662233219919587,21,21,1.0,0.14285714285714285,379,379,1.0,0.1741424802110818,337,337,1.0,0.10979228486646884,0,0,,,0,0,,,0,False,
house_16,link6_sensor_1,link6,737,737,1.0,0.7761194029850746,0.39077340569877883,0.18317503392130258,0.08819538670284939,0.08819538670284939,0.7761194029850746,0.39077340569877883,0.18317503392130258,0.08819538670284939,0.5413704478173053,0.6117655377891603,0.04066496342420578,0.29132333397865295,1.7499199390411377,0.012684531509876251,0.5837088845065949,0.003266476094722748,0.5327868852459017,0.25067385444743934,0.28211303079846234,21,21,1.0,0.19047619047619047,379,379,1.0,0.1266490765171504,337,337,1.0,0.7002967359050445,0,0,,,0,0,,,1,False,
house_16,link6_sensor_2,link6,737,737,1.0,0.9470827679782904,0.5074626865671642,0.06241519674355495,0.0027137042062415195,0.0027137042062415195,0.9470827679782904,0.5074626865671642,0.06241519674355495,0.0027137042062415195,0.24486889800731612,0.13136841179402736,0.08864534795284272,0.19619204103946686,0.5093542337417598,0.012140302918851376,0.06830588334310615,0.001199372112751007,0.41530054644808745,0.5983827493261455,-0.1830822028780581,21,21,1.0,0.7142857142857143,379,379,1.0,0.5646437994722955,337,337,1.0,0.43026706231454004,0,0,,,0,0,,,3,False,
house_16,link6_sensor_3,link6,737,737,1.0,0.4151967435549525,0.025780189959294438,0.0,0.0,0.0,0.4151967435549525,0.025780189959294438,0.0,0.0,0.47485984527231717,0.14021568467488407,0.20888181328773497,0.5152496695518494,0.6473594665527344,0.12223183363676071,0.05843499735376832,0.0006470084190368652,0.01639344262295082,0.03504043126684636,-0.01864698864389554,21,21,1.0,0.0,379,379,1.0,0.05013192612137203,337,337,1.0,0.0,0,0,,,0,0,,,0,False,
house_16,link6_sensor_4,link6,737,737,1.0,0.45047489823609227,0.008141112618724558,0.0,0.0,0.0,0.45047489823609227,0.008141112618724558,0.0,0.0,0.5331147096778192,0.15416725083255914,0.23759389519691468,0.5283312797546387,0.766737151145935,0.15779365599155426,0.0967369834914329,0.0017106235027313232,0.01639344262295082,0.0,0.01639344262295082,21,21,1.0,0.0,379,379,1.0,0.0158311345646438,337,337,1.0,0.0,0,0,,,0,0,,,0,False,
house_16,link6_sensor_5,link6,737,737,1.0,0.24423337856173677,0.06919945725915876,0.054274084124830396,0.052917232021709636,0.052917232021709636,0.24423337856173677,0.06919945725915876,0.054274084124830396,0.052917232021709636,1.3534011028990087,0.645306232985622,0.03599998429417612,1.7205674648284912,1.8218294858932493,0.025902099907398224,0.15054862678718842,0.0010207900777459145,0.13934426229508196,0.0,0.13934426229508196,21,21,1.0,0.0,379,379,1.0,0.010554089709762533,337,337,1.0,0.1394658753709199,0,0,,,0,0,,,0,False,
house_17,link1_sensor_0,link1,808,808,1.0,0.0,0.0,0.0,0.0,0.0,0.0,0.0,0.0,0.0,1.6711754587912326,0.23785191373185796,1.6577673077583313,1.7180725932121277,1.7752912580966949,0.528322696685791,0.01890135425344143,0.00046709179878234863,0.0,0.0,0.0,18,18,1.0,0.0,356,356,1.0,0.0,434,434,1.0,0.0,0,0,,,0,0,,,0,False,
house_17,link1_sensor_1,link1,808,808,1.0,0.0,0.0,0.0,0.0,0.0,0.0,0.0,0.0,0.0,0.9550030349504829,5.744736974360048e-05,0.9549152493476868,0.9549961388111115,0.955101016163826,0.9548571705818176,5.4564389339907226e-05,3.618001937866211e-05,0.0,0.0,0.0,18,18,1.0,0.0,356,356,1.0,0.0,434,434,1.0,0.0,0,0,,,0,0,,,0,True,extremely_low_frame_to_frame_variation
house_17,link1_sensor_2,link1,808,808,1.0,0.0,0.0,0.0,0.0,0.0,0.0,0.0,0.0,0.0,1.7186271048123294,0.040018242834668094,1.6746814370155334,1.7106741666793823,1.8036414325237273,1.6724660396575928,0.008000294853193979,0.00019288063049316406,0.0,0.0,0.0,18,18,1.0,0.0,356,356,1.0,0.0,434,434,1.0,0.0,0,0,,,0,0,,,0,False,
house_17,link1_sensor_3,link1,808,808,1.0,0.6732673267326733,0.0,0.0,0.0,0.0,0.6732673267326733,0.0,0.0,0.0,0.6268179234818065,0.44753925924030535,0.3394197329878807,0.4603736698627472,1.7014327704906465,0.3252840042114258,0.09232442194572099,0.0006377249956130981,0.0,0.0,0.0,18,18,1.0,0.0,356,356,1.0,0.0,434,434,1.0,0.0,0,0,,,0,0,,,0,False,
house_17,link1_sensor_4,link1,808,808,1.0,0.6881188118811881,0.0,0.0,0.0,0.0,0.6881188118811881,0.0,0.0,0.0,0.5008814895138292,0.12694995364233058,0.37450476437807084,0.45954038202762604,0.73933365046978,0.360394686460495,0.03604214861625325,0.0005831941962242126,0.0,0.0,0.0,18,18,1.0,0.0,356,356,1.0,0.0,434,434,1.0,0.0,0,0,,,0,0,,,0,False,
house_17,link1_sensor_5,link1,808,808,1.0,1.0,1.0,0.0,0.0,0.0,1.0,1.0,0.0,0.0,0.18646572104258702,4.471729789693019e-06,0.18645967543125153,0.18646502494812012,0.1864742234349251,0.1864587813615799,4.189845087330203e-06,3.0584633350372314e-06,1.0,1.0,0.0,18,18,1.0,1.0,356,356,1.0,1.0,434,434,1.0,1.0,0,0,,,0,0,,,3,True,activation_lt_0_20m_close_to_1;extremely_low_frame_to_frame_variation
house_17,link1_sensor_6,link1,808,808,1.0,0.0,0.0,0.0,0.0,0.0,0.0,0.0,0.0,0.0,1.703635709415568,0.025792047212467042,1.6652135252952576,1.706897258758545,1.749939250946045,1.6564942598342896,0.008565413727996843,0.0004540681838989258,0.0,0.0,0.0,18,18,1.0,0.0,356,356,1.0,0.0,434,434,1.0,0.0,0,0,,,0,0,,,0,False,
house_17,link2_sensor_0,link2,808,808,1.0,0.008663366336633664,0.0,0.0,0.0,0.0,0.008663366336633664,0.0,0.0,0.0,1.2706237246494483,0.14870987654578988,1.1712163388729095,1.244217038154602,1.4595312297344207,0.44816267490386963,0.09590737104501246,0.0030516386032104492,0.0,0.0,0.0,18,18,1.0,0.0,356,356,1.0,0.0,434,434,1.0,0.0,0,0,,,0,0,,,0,False,
house_17,link2_sensor_1,link2,808,808,1.0,0.0,0.0,0.0,0.0,0.0,0.0,0.0,0.0,0.0,1.633227171136601,0.02368379081536118,1.5993936598300933,1.6309741139411926,1.6796040177345275,1.5839077234268188,0.007070357142406466,0.0002498030662536621,0.0,0.0,0.0,18,18,1.0,0.0,356,356,1.0,0.0,434,434,1.0,0.0,0,0,,,0,0,,,0,False,
house_17,link2_sensor_2,link2,808,808,1.0,0.0,0.0,0.0,0.0,0.0,0.0,0.0,0.0,0.0,1.3184469288381018,0.3216069503028543,0.760964211821556,1.4404782056808472,1.6755936324596405,0.7406305074691772,0.29325335541907516,0.0052610039710998535,0.0,0.0,0.0,18,18,1.0,0.0,356,356,1.0,0.0,434,434,1.0,0.0,0,0,,,0,0,,,0,False,
house_17,link2_sensor_3,link2,808,808,1.0,0.6138613861386139,0.012376237623762377,0.0,0.0,0.0,0.6138613861386139,0.012376237623762377,0.0,0.0,0.559829453107818,0.3371930161718373,0.33581121265888214,0.4438372999429703,1.6754018247127533,0.10737026482820511,0.11201320542708135,0.0013286694884300232,0.014044943820224719,0.0,0.014044943820224719,18,18,1.0,0.0,356,356,1.0,0.028089887640449437,434,434,1.0,0.0,0,0,,,0,0,,,0,False,
house_17,link2_sensor_4,link2,808,808,1.0,0.34282178217821785,0.0,0.0,0.0,0.0,0.34282178217821785,0.0,0.0,0.0,0.7867960300259661,0.5082275555009131,0.3420772224664688,0.5389033257961273,1.6570830643177032,0.2788041830062866,0.4044241323685277,0.0009729042649269104,0.0,0.0,0.0,18,18,1.0,0.0,356,356,1.0,0.0,434,434,1.0,0.0,0,0,,,0,0,,,0,False,
house_17,link2_sensor_5,link2,808,808,1.0,0.039603960396039604,0.0,0.0,0.0,0.0,0.039603960396039604,0.0,0.0,0.0,1.222548085015894,0.6140621414801307,0.5081567078828811,0.85926952958107,1.922165322303772,0.4385239779949188,0.551857526159125,0.0029996931552886963,0.0,0.0,0.0,18,18,1.0,0.0,356,356,1.0,0.0,434,434,1.0,0.0,0,0,,,0,0,,,0,False,
house_17,link2_sensor_6,link2,808,808,1.0,0.027227722772277228,0.0,0.0,0.0,0.0,0.027227722772277228,0.0,0.0,0.0,0.7467455803093933,0.06255398270082697,0.7069484174251557,0.7641814053058624,0.7987057983875274,0.4073956310749054,0.026271758777647494,0.00035941600799560547,0.0,0.0,0.0,18,18,1.0,0.0,356,356,1.0,0.0,434,434,1.0,0.0,0,0,,,0,0,,,0,False,
house_17,link3_sensor_0,link3,808,808,1.0,0.1967821782178218,0.0,0.0,0.0,0.0,0.1967821782178218,0.0,0.0,0.0,0.7816166565338574,0.18419342633127064,0.4556621342897415,0.8802677690982819,0.9359115481376648,0.4484841823577881,0.1697032494154853,0.0007538795471191406,0.0,0.0,0.0,18,18,1.0,0.0,356,356,1.0,0.0,434,434,1.0,0.0,0,0,,,0,0,,,0,False,
house_17,link3_sensor_1,link3,808,808,1.0,0.44925742574257427,0.0,0.0,0.0,0.0,0.44925742574257427,0.0,0.0,0.0,0.7307925043387872,0.5022892877851652,0.2763283208012581,0.521319180727005,1.6853943109512328,0.23477330803871155,0.1876944807016726,0.002887904644012451,0.0,0.0,0.0,18,18,1.0,0.0,356,356,1.0,0.0,434,434,1.0,0.0,0,0,,,0,0,,,0,False,
house_17,link3_sensor_2,link3,808,808,1.0,0.801980198019802,0.0,0.0,0.0,0.0,0.801980198019802,0.0,0.0,0.0,0.42264478605720074,0.171823029904696,0.29098999351263044,0.3875986486673355,0.6075811356306074,0.22675570845603943,0.09290845055039346,0.0018155425786972046,0.0,0.0,0.0,18,18,1.0,0.0,356,356,1.0,0.0,434,434,1.0,0.0,0,0,,,0,0,,,0,False,
house_17,link3_sensor_3,link3,808,808,1.0,0.24876237623762376,0.023514851485148515,0.009900990099009901,0.0,0.0,0.24876237623762376,0.023514851485148515,0.009900990099009901,0.0,0.7955704491198211,0.25984186733232395,0.44356979578733446,0.9144091606140137,1.0780908703804015,0.08219841867685318,0.23626811006480164,0.002779647707939148,0.021067415730337078,0.041666666666666664,-0.020599250936329586,18,18,1.0,0.0,356,356,1.0,0.05337078651685393,434,434,1.0,0.0,0,0,,,0,0,,,0,False,
house_17,link3_sensor_4,link3,808,808,1.0,0.4121287128712871,0.0,0.0,0.0,0.0,0.4121287128712871,0.0,0.0,0.0,1.1286737407640657,0.6390545235169858,0.3370004236698151,1.6316881775856018,1.7535410702228547,0.2973747253417969,0.5048899145016309,0.001380525529384613,0.0,0.0,0.0,18,18,1.0,0.0,356,356,1.0,0.0,434,434,1.0,0.0,0,0,,,0,0,,,0,False,
house_17,link4_sensor_0,link4,808,808,1.0,0.8106435643564357,0.013613861386138614,0.0,0.0,0.0,0.8106435643564357,0.013613861386138614,0.0,0.0,0.44658334184401105,0.27171591150382846,0.21420629546046258,0.42525210976600647,1.48254052400589,0.1880757063627243,0.1260385117230975,0.0025304295122623444,0.01544943820224719,0.0,0.01544943820224719,18,18,1.0,0.0,356,356,1.0,0.0,434,434,1.0,0.02534562211981567,0,0,,,0,0,,,0,False,
house_17,link4_sensor_1,link4,808,808,1.0,0.28465346534653463,0.0,0.0,0.0,0.0,0.28465346534653463,0.0,0.0,0.0,1.1773997618641594,0.6230739778231735,0.325381138920784,1.6704010367393494,1.7355308413505555,0.3032120168209076,0.1766548754558982,0.0018543004989624023,0.0,0.0,0.0,18,18,1.0,0.0,356,356,1.0,0.0,434,434,1.0,0.0,0,0,,,0,0,,,0,False,
house_17,link4_sensor_2,link4,808,808,1.0,0.6745049504950495,0.0,0.0,0.0,0.0,0.6745049504950495,0.0,0.0,0.0,0.4846992111663417,0.22597075469555306,0.27500338554382325,0.46300165355205536,0.6612996160984039,0.25041264295578003,0.13617743410770775,0.0036620572209358215,0.0,0.0,0.0,18,18,1.0,0.0,356,356,1.0,0.0,434,434,1.0,0.0,0,0,,,0,0,,,0,False,
house_17,link4_sensor_3,link4,808,808,1.0,0.25742574257425743,0.0,0.0,0.0,0.0,0.25742574257425743,0.0,0.0,0.0,0.987631991099898,0.41292622488315267,0.2683011546730995,1.2256537675857544,1.3611843943595885,0.21517640352249146,0.08164388721831184,0.002825595438480377,0.0,0.0,0.0,18,18,1.0,0.0,356,356,1.0,0.0,434,434,1.0,0.0,0,0,,,0,0,,,0,False,
house_17,link4_sensor_4,link4,808,808,1.0,0.018564356435643563,0.0,0.0,0.0,0.0,0.018564356435643563,0.0,0.0,0.0,1.595064043297921,0.39743472403089497,0.5783144861459732,1.7340962886810303,1.8193374156951905,0.3848673403263092,0.020271261574496463,0.0014158189296722412,0.0,0.0,0.0,18,18,1.0,0.0,356,356,1.0,0.0,434,434,1.0,0.0,0,0,,,0,0,,,0,False,
house_17,link5_back_sensor_0,link5,808,808,1.0,0.13242574257425743,0.0049504950495049506,0.0,0.0,0.0,0.13242574257425743,0.0049504950495049506,0.0,0.0,1.662736456481611,0.5188740639385716,0.38288761377334596,1.801857590675354,2.0477688312530518,0.10194946080446243,0.2644859164494765,0.001524209976196289,0.0056179775280898875,0.0,0.0056179775280898875,18,18,1.0,0.0,356,356,1.0,0.0,434,434,1.0,0.009216589861751152,0,0,,,0,0,,,0,False,
house_17,link5_back_sensor_1,link5,808,808,1.0,0.0,0.0,0.0,0.0,0.0,0.0,0.0,0.0,0.0,1.9915078578904124,0.1348716776073974,1.8182771921157836,1.980508267879486,2.241016221046448,1.6806597709655762,0.054129753616059074,0.002406090497970581,0.0,0.0,0.0,18,18,1.0,0.0,356,356,1.0,0.0,434,434,1.0,0.0,0,0,,,0,0,,,0,False,
house_17,link5_back_sensor_2,link5,808,808,1.0,0.6881188118811881,0.2202970297029703,0.12004950495049505,0.09653465346534654,0.09653465346534654,0.6881188118811881,0.2202970297029703,0.12004950495049505,0.09653465346534654,0.6493129137463148,0.6359420200233145,0.02776878187432885,0.32580314576625824,1.6844369351863862,0.012140302918851376,0.5063554694115908,0.001712976023554802,0.25,0.0,0.25,18,18,1.0,0.05555555555555555,356,356,1.0,0.07865168539325842,434,434,1.0,0.3433179723502304,0,0,,,0,0,,,1,False,
house_17,link5_back_sensor_3,link5,808,808,1.0,0.0,0.0,0.0,0.0,0.0,0.0,0.0,0.0,0.0,1.7563698588326424,0.20793143810030915,1.4187010169029235,1.8059083223342896,2.05061753988266,1.2584404945373535,0.10075560014716976,0.007892906665802002,0.0,0.0,0.0,18,18,1.0,0.0,356,356,1.0,0.0,434,434,1.0,0.0,0,0,,,0,0,,,0,False,
house_17,link5_back_sensor_4,link5,808,808,1.0,0.974009900990099,0.2957920792079208,0.13985148514851486,0.0049504950495049506,0.0049504950495049506,0.974009900990099,0.2957920792079208,0.13985148514851486,0.0049504950495049506,0.3006303648021773,0.18449428968154108,0.07395517751574517,0.318170890212059,0.4333271160721779,0.03926295042037964,0.08497910632078445,0.0021413303911685944,0.3300561797752809,0.041666666666666664,0.2883895131086142,18,18,1.0,0.2777777777777778,356,356,1.0,0.14887640449438203,434,434,1.0,0.41705069124423966,0,0,,,0,0,,,2,False,
house_17,link5_back_sensor_5,link5,808,808,1.0,0.9282178217821783,0.40717821782178215,0.1646039603960396,0.054455445544554455,0.054455445544554455,0.9282178217821783,0.40717821782178215,0.1646039603960396,0.054455445544554455,0.3436532898017639,0.3711198053096909,0.04863225277513265,0.26395630836486816,1.6117044031620025,0.012140302918851376,0.2961417355876654,0.0021811723709106445,0.44662921348314605,0.11458333333333333,0.33204588014981273,18,18,1.0,0.2222222222222222,356,356,1.0,0.3258426966292135,434,434,1.0,0.4815668202764977,0,0,,,0,0,,,3,False,
house_17,link5_front_sensor_0,link5,808,808,1.0,0.28589108910891087,0.03217821782178218,0.0,0.0,0.0,0.28589108910891087,0.03217821782178218,0.0,0.0,1.2863655355528438,0.6362854372280964,0.21026572734117507,1.6660805940628052,1.7919340968132018,0.1801770180463791,0.11759658769402975,0.00272330641746521,0.03651685393258427,0.0,0.03651685393258427,18,18,1.0,0.0,356,356,1.0,0.0,434,434,1.0,0.059907834101382486,0,0,,,0,0,,,0,False,
house_17,link5_front_sensor_1,link5,808,808,1.0,0.0,0.0,0.0,0.0,0.0,0.0,0.0,0.0,0.0,2.153851650876574,0.12303111405454824,1.9421453714370727,2.152614951133728,2.3159819960594175,1.5984801054000854,0.10176798128094519,0.006034255027770996,0.0,0.0,0.0,18,18,1.0,0.0,356,356,1.0,0.0,434,434,1.0,0.0,0,0,,,0,0,,,0,False,
house_17,link5_front_sensor_2,link5,808,808,1.0,0.0,0.0,0.0,0.0,0.0,0.0,0.0,0.0,0.0,2.0279689543318047,0.11563787920850506,1.795409470796585,2.044868588447571,2.176244556903839,1.5285590887069702,0.06712612572991404,0.005332767963409424,0.0,0.0,0.0,18,18,1.0,0.0,356,356,1.0,0.0,434,434,1.0,0.0,0,0,,,0,0,,,0,False,
house_17,link5_front_sensor_3,link5,808,808,1.0,0.3217821782178218,0.0,0.0,0.0,0.0,0.3217821782178218,0.0,0.0,0.0,0.7995934133408683,0.3411974642234715,0.3337677657604218,0.9827298820018768,1.2309097588062285,0.29272228479385376,0.21339635790037195,0.002997457981109619,0.0,0.0,0.0,18,18,1.0,0.0,356,356,1.0,0.0,434,434,1.0,0.0,0,0,,,0,0,,,0,False,
house_17,link6_sensor_0,link6,808,808,1.0,0.6002475247524752,0.11138613861386139,0.0,0.0,0.0,0.6002475247524752,0.11138613861386139,0.0,0.0,0.3913890181459708,0.17553060564540968,0.16976149156689643,0.3219228535890579,0.7092572718858718,0.14001615345478058,0.07348902824828957,0.0007778406143188477,0.125,0.010416666666666666,0.11458333333333333,18,18,1.0,0.05555555555555555,356,356,1.0,0.042134831460674156,434,434,1.0,0.17050691244239632,0,0,,,0,0,,,0,False,
house_17,link6_sensor_1,link6,808,808,1.0,0.5767326732673267,0.3353960396039604,0.055693069306930694,0.0,0.0,0.5767326732673267,0.3353960396039604,0.055693069306930694,0.0,0.808597014276403,0.7118027521930749,0.09637973383069039,0.3404311388731003,1.7580885231494903,0.057015255093574524,0.4732426852544209,0.003105856478214264,0.3792134831460674,0.010416666666666666,0.3687968164794007,18,18,1.0,0.2222222222222222,356,356,1.0,0.14325842696629212,434,434,1.0,0.4976958525345622,0,0,,,0,0,,,2,False,
house_17,link6_sensor_2,link6,808,808,1.0,0.905940594059406,0.3551980198019802,0.04207920792079208,0.0049504950495049506,0.0049504950495049506,0.905940594059406,0.3551980198019802,0.04207920792079208,0.0049504950495049506,0.2840667448622073,0.1383982195971231,0.11845889948308468,0.24363665282726288,0.5170148342847825,0.014952189289033413,0.07050178384615674,0.0011403411626815796,0.37359550561797755,0.21875,0.15484550561797755,18,18,1.0,0.4444444444444444,356,356,1.0,0.2443820224719101,434,434,1.0,0.4423963133640553,0,0,,,0,0,,,3,False,
house_17,link6_sensor_3,link6,808,808,1.0,0.45792079207920794,0.07673267326732673,0.0,0.0,0.0,0.45792079207920794,0.07673267326732673,0.0,0.0,0.4479424198536147,0.1645721818298575,0.15722745060920715,0.5192176401615143,0.6567640721797943,0.12014753371477127,0.06459493617668047,0.001121915876865387,0.07162921348314606,0.11458333333333333,-0.04295411985018727,18,18,1.0,0.05555555555555555,356,356,1.0,0.03651685393258427,434,434,1.0,0.11059907834101383,0,0,,,0,0,,,0,False,
house_17,link6_sensor_4,link6,808,808,1.0,0.6101485148514851,0.0012376237623762376,0.0,0.0,0.0,0.6101485148514851,0.0012376237623762376,0.0,0.0,0.46331753384432584,0.16476981332921561,0.23774063140153884,0.43194375932216644,0.7631794840097427,0.1730278581380844,0.12027869928778359,0.00171738862991333,0.0014044943820224719,0.0,0.0014044943820224719,18,18,1.0,0.05555555555555555,356,356,1.0,0.0,434,434,1.0,0.0,0,0,,,0,0,,,0,False,
house_17,link6_sensor_5,link6,808,808,1.0,0.25742574257425743,0.011138613861386138,0.0,0.0,0.0,0.25742574257425743,0.011138613861386138,0.0,0.0,1.297341120309464,0.5584111652498784,0.34877235144376756,1.5524680018424988,1.7864475309848784,0.15293611586093903,0.12177150758408092,0.0029908716678619385,0.012640449438202247,0.0,0.012640449438202247,18,18,1.0,0.0,356,356,1.0,0.0056179775280898875,434,434,1.0,0.016129032258064516,0,0,,,0,0,,,0,False,
house_18,link1_sensor_0,link1,791,791,1.0,0.0012642225031605564,0.0,0.0,0.0,0.0,0.0012642225031605564,0.0,0.0,0.0,1.6564648576391632,0.2853291939114135,0.6824902296066284,1.7355369329452515,1.7870378494262695,0.48737633228302,0.015816280990534982,0.0008934736251831055,0.0,0.0,0.0,25,25,1.0,0.0,342,342,1.0,0.0,424,424,1.0,0.0,0,0,,,0,0,,,0,False,
house_18,link1_sensor_1,link1,791,791,1.0,0.0,0.0,0.0,0.0,0.0,0.0,0.0,0.0,0.0,0.9549910011695398,5.0778821486303726e-05,0.9549199938774109,0.9549849629402161,0.9550875127315521,0.9548513889312744,4.880987311916585e-05,3.75211238861084e-05,0.0,0.0,0.0,25,25,1.0,0.0,342,342,1.0,0.0,424,424,1.0,0.0,0,0,,,0,0,,,0,True,extremely_low_frame_to_frame_variation
house_18,link1_sensor_2,link1,791,791,1.0,0.0,0.0,0.0,0.0,0.0,0.0,0.0,0.0,0.0,1.7341152239689785,0.06440897393770253,1.6724038124084473,1.719897747039795,1.8917199969291687,1.6631157398223877,0.013419869956201619,0.0006342232227325439,0.0,0.0,0.0,25,25,1.0,0.0,342,342,1.0,0.0,424,424,1.0,0.0,0,0,,,0,0,,,0,False,
house_18,link1_sensor_3,link1,791,791,1.0,0.42351453855878635,0.0,0.0,0.0,0.0,0.42351453855878635,0.0,0.0,0.0,0.8934772075654281,0.5899888168302616,0.3385876566171646,0.5542049407958984,1.760024905204773,0.2699257731437683,0.12980378939716497,0.0005573779344558716,0.0,0.0,0.0,25,25,1.0,0.0,342,342,1.0,0.0,424,424,1.0,0.0,0,0,,,0,0,,,0,False,
house_18,link1_sensor_4,link1,791,791,1.0,0.43236409608091025,0.0,0.0,0.0,0.0,0.43236409608091025,0.0,0.0,0.0,0.546840173631492,0.11641926043679958,0.37384796142578125,0.5468675494194031,0.7660087049007416,0.34476202726364136,0.04478979348875649,0.0016505420207977295,0.0,0.0,0.0,25,25,1.0,0.0,342,342,1.0,0.0,424,424,1.0,0.0,0,0,,,0,0,,,0,False,
house_18,link1_sensor_5,link1,791,791,1.0,1.0,1.0,0.0,0.0,0.0,1.0,1.0,0.0,0.0,0.18646468225908944,3.885889243893052e-06,0.1864595040678978,0.1864640861749649,0.1864718496799469,0.1864585429430008,3.679910511988e-06,3.248453140258789e-06,1.0,1.0,0.0,25,25,1.0,1.0,342,342,1.0,1.0,424,424,1.0,1.0,0,0,,,0,0,,,3,True,activation_lt_0_20m_close_to_1;extremely_low_frame_to_frame_variation
house_18,link1_sensor_6,link1,791,791,1.0,0.0,0.0,0.0,0.0,0.0,0.0,0.0,0.0,0.0,1.7031261553203714,0.03192952122046859,1.650328516960144,1.702693223953247,1.778962790966034,1.6450371742248535,0.014029456932634986,0.0006586909294128418,0.0,0.0,0.0,25,25,1.0,0.0,342,342,1.0,0.0,424,424,1.0,0.0,0,0,,,0,0,,,0,False,
house_18,link2_sensor_0,link2,791,791,1.0,0.07332490518331226,0.0,0.0,0.0,0.0,0.07332490518331226,0.0,0.0,0.0,1.2403811743452335,0.2741496750492737,0.47509273886680603,1.2951123714447021,1.4845240712165833,0.44508466124534607,0.10148629604912078,0.004892364144325256,0.0,0.0,0.0,25,25,1.0,0.0,342,342,1.0,0.0,424,424,1.0,0.0,0,0,,,0,0,,,0,False,
house_18,link2_sensor_1,link2,791,791,1.0,0.0,0.0,0.0,0.0,0.0,0.0,0.0,0.0,0.0,1.6233866478489563,0.08202320921688074,1.5786668062210083,1.6313239336013794,1.6744925379753113,0.7808478474617004,0.011731921553354481,0.0004911124706268311,0.0,0.0,0.0,25,25,1.0,0.0,342,342,1.0,0.0,424,424,1.0,0.0,0,0,,,0,0,,,0,False,
house_18,link2_sensor_2,link2,791,791,1.0,0.0,0.0,0.0,0.0,0.0,0.0,0.0,0.0,0.0,1.3017484138798625,0.2834353825179245,0.7584783136844635,1.4373589754104614,1.57371586561203,0.7391012907028198,0.2698002932658007,0.005790442228317261,0.0,0.0,0.0,25,25,1.0,0.0,342,342,1.0,0.0,424,424,1.0,0.0,0,0,,,0,0,,,0,False,
house_18,link2_sensor_3,link2,791,791,1.0,0.7307206068268015,0.011378002528445006,0.0025284450063211127,0.0,0.0,0.7307206068268015,0.011378002528445006,0.0025284450063211127,0.0,0.5221535106072986,0.324449136628328,0.23977303504943848,0.4343855381011963,1.5158597826957703,0.09130813181400299,0.07521984829386823,0.0020045340061187744,0.009868421052631578,0.012320328542094456,-0.002451907489462878,25,25,1.0,0.0,342,342,1.0,0.02631578947368421,424,424,1.0,0.0,0,0,,,0,0,,,0,False,
house_18,link2_sensor_4,link2,791,791,1.0,0.4538558786346397,0.0,0.0,0.0,0.0,0.4538558786346397,0.0,0.0,0.0,0.7394442524002717,0.4484808102851133,0.4322499781847,0.532142162322998,1.6588695049285889,0.3320186734199524,0.4281716039238393,0.0013158619403839111,0.0,0.0,0.0,25,25,1.0,0.0,342,342,1.0,0.0,424,424,1.0,0.0,0,0,,,0,0,,,0,False,
house_18,link2_sensor_5,link2,791,791,1.0,0.0,0.0,0.0,0.0,0.0,0.0,0.0,0.0,0.0,1.29101278507604,0.5939512624217124,0.5631707608699799,1.7806665897369385,1.9228333234786987,0.5088890790939331,0.49675123070573923,0.004845321178436279,0.0,0.0,0.0,25,25,1.0,0.0,342,342,1.0,0.0,424,424,1.0,0.0,0,0,,,0,0,,,0,False,
house_18,link2_sensor_6,link2,791,791,1.0,0.08091024020227561,0.0,0.0,0.0,0.0,0.08091024020227561,0.0,0.0,0.0,0.7331878901959672,0.09931041645633719,0.47509002685546875,0.7688500881195068,0.8039190769195557,0.3927808403968811,0.05429733623679227,0.0015580952167510986,0.0,0.0,0.0,25,25,1.0,0.0,342,342,1.0,0.0,424,424,1.0,0.0,0,0,,,0,0,,,0,False,
house_18,link3_sensor_0,link3,791,791,1.0,0.21997471554993678,0.0,0.0,0.0,0.0,0.21997471554993678,0.0,0.0,0.0,0.7907228607368831,0.19452434927873063,0.454358235001564,0.9059411287307739,0.9445711076259613,0.4483562707901001,0.1892373784310396,0.0010020583868026733,0.0,0.0,0.0,25,25,1.0,0.0,342,342,1.0,0.0,424,424,1.0,0.0,0,0,,,0,0,,,0,False,
house_18,link3_sensor_1,link3,791,791,1.0,0.17446270543615677,0.0,0.0,0.0,0.0,0.17446270543615677,0.0,0.0,0.0,0.9580992327628636,0.5412690981071383,0.314506396651268,0.639103889465332,1.6973080039024353,0.2370329648256302,0.2689154570419037,0.003642946481704712,0.0,0.0,0.0,25,25,1.0,0.0,342,342,1.0,0.0,424,424,1.0,0.0,0,0,,,0,0,,,0,False,
house_18,link3_sensor_2,link3,791,791,1.0,0.7926675094816688,0.0,0.0,0.0,0.0,0.7926675094816688,0.0,0.0,0.0,0.445736975909485,0.14249314373602104,0.2938660979270935,0.4217347204685211,0.6021147072315216,0.25050175189971924,0.06303166394681523,0.0027526915073394775,0.0,0.0,0.0,25,25,1.0,0.0,342,342,1.0,0.0,424,424,1.0,0.0,0,0,,,0,0,,,0,False,
house_18,link3_sensor_3,link3,791,791,1.0,0.23008849557522124,0.025284450063211124,0.007585335018963337,0.0012642225031605564,0.0012642225031605564,0.23008849557522124,0.025284450063211124,0.007585335018963337,0.0012642225031605564,0.773211955044574,0.23372777101488448,0.4416542649269104,0.9030084609985352,1.0015616416931152,0.038173116743564606,0.22320308231499586,0.0012933611869812012,0.013157894736842105,0.03285420944558522,-0.019696314708743112,25,25,1.0,0.0,342,342,1.0,0.05847953216374269,424,424,1.0,0.0,0,0,,,0,0,,,0,False,
house_18,link3_sensor_4,link3,791,791,1.0,0.13780025284450062,0.0,0.0,0.0,0.0,0.13780025284450062,0.0,0.0,0.0,1.4361461293983702,0.4875939564000504,0.4377059191465378,1.6776950359344482,1.7479125261306763,0.34730371832847595,0.15643151017221202,0.0016675442457199097,0.0,0.0,0.0,25,25,1.0,0.0,342,342,1.0,0.0,424,424,1.0,0.0,0,0,,,0,0,,,0,False,
house_18,link4_sensor_0,link4,791,791,1.0,0.7951959544879899,0.0,0.0,0.0,0.0,0.7951959544879899,0.0,0.0,0.0,0.5446112503670861,0.32578609829154126,0.31462234258651733,0.4313584268093109,1.4910074472427368,0.2665506601333618,0.32812448151434925,0.0017884522676467896,0.0,0.0,0.0,25,25,1.0,0.0,342,342,1.0,0.0,424,424,1.0,0.0,0,0,,,0,0,,,0,False,
house_18,link4_sensor_1,link4,791,791,1.0,0.5916561314791403,0.0,0.0,0.0,0.0,0.5916561314791403,0.0,0.0,0.0,0.7951979773912657,0.575099145840363,0.33616578578948975,0.4234367311000824,1.7029175758361816,0.3154694736003876,0.4155735028207162,0.0035973936319351196,0.0,0.0,0.0,25,25,1.0,0.0,342,342,1.0,0.0,424,424,1.0,0.0,0,0,,,0,0,,,0,False,
house_18,link4_sensor_2,link4,791,791,1.0,0.7560050568900126,0.0,0.0,0.0,0.0,0.7560050568900126,0.0,0.0,0.0,0.4985489094001152,0.23196717541923179,0.292428657412529,0.45290082693099976,0.7455947697162628,0.2677363455295563,0.2163317414341251,0.0024098381400108337,0.0,0.0,0.0,25,25,1.0,0.0,342,342,1.0,0.0,424,424,1.0,0.0,0,0,,,0,0,,,0,False,
house_18,link4_sensor_3,link4,791,791,1.0,0.48672566371681414,0.0,0.0,0.0,0.0,0.48672566371681414,0.0,0.0,0.0,0.7849208613487922,0.4383141079217416,0.2982380986213684,0.5228484272956848,1.390580177307129,0.27178722620010376,0.35537275698942283,0.004329025745391846,0.0,0.0,0.0,25,25,1.0,0.0,342,342,1.0,0.0,424,424,1.0,0.0,0,0,,,0,0,,,0,False,
house_18,link4_sensor_4,link4,791,791,1.0,0.02654867256637168,0.0,0.0,0.0,0.0,0.02654867256637168,0.0,0.0,0.0,1.6393968958770277,0.362890412751343,0.5823717713356018,1.7546958923339844,1.8331222534179688,0.4073066711425781,0.06684741469919343,0.001651167869567871,0.0,0.0,0.0,25,25,1.0,0.0,342,342,1.0,0.0,424,424,1.0,0.0,0,0,,,0,0,,,0,False,
house_18,link5_back_sensor_0,link5,791,791,1.0,0.04298356510745891,0.0,0.0,0.0,0.0,0.04298356510745891,0.0,0.0,0.0,1.6366360252711323,0.352839558158875,1.110812246799469,1.7731709480285645,1.9789533615112305,0.40434855222702026,0.19147968933065784,0.0036427974700927734,0.0,0.0,0.0,25,25,1.0,0.0,342,342,1.0,0.0,424,424,1.0,0.0,0,0,,,0,0,,,0,False,
house_18,link5_back_sensor_1,link5,791,791,1.0,0.0,0.0,0.0,0.0,0.0,0.0,0.0,0.0,0.0,1.9180145201881975,0.22625139818706444,1.4253693222999573,1.9773980379104614,2.163112998008728,1.2699607610702515,0.1026214678356959,0.006374239921569824,0.0,0.0,0.0,25,25,1.0,0.0,342,342,1.0,0.0,424,424,1.0,0.0,0,0,,,0,0,,,0,False,
house_18,link5_back_sensor_2,link5,791,791,1.0,0.4804045512010114,0.30720606826801516,0.11757269279393173,0.02781289506953224,0.02781289506953224,0.4804045512010114,0.30720606826801516,0.11757269279393173,0.02781289506953224,0.8810680136367133,0.6885782013302506,0.06353352591395378,1.227209210395813,1.6798343062400818,0.015939999371767044,0.46711177950935084,0.0037830471992492676,0.3848684210526316,0.2587268993839836,0.126141521668648,25,25,1.0,0.4,342,342,1.0,0.09064327485380116,424,424,1.0,0.47641509433962265,0,0,,,0,0,,,2,False,
house_18,link5_back_sensor_3,link5,791,791,1.0,0.0,0.0,0.0,0.0,0.0,0.0,0.0,0.0,0.0,1.5726144715446588,0.39414064401770527,0.7958792746067047,1.5255541801452637,2.131339430809021,0.6819824576377869,0.15191082214045548,0.005869835615158081,0.0,0.0,0.0,25,25,1.0,0.0,342,342,1.0,0.0,424,424,1.0,0.0,0,0,,,0,0,,,0,False,
house_18,link5_back_sensor_4,link5,791,791,1.0,0.9734513274336283,0.5132743362831859,0.22629582806573956,0.06573957016434892,0.06573957016434892,0.9734513274336283,0.5132743362831859,0.22629582806573956,0.06573957016434892,0.22664270383175159,0.14154926359111747,0.04620306007564068,0.1963372677564621,0.4546266198158264,0.012140302918851376,0.08058773527562349,0.0038179196417331696,0.7335526315789473,0.3757700205338809,0.3577826110450664,25,25,1.0,0.6,342,342,1.0,0.38011695906432746,424,424,1.0,0.6155660377358491,0,0,,,0,0,,,3,False,
house_18,link5_back_sensor_5,link5,791,791,1.0,0.8723135271807838,0.584070796460177,0.2528445006321112,0.07079646017699115,0.07079646017699115,0.8723135271807838,0.584070796460177,0.2528445006321112,0.07079646017699115,0.34747956499019367,0.4691762964371157,0.03428192809224129,0.16198952496051788,1.540878415107727,0.012140302918851376,0.2682531137530189,0.004002741072326899,0.569078947368421,0.5934291581108829,-0.02435021074246191,25,25,1.0,0.72,342,342,1.0,0.38596491228070173,424,424,1.0,0.7358490566037735,0,0,,,0,0,,,3,False,
house_18,link5_front_sensor_0,link5,791,791,1.0,0.4108723135271808,0.0,0.0,0.0,0.0,0.4108723135271808,0.0,0.0,0.0,1.047646146357135,0.6070439438134992,0.36596065759658813,1.4536523818969727,1.7942780256271362,0.23642310500144958,0.42589734541449425,0.003332659602165222,0.0,0.0,0.0,25,25,1.0,0.0,342,342,1.0,0.0,424,424,1.0,0.0,0,0,,,0,0,,,0,False,
house_18,link5_front_sensor_1,link5,791,791,1.0,0.0,0.0,0.0,0.0,0.0,0.0,0.0,0.0,0.0,1.982973139596498,0.2059951548378192,1.5758798718452454,2.0551350116729736,2.238561511039734,1.4470685720443726,0.14856439312612085,0.005635678768157959,0.0,0.0,0.0,25,25,1.0,0.0,342,342,1.0,0.0,424,424,1.0,0.0,0,0,,,0,0,,,0,False,
house_18,link5_front_sensor_2,link5,791,791,1.0,0.0,0.0,0.0,0.0,0.0,0.0,0.0,0.0,0.0,1.8253694273879946,0.28972892309727216,1.3231938481330872,1.9395511150360107,2.2181715965270996,1.2178614139556885,0.14794589130634653,0.005077719688415527,0.0,0.0,0.0,25,25,1.0,0.0,342,342,1.0,0.0,424,424,1.0,0.0,0,0,,,0,0,,,0,False,
house_18,link5_front_sensor_3,link5,791,791,1.0,0.6826801517067004,0.0025284450063211127,0.0012642225031605564,0.0012642225031605564,0.0012642225031605564,0.6826801517067004,0.0025284450063211127,0.0012642225031605564,0.0012642225031605564,0.5483479649205275,0.30449519943361786,0.2825433909893036,0.3943035304546356,1.1847873330116272,0.049378618597984314,0.28883791007352544,0.003432169556617737,0.0,0.004106776180698152,-0.004106776180698152,25,25,1.0,0.0,342,342,1.0,0.005847953216374269,424,424,1.0,0.0,0,0,,,0,0,,,0,False,
house_18,link6_sensor_0,link6,791,791,1.0,0.47029077117572693,0.14538558786346398,0.0025284450063211127,0.0,0.0,0.47029077117572693,0.14538558786346398,0.0025284450063211127,0.0,0.45408815947065767,0.15763894411653925,0.17409642785787582,0.5120013952255249,0.6272609829902649,0.0974656268954277,0.12144262077977087,0.003769136965274811,0.03618421052631579,0.2135523613963039,-0.1773681508699881,25,25,1.0,0.12,342,342,1.0,0.1783625730994152,424,424,1.0,0.12028301886792453,0,0,,,0,0,,,0,False,
house_18,link6_sensor_1,link6,791,791,1.0,0.7825537294563844,0.5461441213653603,0.37673830594184576,0.1554993678887484,0.1554993678887484,0.7825537294563844,0.5461441213653603,0.37673830594184576,0.1554993678887484,0.4783996956613664,0.6279124348200377,0.029262470081448555,0.1854141503572464,1.7147926092147827,0.012140302918851376,0.5937558836770882,0.005064915865659714,0.8026315789473685,0.3860369609856263,0.4165946179617422,25,25,1.0,0.36,342,342,1.0,0.18128654970760233,424,424,1.0,0.8514150943396226,0,0,,,0,0,,,2,False,
house_18,link6_sensor_2,link6,791,791,1.0,0.9304677623261695,0.32869785082174463,0.1264222503160556,0.08091024020227561,0.08091024020227561,0.9304677623261695,0.32869785082174463,0.1264222503160556,0.08091024020227561,0.3036940563988181,0.1529075564350177,0.026146572083234787,0.367190957069397,0.5073913931846619,0.017574800178408623,0.08369390928428279,0.003345068544149399,0.0756578947368421,0.486652977412731,-0.4109950826758889,25,25,1.0,0.6,342,342,1.0,0.45321637426900585,424,424,1.0,0.21226415094339623,0,0,,,0,0,,,3,False,
house_18,link6_sensor_3,link6,791,791,1.0,0.7686472819216182,0.1213653603034134,0.006321112515802781,0.0,0.0,0.7686472819216182,0.1213653603034134,0.006321112515802781,0.0,0.3506776163950279,0.14801392964017668,0.16853931546211243,0.32905563712120056,0.6036203503608704,0.05613249912858009,0.07235431932162267,0.0028499960899353027,0.23026315789473684,0.053388090349075976,0.17687506754566085,25,25,1.0,0.08,342,342,1.0,0.07894736842105263,424,424,1.0,0.1580188679245283,0,0,,,0,0,,,0,False,
house_18,link6_sensor_4,link6,791,791,1.0,0.3780025284450063,0.01643489254108723,0.0,0.0,0.0,0.3780025284450063,0.01643489254108723,0.0,0.0,0.506340020478676,0.15088984951472936,0.2512892112135887,0.5522936582565308,0.7296483218669891,0.12354027479887009,0.11523968664455195,0.0033943504095077515,0.0,0.026694045174537988,-0.026694045174537988,25,25,1.0,0.0,342,342,1.0,0.038011695906432746,424,424,1.0,0.0,0,0,,,0,0,,,0,False,
house_18,link6_sensor_5,link6,791,791,1.0,0.4310998735777497,0.16055625790139064,0.025284450063211124,0.0,0.0,0.4310998735777497,0.16055625790139064,0.025284450063211124,0.0,1.001337159928947,0.6863920336517388,0.11157704517245293,1.1817820072174072,1.853338897228241,0.0620613619685173,0.3505786225996161,0.004362195730209351,0.25,0.10472279260780287,0.14527720739219713,25,25,1.0,0.2,342,342,1.0,0.043859649122807015,424,424,1.0,0.25235849056603776,0,0,,,0,0,,,2,False,
house_19,link1_sensor_0,link1,462,462,1.0,0.04329004329004329,0.0,0.0,0.0,0.0,0.04329004329004329,0.0,0.0,0.0,1.5574662572506703,0.38180177742403626,0.5226981222629548,1.691587746143341,1.757066011428833,0.49556994438171387,0.021454284916443217,0.0008968114852905273,0.0,0.0,0.0,9,9,1.0,0.0,206,206,1.0,0.0,247,247,1.0,0.0,0,0,,,0,0,,,0,False,
house_19,link1_sensor_1,link1,462,462,1.0,0.0,0.0,0.0,0.0,0.0,0.0,0.0,0.0,0.0,0.954988545411593,5.179588513880522e-05,0.9549184620380402,0.9549842178821564,0.9550755232572555,0.9548684358596802,4.875488556484852e-05,3.445148468017578e-05,0.0,0.0,0.0,9,9,1.0,0.0,206,206,1.0,0.0,247,247,1.0,0.0,0,0,,,0,0,,,0,True,extremely_low_frame_to_frame_variation
house_19,link1_sensor_2,link1,462,462,1.0,0.0,0.0,0.0,0.0,0.0,0.0,0.0,0.0,0.0,1.6931598720612462,0.03661773432831921,1.6453310787677764,1.6890715956687927,1.757411926984787,1.6442369222640991,0.009423272449368464,0.0003044605255126953,0.0,0.0,0.0,9,9,1.0,0.0,206,206,1.0,0.0,247,247,1.0,0.0,0,0,,,0,0,,,0,False,
house_19,link1_sensor_3,link1,462,462,1.0,0.6125541125541125,0.0,0.0,0.0,0.0,0.6125541125541125,0.0,0.0,0.0,0.7003067508017345,0.504701761497564,0.33099476248025894,0.4748729467391968,1.701580959558487,0.32187649607658386,0.044013019731426704,0.0010508894920349121,0.0,0.0,0.0,9,9,1.0,0.0,206,206,1.0,0.0,247,247,1.0,0.0,0,0,,,0,0,,,0,False,
house_19,link1_sensor_4,link1,462,462,1.0,0.6125541125541125,0.0,0.0,0.0,0.0,0.6125541125541125,0.0,0.0,0.0,0.5134168547856344,0.12766469119667678,0.36496748924255373,0.473147377371788,0.7660285711288453,0.3556547164916992,0.03203499541799474,0.0011935234069824219,0.0,0.0,0.0,9,9,1.0,0.0,206,206,1.0,0.0,247,247,1.0,0.0,0,0,,,0,0,,,0,False,
house_19,link1_sensor_5,link1,462,462,1.0,1.0,1.0,0.0,0.0,0.0,1.0,1.0,0.0,0.0,0.18646516744450573,4.3444215829936315e-06,0.18645952716469766,0.18646442145109177,0.18647253438830375,0.1864587813615799,4.036736300838695e-06,3.4123659133911133e-06,1.0,1.0,0.0,9,9,1.0,1.0,206,206,1.0,1.0,247,247,1.0,1.0,0,0,,,0,0,,,2,True,activation_lt_0_20m_close_to_1;extremely_low_frame_to_frame_variation
house_19,link1_sensor_6,link1,462,462,1.0,0.0,0.0,0.0,0.0,0.0,0.0,0.0,0.0,0.0,1.6496508602714124,0.18887110783301148,1.6341881036758423,1.6908814907073975,1.733771312236786,0.7926416993141174,0.013366445976938876,0.0010665655136108398,0.0,0.0,0.0,9,9,1.0,0.0,206,206,1.0,0.0,247,247,1.0,0.0,0,0,,,0,0,,,0,False,
house_19,link2_sensor_0,link2,462,462,1.0,0.0,0.0,0.0,0.0,0.0,0.0,0.0,0.0,0.0,1.2991513536347972,0.08848650227485003,1.220099973678589,1.2910486459732056,1.4328503489494324,0.5207826495170593,0.061447133532519994,0.005294203758239746,0.0,0.0,0.0,9,9,1.0,0.0,206,206,1.0,0.0,247,247,1.0,0.0,0,0,,,0,0,,,0,False,
house_19,link2_sensor_1,link2,462,462,1.0,0.0,0.0,0.0,0.0,0.0,0.0,0.0,0.0,0.0,1.6486208420811277,0.030591809288222565,1.590531551837921,1.6499561071395874,1.6993500113487243,1.5641549825668335,0.015477709013467175,0.0004044771194458008,0.0,0.0,0.0,9,9,1.0,0.0,206,206,1.0,0.0,247,247,1.0,0.0,0,0,,,0,0,,,0,False,
house_19,link2_sensor_2,link2,462,462,1.0,0.0,0.0,0.0,0.0,0.0,0.0,0.0,0.0,0.0,1.282242007585831,0.30580747178566425,0.756278857588768,1.448156714439392,1.5996392846107483,0.7385431528091431,0.2934898163889724,0.00603795051574707,0.0,0.0,0.0,9,9,1.0,0.0,206,206,1.0,0.0,247,247,1.0,0.0,0,0,,,0,0,,,0,False,
house_19,link2_sensor_3,link2,462,462,1.0,0.45454545454545453,0.012987012987012988,0.0021645021645021645,0.0,0.0,0.45454545454545453,0.012987012987012988,0.0021645021645021645,0.0,0.6644773750336139,0.4105360084016283,0.38070750832557676,0.5087854564189911,1.6584613084793092,0.08807192742824554,0.14639168507049358,0.0019412040710449219,0.0223463687150838,0.007067137809187279,0.01527923090589652,9,9,1.0,0.0,206,206,1.0,0.02912621359223301,247,247,1.0,0.0,0,0,,,0,0,,,0,False,
house_19,link2_sensor_4,link2,462,462,1.0,0.20995670995670995,0.0,0.0,0.0,0.0,0.20995670995670995,0.0,0.0,0.0,0.9132710281130555,0.5232885372354152,0.4505811035633087,0.6160011887550354,1.679358810186386,0.3163101375102997,0.4422864341669218,0.0015597045421600342,0.0,0.0,0.0,9,9,1.0,0.0,206,206,1.0,0.0,247,247,1.0,0.0,0,0,,,0,0,,,0,False,
house_19,link2_sensor_5,link2,462,462,1.0,0.006493506493506494,0.0,0.0,0.0,0.0,0.006493506493506494,0.0,0.0,0.0,1.3260560274382174,0.5803167967731845,0.571511697769165,1.780508816242218,1.9219198107719422,0.44914403557777405,0.5554546685198929,0.0037810802459716797,0.0,0.0,0.0,9,9,1.0,0.0,206,206,1.0,0.0,247,247,1.0,0.0,0,0,,,0,0,,,0,False,
house_19,link2_sensor_6,link2,462,462,1.0,0.010822510822510822,0.0,0.0,0.0,0.0,0.010822510822510822,0.0,0.0,0.0,0.7435751392211748,0.06295865881636942,0.5648525953292847,0.7660907804965973,0.7938783407211304,0.46125757694244385,0.06706295143848327,0.0008565783500671387,0.0,0.0,0.0,9,9,1.0,0.0,206,206,1.0,0.0,247,247,1.0,0.0,0,0,,,0,0,,,0,False,
house_19,link3_sensor_0,link3,462,462,1.0,0.2077922077922078,0.0,0.0,0.0,0.0,0.2077922077922078,0.0,0.0,0.0,0.762112091243009,0.19469072834526674,0.4586886495351791,0.8806537091732025,0.9472206711769104,0.4483722448348999,0.17646726090348394,0.0005187392234802246,0.0,0.0,0.0,9,9,1.0,0.0,206,206,1.0,0.0,247,247,1.0,0.0,0,0,,,0,0,,,0,False,
house_19,link3_sensor_1,link3,462,462,1.0,0.4675324675324675,0.0,0.0,0.0,0.0,0.4675324675324675,0.0,0.0,0.0,0.8394458375838929,0.5655257921162358,0.3176700443029404,0.534264326095581,1.6952352464199065,0.2769811153411865,0.17704682261260973,0.0048444271087646484,0.0,0.0,0.0,9,9,1.0,0.0,206,206,1.0,0.0,247,247,1.0,0.0,0,0,,,0,0,,,0,False,
house_19,link3_sensor_2,link3,462,462,1.0,0.7705627705627706,0.0,0.0,0.0,0.0,0.7705627705627706,0.0,0.0,0.0,0.45521516885076246,0.08864517373622678,0.32737704217433927,0.44812533259391785,0.628031176328659,0.25739985704421997,0.08556431496618055,0.002708137035369873,0.0,0.0,0.0,9,9,1.0,0.0,206,206,1.0,0.0,247,247,1.0,0.0,0,0,,,0,0,,,0,False,
house_19,link3_sensor_3,link3,462,462,1.0,0.23593073593073594,0.025974025974025976,0.012987012987012988,0.004329004329004329,0.004329004329004329,0.23593073593073594,0.025974025974025976,0.012987012987012988,0.004329004329004329,0.7659392573112759,0.25535634101628296,0.43836412131786345,0.9173615574836731,1.004687613248825,0.012140302918851376,0.22759757815772763,0.0029765069484710693,0.01675977653631285,0.03180212014134275,-0.015042343605029904,9,9,1.0,0.0,206,206,1.0,0.05825242718446602,247,247,1.0,0.0,0,0,,,0,0,,,0,False,
house_19,link3_sensor_4,link3,462,462,1.0,0.3787878787878788,0.0,0.0,0.0,0.0,0.3787878787878788,0.0,0.0,0.0,1.143444563403274,0.6203318861274815,0.3803470179438591,1.6501278281211853,1.7438240110874177,0.330600380897522,0.5174685038295017,0.002720654010772705,0.0,0.0,0.0,9,9,1.0,0.0,206,206,1.0,0.0,247,247,1.0,0.0,0,0,,,0,0,,,0,False,
house_19,link4_sensor_0,link4,462,462,1.0,0.8008658008658008,0.0,0.0,0.0,0.0,0.8008658008658008,0.0,0.0,0.0,0.5472749919344336,0.30326675407750103,0.4173318535089493,0.43856723606586456,1.4944022834300994,0.41002193093299866,0.3500686360655799,0.0016131699085235596,0.0,0.0,0.0,9,9,1.0,0.0,206,206,1.0,0.0,247,247,1.0,0.0,0,0,,,0,0,,,0,False,
house_19,link4_sensor_1,link4,462,462,1.0,0.20562770562770563,0.0,0.0,0.0,0.0,0.20562770562770563,0.0,0.0,0.0,1.1563220638217349,0.5998415456757309,0.2991646647453308,1.6306138038635254,1.708256471157074,0.28781968355178833,0.42424543218638044,0.0012394189834594727,0.0,0.0,0.0,9,9,1.0,0.0,206,206,1.0,0.0,247,247,1.0,0.0,0,0,,,0,0,,,0,False,
house_19,link4_sensor_2,link4,462,462,1.0,0.5735930735930735,0.0,0.0,0.0,0.0,0.5735930735930735,0.0,0.0,0.0,0.588887915144235,0.3400353026598793,0.2966341391205788,0.48100852966308594,1.5099094688892365,0.2793523073196411,0.27683205099341013,0.0024177134037017822,0.0,0.0,0.0,9,9,1.0,0.0,206,206,1.0,0.0,247,247,1.0,0.0,0,0,,,0,0,,,0,False,
house_19,link4_sensor_3,link4,462,462,1.0,0.18831168831168832,0.004329004329004329,0.0,0.0,0.0,0.18831168831168832,0.004329004329004329,0.0,0.0,1.063526393918248,0.3604170735483233,0.29492359757423403,1.2225556373596191,1.3031928360462188,0.19052769243717194,0.11618718647992166,0.0022732019424438477,0.0111731843575419,0.0,0.0111731843575419,9,9,1.0,0.0,206,206,1.0,0.0,247,247,1.0,0.008097165991902834,0,0,,,0,0,,,0,False,
house_19,link4_sensor_4,link4,462,462,1.0,0.01948051948051948,0.0,0.0,0.0,0.0,0.01948051948051948,0.0,0.0,0.0,1.5929012430823726,0.3505445475402895,0.571292644739151,1.6947516798973083,1.809797215461731,0.3237959146499634,0.02582350638738234,0.0018149614334106445,0.0,0.0,0.0,9,9,1.0,0.0,206,206,1.0,0.0,247,247,1.0,0.0,0,0,,,0,0,,,0,False,
house_19,link5_back_sensor_0,link5,462,462,1.0,0.01948051948051948,0.0,0.0,0.0,0.0,0.01948051948051948,0.0,0.0,0.0,1.8218191900165566,0.23422968852841017,1.711631816625595,1.8165977001190186,2.1739583730697634,0.3905496299266815,0.1324901626227208,0.0021671056747436523,0.0,0.0,0.0,9,9,1.0,0.0,206,206,1.0,0.0,247,247,1.0,0.0,0,0,,,0,0,,,0,False,
house_19,link5_back_sensor_1,link5,462,462,1.0,0.0,0.0,0.0,0.0,0.0,0.0,0.0,0.0,0.0,1.9829835636275155,0.11329671602649968,1.837212121486664,1.973152220249176,2.130595254898071,1.347571849822998,0.06080282754813079,0.0036003589630126953,0.0,0.0,0.0,9,9,1.0,0.0,206,206,1.0,0.0,247,247,1.0,0.0,0,0,,,0,0,,,0,False,
house_19,link5_back_sensor_2,link5,462,462,1.0,0.5194805194805194,0.21428571428571427,0.10173160173160173,0.017316017316017316,0.017316017316017316,0.5194805194805194,0.21428571428571427,0.10173160173160173,0.017316017316017316,0.8768485978536018,0.7025789592557304,0.07075411789119243,0.3714696317911148,1.7422252535820006,0.012140302918851376,0.4912767174850674,0.004907980561256409,0.1452513966480447,0.2579505300353357,-0.11269913338729098,9,9,1.0,0.4444444444444444,206,206,1.0,0.0825242718446602,247,247,1.0,0.3157894736842105,0,0,,,0,0,,,1,False,
house_19,link5_back_sensor_3,link5,462,462,1.0,0.0,0.0,0.0,0.0,0.0,0.0,0.0,0.0,0.0,1.8783870610323818,0.25615450606265733,1.3574579954147339,1.9610881209373474,2.144290030002594,0.8059472441673279,0.11335316479016913,0.0028638839721679688,0.0,0.0,0.0,9,9,1.0,0.0,206,206,1.0,0.0,247,247,1.0,0.0,0,0,,,0,0,,,0,False,
house_19,link5_back_sensor_4,link5,462,462,1.0,0.9848484848484849,0.2012987012987013,0.09090909090909091,0.08008658008658008,0.08008658008658008,0.9848484848484849,0.2012987012987013,0.09090909090909091,0.08008658008658008,0.30764644520832996,0.1438583384263141,0.04462824482470751,0.332472488284111,0.449673943221569,0.02331019937992096,0.09999737264845715,0.000993579626083374,0.25139664804469275,0.1696113074204947,0.08178534062419804,9,9,1.0,0.2222222222222222,206,206,1.0,0.04854368932038835,247,247,1.0,0.32793522267206476,0,0,,,0,0,,,1,False,
house_19,link5_back_sensor_5,link5,462,462,1.0,0.9177489177489178,0.4588744588744589,0.19047619047619047,0.045454545454545456,0.045454545454545456,0.9177489177489178,0.4588744588744589,0.19047619047619047,0.045454545454545456,0.3273106524700629,0.41133114488512285,0.053081024624407294,0.21459181606769562,1.6621213316917418,0.012140302918851376,0.3364380768992825,0.0036351680755615234,0.7318435754189944,0.2862190812720848,0.4456244941469096,9,9,1.0,0.3333333333333333,206,206,1.0,0.1941747572815534,247,247,1.0,0.6842105263157895,0,0,,,0,0,,,1,False,
house_19,link5_front_sensor_0,link5,462,462,1.0,0.22510822510822512,0.0,0.0,0.0,0.0,0.22510822510822512,0.0,0.0,0.0,1.363320016628736,0.5620992186038796,0.3001913994550705,1.6387075781822205,1.8179551482200622,0.23488226532936096,0.19424469678672726,0.0017142295837402344,0.0,0.0,0.0,9,9,1.0,0.0,206,206,1.0,0.0,247,247,1.0,0.0,0,0,,,0,0,,,0,False,
house_19,link5_front_sensor_1,link5,462,462,1.0,0.0,0.0,0.0,0.0,0.0,0.0,0.0,0.0,0.0,2.0683025531954575,0.1584701820843883,1.745056003332138,2.1076327562332153,2.2292338848114013,1.3165539503097534,0.1291888829589091,0.0059587955474853516,0.0,0.0,0.0,9,9,1.0,0.0,206,206,1.0,0.0,247,247,1.0,0.0,0,0,,,0,0,,,0,False,
house_19,link5_front_sensor_2,link5,462,462,1.0,0.0,0.0,0.0,0.0,0.0,0.0,0.0,0.0,0.0,2.0252052488781156,0.17147946499473687,1.6582331717014314,2.052578330039978,2.2651434779167174,1.3197746276855469,0.11266128836029361,0.005831480026245117,0.0,0.0,0.0,9,9,1.0,0.0,206,206,1.0,0.0,247,247,1.0,0.0,0,0,,,0,0,,,0,False,
house_19,link5_front_sensor_3,link5,462,462,1.0,0.3961038961038961,0.0,0.0,0.0,0.0,0.3961038961038961,0.0,0.0,0.0,0.6976043791610956,0.34282887600129025,0.29650997966527937,0.6719635128974915,1.2162482559680938,0.2701053023338318,0.27435200647781205,0.0023004859685897827,0.0,0.0,0.0,9,9,1.0,0.0,206,206,1.0,0.0,247,247,1.0,0.0,0,0,,,0,0,,,0,False,
house_19,link6_sensor_0,link6,462,462,1.0,0.6623376623376623,0.1341991341991342,0.0021645021645021645,0.0,0.0,0.6623376623376623,0.1341991341991342,0.0021645021645021645,0.0,0.38001014706698844,0.1752015685465262,0.18103231638669967,0.300067737698555,0.6211828351020813,0.0675378292798996,0.07511567054680297,0.001425713300704956,0.10614525139664804,0.1519434628975265,-0.045798211500878455,9,9,1.0,0.0,206,206,1.0,0.12135922330097088,247,247,1.0,0.14979757085020243,0,0,,,0,0,,,0,False,
house_19,link6_sensor_1,link6,462,462,1.0,0.5995670995670995,0.30735930735930733,0.14502164502164502,0.0367965367965368,0.0367965367965368,0.5995670995670995,0.30735930735930733,0.14502164502164502,0.0367965367965368,0.7519857870229394,0.7066510785655967,0.06246749646961689,0.277902752161026,1.7141161143779755,0.012463203631341457,0.45896939226498557,0.005230577662587166,0.26256983240223464,0.33568904593639576,-0.07311921353416112,9,9,1.0,0.2222222222222222,206,206,1.0,0.10194174757281553,247,247,1.0,0.4817813765182186,0,0,,,0,0,,,1,False,
house_19,link6_sensor_2,link6,462,462,1.0,0.8961038961038961,0.35714285714285715,0.19480519480519481,0.008658008658008658,0.008658008658008658,0.8961038961038961,0.35714285714285715,0.19480519480519481,0.008658008658008658,0.2556930570681761,0.14360395092256106,0.06264891996979713,0.24323395639657974,0.5025989025831222,0.039692338556051254,0.08739055993817638,0.0018724873661994934,0.5977653631284916,0.2049469964664311,0.3928183666620605,9,9,1.0,0.0,206,206,1.0,0.22815533980582525,247,247,1.0,0.4777327935222672,0,0,,,0,0,,,2,False,
house_19,link6_sensor_3,link6,462,462,1.0,0.4264069264069264,0.04329004329004329,0.0,0.0,0.0,0.4264069264069264,0.04329004329004329,0.0,0.0,0.4637809932489932,0.1667079238779617,0.2111130751669407,0.5280945301055908,0.6531106710433959,0.13908423483371735,0.06156057273287748,0.0010653883218765259,0.055865921787709494,0.0353356890459364,0.020530232741773097,9,9,1.0,0.1111111111111111,206,206,1.0,0.09223300970873786,247,247,1.0,0.0,0,0,,,0,0,,,0,False,
house_19,link6_sensor_4,link6,462,462,1.0,0.6363636363636364,0.01948051948051948,0.0,0.0,0.0,0.6363636363636364,0.01948051948051948,0.0,0.0,0.4672598615288735,0.1605393226701532,0.24593845680356025,0.4427057206630707,0.7422768592834472,0.13666394352912903,0.11477149238491773,0.0032861530780792236,0.0446927374301676,0.0035335689045936395,0.04115916852557396,9,9,1.0,0.0,206,206,1.0,0.043689320388349516,247,247,1.0,0.0,0,0,,,0,0,,,0,False,
house_19,link6_sensor_5,link6,462,462,1.0,0.3008658008658009,0.02813852813852814,0.0021645021645021645,0.0,0.0,0.3008658008658009,0.02813852813852814,0.0021645021645021645,0.0,1.158138209139501,0.5834617893760178,0.2428487829864025,1.412204623222351,1.783122581243515,0.07338613271713257,0.19948090146887482,0.004980742931365967,0.061452513966480445,0.007067137809187279,0.054385376157293164,9,9,1.0,0.0,206,206,1.0,0.0,247,247,1.0,0.05263157894736842,0,0,,,0,0,,,0,False,
house_20,link1_sensor_0,link1,790,790,1.0,0.0,0.0,0.0,0.0,0.0,0.0,0.0,0.0,0.0,1.705567996411384,0.03894715860673929,1.6491737425327302,1.7130718231201172,1.7667225837707519,1.6452583074569702,0.014192325739850513,0.00024375319480895996,0.0,0.0,0.0,21,21,1.0,0.0,328,328,1.0,0.0,441,441,1.0,0.0,0,0,,,0,0,,,0,False,
house_20,link1_sensor_1,link1,790,790,1.0,0.0,0.0,0.0,0.0,0.0,0.0,0.0,0.0,0.0,0.9549959400032141,5.994584100115701e-05,0.9549148499965667,0.9549858570098877,0.9551205694675445,0.9548589587211609,5.487638192121102e-05,3.71783971786499e-05,0.0,0.0,0.0,21,21,1.0,0.0,328,328,1.0,0.0,441,441,1.0,0.0,0,0,,,0,0,,,0,True,extremely_low_frame_to_frame_variation
house_20,link1_sensor_2,link1,790,790,1.0,0.0,0.0,0.0,0.0,0.0,0.0,0.0,0.0,0.0,1.7064229550240915,0.04642215374813315,1.6579163908958434,1.6988023519515991,1.7997933745384216,1.6570018529891968,0.013983195308232312,0.0002716481685638428,0.0,0.0,0.0,21,21,1.0,0.0,328,328,1.0,0.0,441,441,1.0,0.0,0,0,,,0,0,,,0,False,
house_20,link1_sensor_3,link1,790,790,1.0,0.4341772151898734,0.0,0.0,0.0,0.0,0.4341772151898734,0.0,0.0,0.0,0.8457372843464718,0.5698723493247602,0.35743477046489713,0.5086247026920319,1.7066747963428497,0.3490672707557678,0.15813479105229933,0.0004016384482383728,0.0,0.0,0.0,21,21,1.0,0.0,328,328,1.0,0.0,441,441,1.0,0.0,0,0,,,0,0,,,0,False,
house_20,link1_sensor_4,link1,790,790,1.0,0.4569620253164557,0.0,0.0,0.0,0.0,0.4569620253164557,0.0,0.0,0.0,0.5534039962895309,0.1357047556380387,0.3929889157414436,0.5046565532684326,0.7660473972558975,0.383827269077301,0.041240331615038206,0.0002858266234397888,0.0,0.0,0.0,21,21,1.0,0.0,328,328,1.0,0.0,441,441,1.0,0.0,0,0,,,0,0,,,0,False,
house_20,link1_sensor_5,link1,790,790,1.0,1.0,1.0,0.0,0.0,0.0,1.0,1.0,0.0,0.0,0.18646621025061305,4.96504489860034e-06,0.1864599883556366,0.186465322971344,0.18647573217749597,0.1864587366580963,4.640843758543221e-06,2.868473529815674e-06,1.0,1.0,0.0,21,21,1.0,1.0,328,328,1.0,1.0,441,441,1.0,1.0,0,0,,,0,0,,,3,True,activation_lt_0_20m_close_to_1;extremely_low_frame_to_frame_variation
house_20,link1_sensor_6,link1,790,790,1.0,0.0,0.0,0.0,0.0,0.0,0.0,0.0,0.0,0.0,1.6770188361783573,0.026648650063446713,1.631811398267746,1.6750556230545044,1.7220019400119781,1.6274827718734741,0.012035156179709437,0.00035566091537475586,0.0,0.0,0.0,21,21,1.0,0.0,328,328,1.0,0.0,441,441,1.0,0.0,0,0,,,0,0,,,0,False,
house_20,link2_sensor_0,link2,790,790,1.0,0.05443037974683544,0.0,0.0,0.0,0.0,0.05443037974683544,0.0,0.0,0.0,1.2637598374599144,0.23022063094025524,0.4925941810011864,1.2910638451576233,1.478709238767624,0.40474581718444824,0.08704991291665465,0.002890467643737793,0.0,0.0,0.0,21,21,1.0,0.0,328,328,1.0,0.0,441,441,1.0,0.0,0,0,,,0,0,,,0,False,
house_20,link2_sensor_1,link2,790,790,1.0,0.002531645569620253,0.0,0.0,0.0,0.0,0.002531645569620253,0.0,0.0,0.0,1.6038609874776648,0.22808805498210882,1.5694172382354736,1.651451289653778,1.7023110210895538,0.4766883850097656,0.014780169727371999,0.0002111196517944336,0.0,0.0,0.0,21,21,1.0,0.0,328,328,1.0,0.0,441,441,1.0,0.0,0,0,,,0,0,,,0,False,
house_20,link2_sensor_2,link2,790,790,1.0,0.0,0.0,0.0,0.0,0.0,0.0,0.0,0.0,0.0,1.290985146730761,0.29678491696427656,0.7612983673810959,1.4318323731422424,1.6130927205085752,0.7386254668235779,0.263497725097561,0.004389464855194092,0.0,0.0,0.0,21,21,1.0,0.0,328,328,1.0,0.0,441,441,1.0,0.0,0,0,,,0,0,,,0,False,
house_20,link2_sensor_3,link2,790,790,1.0,0.7544303797468355,0.027848101265822784,0.01139240506329114,0.0,0.0,0.7544303797468355,0.027848101265822784,0.01139240506329114,0.0,0.4724775482110585,0.23305619583574222,0.2525436758995056,0.43594229221343994,0.6132705152034759,0.08908545225858688,0.061486854968254616,0.0008316636085510254,0.005319148936170213,0.03488372093023256,-0.029564571994062344,21,21,1.0,0.047619047619047616,328,328,1.0,0.036585365853658534,441,441,1.0,0.02040816326530612,0,0,,,0,0,,,0,False,
house_20,link2_sensor_4,link2,790,790,1.0,0.3987341772151899,0.0,0.0,0.0,0.0,0.3987341772151899,0.0,0.0,0.0,0.7502993502948858,0.47582424145308116,0.3403483510017395,0.5398068726062775,1.677248078584671,0.23435458540916443,0.4050510601491373,0.0008447244763374329,0.0,0.0,0.0,21,21,1.0,0.0,328,328,1.0,0.0,441,441,1.0,0.0,0,0,,,0,0,,,0,False,
house_20,link2_sensor_5,link2,790,790,1.0,0.0,0.0,0.0,0.0,0.0,0.0,0.0,0.0,0.0,1.2898191467870637,0.5888630662133801,0.5604284554719925,1.7804456949234009,1.9189431369304657,0.5189111828804016,0.5043151934469247,0.001935124397277832,0.0,0.0,0.0,21,21,1.0,0.0,328,328,1.0,0.0,441,441,1.0,0.0,0,0,,,0,0,,,0,False,
house_20,link2_sensor_6,link2,790,790,1.0,0.035443037974683546,0.0,0.0,0.0,0.0,0.035443037974683546,0.0,0.0,0.0,0.739829778784438,0.07833317253313661,0.518659982085228,0.7659043371677399,0.8008118659257889,0.42515185475349426,0.07403748510654029,0.0007957965135574341,0.0,0.0,0.0,21,21,1.0,0.0,328,328,1.0,0.0,441,441,1.0,0.0,0,0,,,0,0,,,0,False,
house_20,link3_sensor_0,link3,790,790,1.0,0.2291139240506329,0.0,0.0,0.0,0.0,0.2291139240506329,0.0,0.0,0.0,0.7742925372304795,0.1992194308849457,0.456917741894722,0.9025295674800873,0.9564116537570952,0.4492751955986023,0.1714820671735771,0.0005052387714385986,0.0,0.0,0.0,21,21,1.0,0.0,328,328,1.0,0.0,441,441,1.0,0.0,0,0,,,0,0,,,0,False,
house_20,link3_sensor_1,link3,790,790,1.0,0.330379746835443,0.0,0.0,0.0,0.0,0.330379746835443,0.0,0.0,0.0,0.7469003077172025,0.4633991612381135,0.31128798574209215,0.5732598900794983,1.6594567477703095,0.21948082745075226,0.17577322211519558,0.0019527971744537354,0.0,0.0,0.0,21,21,1.0,0.0,328,328,1.0,0.0,441,441,1.0,0.0,0,0,,,0,0,,,0,False,
house_20,link3_sensor_2,link3,790,790,1.0,0.8696202531645569,0.0037974683544303796,0.0,0.0,0.0,0.8696202531645569,0.0037974683544303796,0.0,0.0,0.40889777316700054,0.0885957036923723,0.309138523042202,0.38821692764759064,0.5954073369503021,0.16848719120025635,0.08095478409830217,0.0016901418566703796,0.0,0.0049833887043189366,-0.0049833887043189366,21,21,1.0,0.0,328,328,1.0,0.0,441,441,1.0,0.006802721088435374,0,0,,,0,0,,,0,False,
house_20,link3_sensor_3,link3,790,790,1.0,0.24430379746835443,0.02911392405063291,0.012658227848101266,0.0012658227848101266,0.0012658227848101266,0.24430379746835443,0.02911392405063291,0.012658227848101266,0.0012658227848101266,0.7611957583717908,0.24683685294220806,0.4434965431690216,0.9089293479919434,0.9948028415441512,0.03147225081920624,0.21563537323948845,0.0015987902879714966,0.03723404255319149,0.026578073089700997,0.01065596946349049,21,21,1.0,0.0,328,328,1.0,0.0701219512195122,441,441,1.0,0.0,0,0,,,0,0,,,0,False,
house_20,link3_sensor_4,link3,790,790,1.0,0.16075949367088607,0.0,0.0,0.0,0.0,0.16075949367088607,0.0,0.0,0.0,1.3637562767991533,0.5480565355983638,0.3828005015850067,1.6761289238929749,1.7574394047260284,0.3578319847583771,0.2289880845638566,0.0007551908493041992,0.0,0.0,0.0,21,21,1.0,0.0,328,328,1.0,0.0,441,441,1.0,0.0,0,0,,,0,0,,,0,False,
house_20,link4_sensor_0,link4,790,790,1.0,0.8544303797468354,0.0,0.0,0.0,0.0,0.8544303797468354,0.0,0.0,0.0,0.46805062495832206,0.2679067030873478,0.24045642837882042,0.426832914352417,1.4819312334060668,0.22827301919460297,0.22513900104414708,0.0026882216334342957,0.0,0.0,0.0,21,21,1.0,0.0,328,328,1.0,0.0,441,441,1.0,0.0,0,0,,,0,0,,,0,False,
house_20,link4_sensor_1,link4,790,790,1.0,0.43544303797468353,0.0,0.0,0.0,0.0,0.43544303797468353,0.0,0.0,0.0,0.9826137603083744,0.6136871511623933,0.32135758846998214,0.6760834157466888,1.7425368666648864,0.30180203914642334,0.3952256227298455,0.0011174380779266357,0.0,0.0,0.0,21,21,1.0,0.0,328,328,1.0,0.0,441,441,1.0,0.0,0,0,,,0,0,,,0,False,
house_20,link4_sensor_2,link4,790,790,1.0,0.7341772151898734,0.0,0.0,0.0,0.0,0.7341772151898734,0.0,0.0,0.0,0.47913320364454126,0.229116192229967,0.29389361888170246,0.4441840946674347,0.7098903566598892,0.24856476485729218,0.15900785051562358,0.0030120685696601868,0.0,0.0,0.0,21,21,1.0,0.0,328,328,1.0,0.0,441,441,1.0,0.0,0,0,,,0,0,,,0,False,
house_20,link4_sensor_3,link4,790,790,1.0,0.2848101265822785,0.0,0.0,0.0,0.0,0.2848101265822785,0.0,0.0,0.0,0.9275125158927109,0.40281762648121006,0.30428660809993746,1.1856657266616821,1.3003768742084503,0.24038155376911163,0.2448572627267541,0.0033500194549560547,0.0,0.0,0.0,21,21,1.0,0.0,328,328,1.0,0.0,441,441,1.0,0.0,0,0,,,0,0,,,0,False,
house_20,link4_sensor_4,link4,790,790,1.0,0.006329113924050633,0.0,0.0,0.0,0.0,0.006329113924050633,0.0,0.0,0.0,1.5997121869763242,0.3641875288172941,0.5366097062826156,1.7160125970840454,1.7929296851158143,0.49643006920814514,0.021999770477646653,0.0008955597877502441,0.0,0.0,0.0,21,21,1.0,0.0,328,328,1.0,0.0,441,441,1.0,0.0,0,0,,,0,0,,,0,False,
house_20,link5_back_sensor_0,link5,790,790,1.0,0.04810126582278481,0.0012658227848101266,0.0,0.0,0.0,0.04810126582278481,0.0012658227848101266,0.0,0.0,1.8043508243711688,0.37279176220966603,1.2334284245967866,1.8893077373504639,2.1358530044555666,0.14388717710971832,0.04314468211971928,0.0008811056613922119,0.0,0.0016611295681063123,-0.0016611295681063123,21,21,1.0,0.0,328,328,1.0,0.0,441,441,1.0,0.0022675736961451248,0,0,,,0,0,,,0,False,
house_20,link5_back_sensor_1,link5,790,790,1.0,0.0,0.0,0.0,0.0,0.0,0.0,0.0,0.0,0.0,2.0498209809955164,0.11004184944805774,1.8606718480587006,2.0802621841430664,2.195623743534088,1.8004114627838135,0.06526589362655735,0.0023443102836608887,0.0,0.0,0.0,21,21,1.0,0.0,328,328,1.0,0.0,441,441,1.0,0.0,0,0,,,0,0,,,0,False,
house_20,link5_back_sensor_2,link5,790,790,1.0,0.44556962025316454,0.12784810126582277,0.04177215189873418,0.0037974683544303796,0.0037974683544303796,0.44556962025316454,0.12784810126582277,0.04177215189873418,0.0037974683544303796,0.9133963836616353,0.6801902920022004,0.11802988052368166,0.6376753151416779,1.750251579284668,0.039543937891721725,0.44114860417301693,0.0017247274518013,0.0,0.16777408637873753,-0.16777408637873753,21,21,1.0,0.23809523809523808,328,328,1.0,0.04573170731707317,441,441,1.0,0.1836734693877551,0,0,,,0,0,,,1,False,
house_20,link5_back_sensor_3,link5,790,790,1.0,0.0,0.0,0.0,0.0,0.0,0.0,0.0,0.0,0.0,1.9166266311573077,0.21396710238331088,1.5258620083332062,1.9371137022972107,2.1819501161575316,1.4459025859832764,0.10671087781607,0.005554705858230591,0.0,0.0,0.0,21,21,1.0,0.0,328,328,1.0,0.0,441,441,1.0,0.0,0,0,,,0,0,,,0,False,
house_20,link5_back_sensor_4,link5,790,790,1.0,0.9405063291139241,0.4607594936708861,0.3227848101265823,0.03670886075949367,0.03670886075949367,0.9405063291139241,0.4607594936708861,0.3227848101265823,0.03670886075949367,0.23355110114015923,0.16457376160763423,0.0617715161293745,0.22779154032468796,0.5055250972509384,0.012140302918851376,0.1115642418059126,0.0012034028768539429,0.7180851063829787,0.3803986710963455,0.3376864352866332,21,21,1.0,0.23809523809523808,328,328,1.0,0.17073170731707318,441,441,1.0,0.6870748299319728,0,0,,,0,0,,,2,False,
house_20,link5_back_sensor_5,link5,790,790,1.0,0.9822784810126582,0.6227848101265823,0.21518987341772153,0.03291139240506329,0.03291139240506329,0.9822784810126582,0.6227848101265823,0.21518987341772153,0.03291139240506329,0.22468782577757973,0.23279656503044496,0.05478937868028879,0.16080812364816666,0.4269137874245644,0.012140302918851376,0.10852050398148327,0.004467721097171307,0.675531914893617,0.606312292358804,0.06921962253481295,21,21,1.0,0.5714285714285714,328,328,1.0,0.38414634146341464,441,441,1.0,0.8027210884353742,0,0,,,0,0,,,3,False,
house_20,link5_front_sensor_0,link5,790,790,1.0,0.4379746835443038,0.0,0.0,0.0,0.0,0.4379746835443038,0.0,0.0,0.0,1.06940709841025,0.6827165521492886,0.2551343411207199,1.5645570755004883,1.7897335112094879,0.2481435239315033,0.4356461108739771,0.0008878260850906372,0.0,0.0,0.0,21,21,1.0,0.0,328,328,1.0,0.0,441,441,1.0,0.0,0,0,,,0,0,,,0,False,
house_20,link5_front_sensor_1,link5,790,790,1.0,0.0,0.0,0.0,0.0,0.0,0.0,0.0,0.0,0.0,2.163778084742872,0.11630799608030593,1.9660921156406403,2.1842199563980103,2.313867950439453,1.4117448329925537,0.08011834151406023,0.005646049976348877,0.0,0.0,0.0,21,21,1.0,0.0,328,328,1.0,0.0,441,441,1.0,0.0,0,0,,,0,0,,,0,False,
house_20,link5_front_sensor_2,link5,790,790,1.0,0.0,0.0,0.0,0.0,0.0,0.0,0.0,0.0,0.0,2.100191497500939,0.09785231926361809,1.9346347272396087,2.1071228981018066,2.246807408332825,1.602350115776062,0.08806231100825757,0.004712224006652832,0.0,0.0,0.0,21,21,1.0,0.0,328,328,1.0,0.0,441,441,1.0,0.0,0,0,,,0,0,,,0,False,
house_20,link5_front_sensor_3,link5,790,790,1.0,0.5063291139240507,0.0,0.0,0.0,0.0,0.5063291139240507,0.0,0.0,0.0,0.7163754136313366,0.43005046056092505,0.2500372245907784,0.46845129132270813,1.6801642537117005,0.2323857843875885,0.2940979241450947,0.002151135355234146,0.0,0.0,0.0,21,21,1.0,0.0,328,328,1.0,0.0,441,441,1.0,0.0,0,0,,,0,0,,,0,False,
house_20,link6_sensor_0,link6,790,790,1.0,0.5189873417721519,0.1379746835443038,0.010126582278481013,0.0037974683544303796,0.0037974683544303796,0.5189873417721519,0.1379746835443038,0.010126582278481013,0.0037974683544303796,0.43570197041181824,0.1642216443709943,0.12579310610890387,0.49648116528987885,0.6166585892438888,0.039654504507780075,0.1089292922650124,0.0008673425763845444,0.015957446808510637,0.1760797342192691,-0.16012228741075846,21,21,1.0,0.19047619047619047,328,328,1.0,0.1402439024390244,441,441,1.0,0.13378684807256236,0,0,,,0,0,,,0,False,
house_20,link6_sensor_1,link6,790,790,1.0,0.7088607594936709,0.3810126582278481,0.09367088607594937,0.010126582278481013,0.010126582278481013,0.7088607594936709,0.3810126582278481,0.09367088607594937,0.010126582278481013,0.6269189624717059,0.6652230846454628,0.08493721224367619,0.2599889636039734,1.7184194564819335,0.012663203291594982,0.5367174297592968,0.0029800087213516235,0.5585106382978723,0.32558139534883723,0.23292924294903505,21,21,1.0,0.38095238095238093,328,328,1.0,0.18902439024390244,441,441,1.0,0.5238095238095238,0,0,,,0,0,,,2,False,
house_20,link6_sensor_2,link6,790,790,1.0,0.889873417721519,0.27848101265822783,0.053164556962025315,0.035443037974683546,0.035443037974683546,0.889873417721519,0.27848101265822783,0.053164556962025315,0.035443037974683546,0.3034118123081383,0.13698164777641084,0.0968702532351017,0.2932392954826355,0.5297678768634796,0.013485644944012165,0.06703790873620316,0.0010188557207584381,0.015957446808510637,0.36046511627906974,-0.3445076694705591,21,21,1.0,0.5238095238095238,328,328,1.0,0.2652439024390244,441,441,1.0,0.2766439909297052,0,0,,,0,0,,,3,False,
house_20,link6_sensor_3,link6,790,790,1.0,0.6443037974683544,0.13164556962025317,0.0,0.0,0.0,0.6443037974683544,0.13164556962025317,0.0,0.0,0.4145690424438519,0.15245557251675135,0.18573747500777243,0.4041004776954651,0.6476238071918488,0.10061966627836227,0.08349602687614381,0.0009743720293045044,0.047872340425531915,0.15780730897009967,-0.10993496854456776,21,21,1.0,0.09523809523809523,328,328,1.0,0.08536585365853659,441,441,1.0,0.16780045351473924,0,0,,,0,0,,,0,False,
house_20,link6_sensor_4,link6,790,790,1.0,0.3291139240506329,0.053164556962025315,0.0,0.0,0.0,0.3291139240506329,0.053164556962025315,0.0,0.0,0.5312084114061125,0.15670256256801374,0.1940829634666443,0.5685240626335144,0.741357284784317,0.17158769071102142,0.08043427304810982,0.0012157708406448364,0.0,0.06976744186046512,-0.06976744186046512,21,21,1.0,0.047619047619047616,328,328,1.0,0.009146341463414634,441,441,1.0,0.08616780045351474,0,0,,,0,0,,,0,False,
house_20,link6_sensor_5,link6,790,790,1.0,0.45569620253164556,0.06962025316455696,0.005063291139240506,0.0,0.0,0.45569620253164556,0.06962025316455696,0.005063291139240506,0.0,0.9848826713765723,0.6449575500044301,0.18842203319072726,1.168105125427246,1.7555132508277893,0.08876540511846542,0.5144540843919776,0.0030366312712430954,0.047872340425531915,0.07641196013289037,-0.028539619707358452,21,21,1.0,0.0,328,328,1.0,0.01524390243902439,441,441,1.0,0.11337868480725624,0,0,,,0,0,,,0,False,
house_21,link1_sensor_0,link1,794,794,1.0,0.0,0.0,0.0,0.0,0.0,0.0,0.0,0.0,0.0,1.7453432303832221,0.041431800215648504,1.6866425275802612,1.7404232621192932,1.8065615594387054,1.667153000831604,0.016611968976021706,0.0005743205547332764,0.0,0.0,0.0,11,11,1.0,0.0,296,296,1.0,0.0,487,487,1.0,0.0,0,0,,,0,0,,,0,False,
house_21,link1_sensor_1,link1,794,794,1.0,0.0,0.0,0.0,0.0,0.0,0.0,0.0,0.0,0.0,0.9549910285761134,5.642589221078385e-05,0.9549118429422379,0.954984188079834,0.9550895363092422,0.9548510909080505,5.3353763059662734e-05,3.46451997756958e-05,0.0,0.0,0.0,11,11,1.0,0.0,296,296,1.0,0.0,487,487,1.0,0.0,0,0,,,0,0,,,0,True,extremely_low_frame_to_frame_variation
house_21,link1_sensor_2,link1,794,794,1.0,0.0,0.0,0.0,0.0,0.0,0.0,0.0,0.0,0.0,1.7069218242799005,0.0330999749846834,1.665232926607132,1.7108482718467712,1.7595365941524506,1.6521573066711426,0.009325064350833023,0.00020757317543029785,0.0,0.0,0.0,11,11,1.0,0.0,296,296,1.0,0.0,487,487,1.0,0.0,0,0,,,0,0,,,0,False,
house_21,link1_sensor_3,link1,794,794,1.0,0.4332493702770781,0.0,0.0,0.0,0.0,0.4332493702770781,0.0,0.0,0.0,0.5475210435219315,0.20732008533277435,0.4380533456802368,0.5079500675201416,0.6686825096607208,0.37989866733551025,0.03699187729302374,0.0007216185331344604,0.0,0.0,0.0,11,11,1.0,0.0,296,296,1.0,0.0,487,487,1.0,0.0,0,0,,,0,0,,,0,False,
house_21,link1_sensor_4,link1,794,794,1.0,0.4521410579345088,0.0,0.0,0.0,0.0,0.4521410579345088,0.0,0.0,0.0,0.5152712555916544,0.06821041663817334,0.4386561706662178,0.5040602087974548,0.6546750128269195,0.4157797396183014,0.029550782586517207,0.0006223171949386597,0.0,0.0,0.0,11,11,1.0,0.0,296,296,1.0,0.0,487,487,1.0,0.0,0,0,,,0,0,,,0,False,
house_21,link1_sensor_5,link1,794,794,1.0,1.0,1.0,0.0,0.0,0.0,1.0,1.0,0.0,0.0,0.18646528526802808,4.300060919379868e-06,0.18645980954170227,0.18646453320980072,0.18647241592407227,0.1864587515592575,3.7423344386070528e-06,3.2335519790649414e-06,1.0,1.0,0.0,11,11,1.0,1.0,296,296,1.0,1.0,487,487,1.0,1.0,0,0,,,0,0,,,3,True,activation_lt_0_20m_close_to_1;extremely_low_frame_to_frame_variation
house_21,link1_sensor_6,link1,794,794,1.0,0.0,0.0,0.0,0.0,0.0,0.0,0.0,0.0,0.0,1.7128268421747221,0.028377989624500683,1.6689031779766084,1.7136561274528503,1.7669790983200073,1.6438062191009521,0.009985698245689314,0.0002886354923248291,0.0,0.0,0.0,11,11,1.0,0.0,296,296,1.0,0.0,487,487,1.0,0.0,0,0,,,0,0,,,0,False,
house_21,link2_sensor_0,link2,794,794,1.0,0.0,0.0,0.0,0.0,0.0,0.0,0.0,0.0,0.0,1.3678075546581738,0.09415410869942872,1.2232986032962798,1.3852941989898682,1.4869327902793885,1.1444848775863647,0.0757534977287791,0.004016786813735962,0.0,0.0,0.0,11,11,1.0,0.0,296,296,1.0,0.0,487,487,1.0,0.0,0,0,,,0,0,,,0,False,
house_21,link2_sensor_1,link2,794,794,1.0,0.0,0.0,0.0,0.0,0.0,0.0,0.0,0.0,0.0,1.625043361553317,0.02593662725216676,1.5840301990509034,1.630124568939209,1.6549423396587373,1.5812764167785645,0.009359919982681143,0.0001723766326904297,0.0,0.0,0.0,11,11,1.0,0.0,296,296,1.0,0.0,487,487,1.0,0.0,0,0,,,0,0,,,0,False,
house_21,link2_sensor_2,link2,794,794,1.0,0.0,0.0,0.0,0.0,0.0,0.0,0.0,0.0,0.0,1.3018926916554834,0.2577987531078494,0.7608747005462646,1.426371693611145,1.5318218529224383,0.7406069040298462,0.2669725593112797,0.0037769973278045654,0.0,0.0,0.0,11,11,1.0,0.0,296,296,1.0,0.0,487,487,1.0,0.0,0,0,,,0,0,,,0,False,
house_21,link2_sensor_3,link2,794,794,1.0,0.8551637279596978,0.010075566750629723,0.0012594458438287153,0.0,0.0,0.8551637279596978,0.010075566750629723,0.0012594458438287153,0.0,0.47973020667543337,0.17818392697025032,0.34796480536460894,0.4616561084985733,0.5447405248880386,0.09893438220024109,0.06310215578115386,0.000823289155960083,0.013774104683195593,0.0069605568445475635,0.006813547838648029,11,11,1.0,0.0,296,296,1.0,0.02702702702702703,487,487,1.0,0.0,0,0,,,0,0,,,0,False,
house_21,link2_sensor_4,link2,794,794,1.0,0.15869017632241814,0.0,0.0,0.0,0.0,0.15869017632241814,0.0,0.0,0.0,0.7145231991856165,0.4038849517800722,0.46931077241897584,0.5489231050014496,1.6631053626537322,0.32997891306877136,0.4172342767338252,0.0009424835443496704,0.0,0.0,0.0,11,11,1.0,0.0,296,296,1.0,0.0,487,487,1.0,0.0,0,0,,,0,0,,,0,False,
house_21,link2_sensor_5,link2,794,794,1.0,0.005037783375314861,0.0,0.0,0.0,0.0,0.005037783375314861,0.0,0.0,0.0,1.482628737386288,0.5270207997148753,0.6023348718881607,1.830742359161377,1.9152872860431667,0.47264400124549866,0.5016222917904807,0.003492116928100586,0.0,0.0,0.0,11,11,1.0,0.0,296,296,1.0,0.0,487,487,1.0,0.0,0,0,,,0,0,,,0,False,
house_21,link2_sensor_6,link2,794,794,1.0,0.012594458438287154,0.0,0.0,0.0,0.0,0.012594458438287154,0.0,0.0,0.0,0.7594073007554192,0.06711511667086431,0.5613883912563324,0.7818786799907684,0.8046404749155045,0.45847177505493164,0.06640136079648355,0.0009878873825073242,0.0,0.0,0.0,11,11,1.0,0.0,296,296,1.0,0.0,487,487,1.0,0.0,0,0,,,0,0,,,0,False,
house_21,link3_sensor_0,link3,794,794,1.0,0.181360201511335,0.0,0.0,0.0,0.0,0.181360201511335,0.0,0.0,0.0,0.8016055167772308,0.17874472116525025,0.4587351202964783,0.9033825397491455,0.9168741762638092,0.44941574335098267,0.18860528082305889,0.0007009059190750122,0.0,0.0,0.0,11,11,1.0,0.0,296,296,1.0,0.0,487,487,1.0,0.0,0,0,,,0,0,,,0,False,
house_21,link3_sensor_1,link3,794,794,1.0,0.371536523929471,0.0,0.0,0.0,0.0,0.371536523929471,0.0,0.0,0.0,0.6485246367733786,0.35852068414739313,0.33327758610248565,0.55061274766922,1.6239316284656524,0.2736690044403076,0.1660230578218826,0.0025771111249923706,0.0,0.0,0.0,11,11,1.0,0.0,296,296,1.0,0.0,487,487,1.0,0.0,0,0,,,0,0,,,0,False,
house_21,link3_sensor_2,link3,794,794,1.0,0.8299748110831234,0.0,0.0,0.0,0.0,0.8299748110831234,0.0,0.0,0.0,0.42858059456576636,0.08558429851488729,0.32109010219573975,0.40625885128974915,0.5971286356449126,0.2138718217611313,0.08797586008668438,0.0024771392345428467,0.0,0.0,0.0,11,11,1.0,0.0,296,296,1.0,0.0,487,487,1.0,0.0,0,0,,,0,0,,,0,False,
house_21,link3_sensor_3,link3,794,794,1.0,0.1952141057934509,0.02392947103274559,0.007556675062972292,0.0012594458438287153,0.0012594458438287153,0.1952141057934509,0.02392947103274559,0.007556675062972292,0.0012594458438287153,0.795637013726124,0.22432498803474785,0.44348551481962206,0.9063157141208649,0.9874347746372222,0.020685890689492226,0.2336489745375153,0.0017340630292892456,0.03305785123966942,0.016241299303944315,0.016816551935725108,11,11,1.0,0.0,296,296,1.0,0.06418918918918919,487,487,1.0,0.0,0,0,,,0,0,,,0,False,
house_21,link3_sensor_4,link3,794,794,1.0,0.15239294710327456,0.0,0.0,0.0,0.0,0.15239294710327456,0.0,0.0,0.0,1.3565124235390416,0.5343083213777391,0.3813645333051682,1.6573108434677124,1.745432198047638,0.29515960812568665,0.3307564528422585,0.0010706335306167603,0.0,0.0,0.0,11,11,1.0,0.0,296,296,1.0,0.0,487,487,1.0,0.0,0,0,,,0,0,,,0,False,
house_21,link4_sensor_0,link4,794,794,1.0,0.8438287153652393,0.0,0.0,0.0,0.0,0.8438287153652393,0.0,0.0,0.0,0.5047775077954948,0.2526237093410017,0.4114405244588852,0.4385755658149719,1.4962974190711975,0.2782391607761383,0.26128955958654565,0.0019980967044830322,0.0,0.0,0.0,11,11,1.0,0.0,296,296,1.0,0.0,487,487,1.0,0.0,0,0,,,0,0,,,0,False,
house_21,link4_sensor_1,link4,794,794,1.0,0.3967254408060453,0.0,0.0,0.0,0.0,0.3967254408060453,0.0,0.0,0.0,0.9995627994801597,0.6008014565894461,0.36881114542484283,0.634434312582016,1.7278738141059875,0.3354112505912781,0.3393018948952258,0.0018564164638519287,0.0,0.0,0.0,11,11,1.0,0.0,296,296,1.0,0.0,487,487,1.0,0.0,0,0,,,0,0,,,0,False,
house_21,link4_sensor_2,link4,794,794,1.0,0.8022670025188917,0.0,0.0,0.0,0.0,0.8022670025188917,0.0,0.0,0.0,0.4717207511591371,0.19316783619884398,0.3107667163014412,0.45169761776924133,0.6852805614471436,0.2827005386352539,0.09430902100634296,0.0030171796679496765,0.0,0.0,0.0,11,11,1.0,0.0,296,296,1.0,0.0,487,487,1.0,0.0,0,0,,,0,0,,,0,False,
house_21,link4_sensor_3,link4,794,794,1.0,0.15239294710327456,0.0,0.0,0.0,0.0,0.15239294710327456,0.0,0.0,0.0,1.007039469457994,0.36527201237628615,0.3821102574467659,1.236838161945343,1.346109938621521,0.3236716091632843,0.17648180077210268,0.005286231637001038,0.0,0.0,0.0,11,11,1.0,0.0,296,296,1.0,0.0,487,487,1.0,0.0,0,0,,,0,0,,,0,False,
house_21,link4_sensor_4,link4,794,794,1.0,0.0,0.0,0.0,0.0,0.0,0.0,0.0,0.0,0.0,1.7499069217920906,0.061818456707848184,1.6878526270389558,1.7513471245765686,1.8364758253097535,0.6882429718971252,0.02470814914916665,0.0012420117855072021,0.0,0.0,0.0,11,11,1.0,0.0,296,296,1.0,0.0,487,487,1.0,0.0,0,0,,,0,0,,,0,False,
house_21,link5_back_sensor_0,link5,794,794,1.0,0.028967254408060455,0.0,0.0,0.0,0.0,0.028967254408060455,0.0,0.0,0.0,1.8051268132567706,0.27404418777936096,1.4840849339962006,1.8374117612838745,2.0163710236549375,0.3655816316604614,0.0780982134231431,0.0025307536125183105,0.0,0.0,0.0,11,11,1.0,0.0,296,296,1.0,0.0,487,487,1.0,0.0,0,0,,,0,0,,,0,False,
house_21,link5_back_sensor_1,link5,794,794,1.0,0.0,0.0,0.0,0.0,0.0,0.0,0.0,0.0,0.0,2.034457226243968,0.10180705318438035,1.863325184583664,2.0377062559127808,2.165970194339752,1.71432626247406,0.06898869357100537,0.004279673099517822,0.0,0.0,0.0,11,11,1.0,0.0,296,296,1.0,0.0,487,487,1.0,0.0,0,0,,,0,0,,,0,False,
house_21,link5_back_sensor_2,link5,794,794,1.0,0.5982367758186398,0.190176322418136,0.012594458438287154,0.0025188916876574307,0.0025188916876574307,0.5982367758186398,0.190176322418136,0.012594458438287154,0.0025188916876574307,0.7505455045662914,0.666448602920397,0.15586590692400934,0.3272704780101776,1.7348410606384277,0.018320858478546143,0.6060024069138089,0.001740381121635437,0.15702479338842976,0.21809744779582366,-0.0610726544073939,11,11,1.0,0.45454545454545453,296,296,1.0,0.13851351351351351,487,487,1.0,0.21560574948665298,0,0,,,0,0,,,2,False,
house_21,link5_back_sensor_3,link5,794,794,1.0,0.0,0.0,0.0,0.0,0.0,0.0,0.0,0.0,0.0,1.8513308586341608,0.20346330721464284,1.385898047685623,1.9195335507392883,2.0627703070640564,1.2305655479431152,0.09826184681489478,0.010311931371688843,0.0,0.0,0.0,11,11,1.0,0.0,296,296,1.0,0.0,487,487,1.0,0.0,0,0,,,0,0,,,0,False,
house_21,link5_back_sensor_4,link5,794,794,1.0,0.9924433249370277,0.48614609571788414,0.1561712846347607,0.006297229219143577,0.006297229219143577,0.9924433249370277,0.48614609571788414,0.1561712846347607,0.006297229219143577,0.22446098989837565,0.11626693715880337,0.07204102799296379,0.2061971351504326,0.4240176945924754,0.012140302918851376,0.08617108247641603,0.0026965588331222534,0.3415977961432507,0.6078886310904872,-0.2662908349472365,11,11,1.0,0.7272727272727273,296,296,1.0,0.25,487,487,1.0,0.6242299794661191,0,0,,,0,0,,,3,False,
house_21,link5_back_sensor_5,link5,794,794,1.0,0.9659949622166247,0.6473551637279596,0.16624685138539042,0.03400503778337532,0.03400503778337532,0.9659949622166247,0.6473551637279596,0.16624685138539042,0.03400503778337532,0.22962397641692336,0.26923934402322325,0.06711598373949527,0.1706959307193756,0.41354955583810754,0.019515903666615486,0.19029419002630077,0.004255322739481926,0.559228650137741,0.7215777262180975,-0.16234907608035642,11,11,1.0,0.7272727272727273,296,296,1.0,0.42905405405405406,487,487,1.0,0.7782340862422998,0,0,,,0,0,,,3,False,
house_21,link5_front_sensor_0,link5,794,794,1.0,0.3979848866498741,0.0,0.0,0.0,0.0,0.3979848866498741,0.0,0.0,0.0,1.1320948871392147,0.6462428478714246,0.3726846739649773,1.6356185674667358,1.790038275718689,0.3447498083114624,0.46262355185087345,0.0027729645371437073,0.0,0.0,0.0,11,11,1.0,0.0,296,296,1.0,0.0,487,487,1.0,0.0,0,0,,,0,0,,,0,False,
house_21,link5_front_sensor_1,link5,794,794,1.0,0.0,0.0,0.0,0.0,0.0,0.0,0.0,0.0,0.0,2.172808751651562,0.09897481078447669,1.9878159642219544,2.19430673122406,2.3012877106666565,1.7028393745422363,0.10383214778499378,0.007880747318267822,0.0,0.0,0.0,11,11,1.0,0.0,296,296,1.0,0.0,487,487,1.0,0.0,0,0,,,0,0,,,0,False,
house_21,link5_front_sensor_2,link5,794,794,1.0,0.0,0.0,0.0,0.0,0.0,0.0,0.0,0.0,0.0,2.0936995130642235,0.14679505984490246,1.7680350184440612,2.156522035598755,2.250639808177948,1.549124002456665,0.10546065457770877,0.008057177066802979,0.0,0.0,0.0,11,11,1.0,0.0,296,296,1.0,0.0,487,487,1.0,0.0,0,0,,,0,0,,,0,False,
house_21,link5_front_sensor_3,link5,794,794,1.0,0.38413098236775817,0.0,0.0,0.0,0.0,0.38413098236775817,0.0,0.0,0.0,0.7500606188245624,0.3261466476613392,0.34707169979810715,0.8174831569194794,1.1119943499565124,0.2886730134487152,0.23876510804119722,0.0029354840517044067,0.0,0.0,0.0,11,11,1.0,0.0,296,296,1.0,0.0,487,487,1.0,0.0,0,0,,,0,0,,,0,False,
house_21,link6_sensor_0,link6,794,794,1.0,0.4987405541561713,0.0654911838790932,0.0,0.0,0.0,0.4987405541561713,0.0654911838790932,0.0,0.0,0.4469675904031965,0.15603900289925973,0.17013060972094537,0.5008915364742279,0.6168764591217041,0.11397726833820343,0.08094987531920289,0.0013300925493240356,0.05785123966942149,0.07192575406032482,-0.014074514390903334,11,11,1.0,0.09090909090909091,296,296,1.0,0.10810810810810811,487,487,1.0,0.039014373716632446,0,0,,,0,0,,,0,False,
house_21,link6_sensor_1,link6,794,794,1.0,0.7229219143576826,0.4987405541561713,0.09445843828715365,0.008816120906801008,0.008816120906801008,0.7229219143576826,0.4987405541561713,0.09445843828715365,0.008816120906801008,0.5917473255049072,0.664963145230502,0.09005810730159283,0.20027495920658112,1.7541772484779359,0.026745663955807686,0.6438792843112275,0.00410802848637104,0.4214876033057851,0.5638051044083526,-0.14231750110256752,11,11,1.0,0.6363636363636364,296,296,1.0,0.23310810810810811,487,487,1.0,0.6570841889117043,0,0,,,0,0,,,3,False,
house_21,link6_sensor_2,link6,794,794,1.0,0.9584382871536524,0.29974811083123426,0.06297229219143577,0.04785894206549118,0.04785894206549118,0.9584382871536524,0.29974811083123426,0.06297229219143577,0.04785894206549118,0.3010027628445937,0.1365907912544002,0.06370993852615357,0.3101908415555954,0.4958609119057655,0.012140302918851376,0.07075826726678594,0.0009409971535205841,0.41046831955922863,0.20649651972157773,0.2039717998376509,11,11,1.0,0.09090909090909091,296,296,1.0,0.23648648648648649,487,487,1.0,0.34291581108829566,0,0,,,0,0,,,2,False,
house_21,link6_sensor_3,link6,794,794,1.0,0.5982367758186398,0.021410579345088162,0.0,0.0,0.0,0.5982367758186398,0.021410579345088162,0.0,0.0,0.4388100832644428,0.14612633126597638,0.21284948736429216,0.43315230309963226,0.6342208981513976,0.11703398078680038,0.08841177330216665,0.0010691285133361816,0.046831955922865015,0.0,0.046831955922865015,11,11,1.0,0.0,296,296,1.0,0.057432432432432436,487,487,1.0,0.0,0,0,,,0,0,,,0,False,
house_21,link6_sensor_4,link6,794,794,1.0,0.2594458438287154,0.042821158690176324,0.0,0.0,0.0,0.2594458438287154,0.042821158690176324,0.0,0.0,0.5461318052704598,0.13850073907859298,0.2997805774211884,0.5899544656276703,0.7467617034912107,0.11849255114793777,0.11031308874936241,0.0018016248941421509,0.02203856749311295,0.060324825986078884,-0.038286258492965936,11,11,1.0,0.0,296,296,1.0,0.05067567567567568,487,487,1.0,0.039014373716632446,0,0,,,0,0,,,0,False,
house_21,link6_sensor_5,link6,794,794,1.0,0.3249370277078086,0.015113350125944584,0.0,0.0,0.0,0.3249370277078086,0.015113350125944584,0.0,0.0,1.2134300326970722,0.640382108387653,0.26777803599834443,1.618495225906372,1.8330958008766174,0.12079961597919464,0.268824662550303,0.0034116506576538086,0.024793388429752067,0.0069605568445475635,0.017832831585204503,11,11,1.0,0.0,296,296,1.0,0.0,487,487,1.0,0.024640657084188913,0,0,,,0,0,,,0,False,
house_22,link1_sensor_0,link1,826,826,1.0,0.0,0.0,0.0,0.0,0.0,0.0,0.0,0.0,0.0,1.714170949438871,0.19846731582773375,1.6664914190769196,1.7569920420646667,1.7943075895309448,0.6764193177223206,0.016477968182533553,0.0005477666854858398,0.0,0.0,0.0,16,16,1.0,0.0,308,308,1.0,0.0,502,502,1.0,0.0,0,0,,,0,0,,,0,False,
house_22,link1_sensor_1,link1,826,826,1.0,0.0,0.0,0.0,0.0,0.0,0.0,0.0,0.0,0.0,0.9549935373497933,5.6445975960764996e-05,0.9549198299646378,0.9549845457077026,0.955107256770134,0.9548715353012085,5.267883846456487e-05,3.159046173095703e-05,0.0,0.0,0.0,16,16,1.0,0.0,308,308,1.0,0.0,502,502,1.0,0.0,0,0,,,0,0,,,0,True,extremely_low_frame_to_frame_variation
house_22,link1_sensor_2,link1,826,826,1.0,0.0,0.0,0.0,0.0,0.0,0.0,0.0,0.0,0.0,1.7485400382023457,0.04302366266628136,1.6987988650798798,1.7392081022262573,1.8393876552581787,1.656516671180725,0.012193335133483533,0.0002904534339904785,0.0,0.0,0.0,16,16,1.0,0.0,308,308,1.0,0.0,502,502,1.0,0.0,0,0,,,0,0,,,0,False,
house_22,link1_sensor_3,link1,826,826,1.0,0.24334140435835352,0.0,0.0,0.0,0.0,0.24334140435835352,0.0,0.0,0.0,0.8016563688583004,0.4883287710453598,0.35843171179294586,0.5434920191764832,1.7450482845306396,0.33676645159721375,0.25260352393955926,0.0005052760243415833,0.0,0.0,0.0,16,16,1.0,0.0,308,308,1.0,0.0,502,502,1.0,0.0,0,0,,,0,0,,,0,False,
house_22,link1_sensor_4,link1,826,826,1.0,0.2687651331719128,0.0,0.0,0.0,0.0,0.2687651331719128,0.0,0.0,0.0,0.5902539182084524,0.117424596198478,0.3940036669373512,0.5370324850082397,0.7660334706306458,0.3720475733280182,0.034525237657370624,0.00047901272773742676,0.0,0.0,0.0,16,16,1.0,0.0,308,308,1.0,0.0,502,502,1.0,0.0,0,0,,,0,0,,,0,False,
house_22,link1_sensor_5,link1,826,826,1.0,1.0,1.0,0.0,0.0,0.0,1.0,1.0,0.0,0.0,0.18646642758756804,5.061811042843529e-06,0.1864599585533142,0.1864655613899231,0.1864757463335991,0.1864585429430008,4.467513175884509e-06,2.5480985641479492e-06,1.0,1.0,0.0,16,16,1.0,1.0,308,308,1.0,1.0,502,502,1.0,1.0,0,0,,,0,0,,,3,True,activation_lt_0_20m_close_to_1;extremely_low_frame_to_frame_variation
house_22,link1_sensor_6,link1,826,826,1.0,0.0,0.0,0.0,0.0,0.0,0.0,0.0,0.0,0.0,1.7026618212533633,0.03400717751576885,1.6507350504398346,1.6993504166603088,1.7604215145111084,1.641064167022705,0.012265898588314263,0.00018933415412902832,0.0,0.0,0.0,16,16,1.0,0.0,308,308,1.0,0.0,502,502,1.0,0.0,0,0,,,0,0,,,0,False,
house_22,link2_sensor_0,link2,826,826,1.0,0.05084745762711865,0.0,0.0,0.0,0.0,0.05084745762711865,0.0,0.0,0.0,1.224884749902074,0.24485069695646797,0.5005294755101204,1.2634204626083374,1.4383201897144318,0.4129078984260559,0.10533926846868838,0.0024888813495635986,0.0,0.0,0.0,16,16,1.0,0.0,308,308,1.0,0.0,502,502,1.0,0.0,0,0,,,0,0,,,0,False,
house_22,link2_sensor_1,link2,826,826,1.0,0.0,0.0,0.0,0.0,0.0,0.0,0.0,0.0,0.0,1.5818774091129442,0.22626322234270702,1.5833958983421326,1.6283196806907654,1.6899715662002563,0.5402235388755798,0.013068510278797088,0.0002537965774536133,0.0,0.0,0.0,16,16,1.0,0.0,308,308,1.0,0.0,502,502,1.0,0.0,0,0,,,0,0,,,0,False,
house_22,link2_sensor_2,link2,826,826,1.0,0.0,0.0,0.0,0.0,0.0,0.0,0.0,0.0,0.0,1.3316938644748624,0.30458143364049556,0.7620984315872192,1.463840901851654,1.6668621301651,0.7392650246620178,0.2798184819084705,0.0038542449474334717,0.0,0.0,0.0,16,16,1.0,0.0,308,308,1.0,0.0,502,502,1.0,0.0,0,0,,,0,0,,,0,False,
house_22,link2_sensor_3,link2,826,826,1.0,0.9213075060532687,0.03026634382566586,0.009685230024213076,0.0,0.0,0.9213075060532687,0.03026634382566586,0.009685230024213076,0.0,0.4312248567511614,0.21518164826567557,0.24410761147737503,0.4149685204029083,0.5630369484424591,0.08420084416866302,0.0663337874322171,0.000643514096736908,0.041584158415841586,0.012461059190031152,0.029123099225810432,16,16,1.0,0.0,308,308,1.0,0.05194805194805195,502,502,1.0,0.017928286852589643,0,0,,,0,0,,,0,False,
house_22,link2_sensor_4,link2,826,826,1.0,0.5980629539951574,0.0,0.0,0.0,0.0,0.5980629539951574,0.0,0.0,0.0,0.6639638830688905,0.44937385011795217,0.3148210719227791,0.48646263778209686,1.6560910046100616,0.26595407724380493,0.3912798343114651,0.0006524398922920227,0.0,0.0,0.0,16,16,1.0,0.0,308,308,1.0,0.0,502,502,1.0,0.0,0,0,,,0,0,,,0,False,
house_22,link2_sensor_5,link2,826,826,1.0,0.012106537530266344,0.0,0.0,0.0,0.0,0.012106537530266344,0.0,0.0,0.0,1.1401577250937285,0.6091360746959564,0.5157737582921982,0.7482057511806488,1.9150624573230743,0.43815314769744873,0.5421402354436583,0.001962900161743164,0.0,0.0,0.0,16,16,1.0,0.0,308,308,1.0,0.0,502,502,1.0,0.0,0,0,,,0,0,,,0,False,
house_22,link2_sensor_6,link2,826,826,1.0,0.04963680387409201,0.0,0.0,0.0,0.0,0.04963680387409201,0.0,0.0,0.0,0.7376246061581965,0.08128269969092129,0.5009066760540009,0.7653433978557587,0.7907019406557083,0.42001408338546753,0.07739773635116654,0.00040081143379211426,0.0,0.0,0.0,16,16,1.0,0.0,308,308,1.0,0.0,502,502,1.0,0.0,0,0,,,0,0,,,0,False,
house_22,link3_sensor_0,link3,826,826,1.0,0.22276029055690072,0.0,0.0,0.0,0.0,0.22276029055690072,0.0,0.0,0.0,0.7858813222109837,0.1836787700415221,0.4573041796684265,0.8809843063354492,0.9421665221452713,0.4489831030368805,0.16973577989335953,0.00030544400215148926,0.0,0.0,0.0,16,16,1.0,0.0,308,308,1.0,0.0,502,502,1.0,0.0,0,0,,,0,0,,,0,False,
house_22,link3_sensor_1,link3,826,826,1.0,0.6004842615012107,0.0,0.0,0.0,0.0,0.6004842615012107,0.0,0.0,0.0,0.4648353530874264,0.16132203108870796,0.2882518768310547,0.456584632396698,0.6482491344213486,0.23942413926124573,0.0709372954664535,0.001967012882232666,0.0,0.0,0.0,16,16,1.0,0.0,308,308,1.0,0.0,502,502,1.0,0.0,0,0,,,0,0,,,0,False,
house_22,link3_sensor_2,link3,826,826,1.0,0.8280871670702179,0.0,0.0,0.0,0.0,0.8280871670702179,0.0,0.0,0.0,0.4037144662717641,0.11550448154878701,0.26764774322509766,0.3837279975414276,0.5858887881040573,0.23474350571632385,0.08202063399882184,0.001240365207195282,0.0,0.0,0.0,16,16,1.0,0.0,308,308,1.0,0.0,502,502,1.0,0.0,0,0,,,0,0,,,0,False,
house_22,link3_sensor_3,link3,826,826,1.0,0.23002421307506055,0.01937046004842615,0.007263922518159807,0.0,0.0,0.23002421307506055,0.01937046004842615,0.007263922518159807,0.0,0.7953861213580098,0.25370413559288985,0.4435933232307434,0.9253815412521362,1.0547979176044464,0.05888720229268074,0.21978879682275912,0.00173969566822052,0.019801980198019802,0.018691588785046728,0.0011103914129730746,16,16,1.0,0.0,308,308,1.0,0.05194805194805195,502,502,1.0,0.0,0,0,,,0,0,,,0,False,
house_22,link3_sensor_4,link3,826,826,1.0,0.4225181598062954,0.0,0.0,0.0,0.0,0.4225181598062954,0.0,0.0,0.0,1.0643848462197163,0.6370701410741332,0.3299243748188019,1.6015968918800354,1.7342654168605804,0.29164984822273254,0.3781633931343994,0.0007896870374679565,0.0,0.0,0.0,16,16,1.0,0.0,308,308,1.0,0.0,502,502,1.0,0.0,0,0,,,0,0,,,0,False,
house_22,link4_sensor_0,link4,826,826,1.0,0.851089588377724,0.0,0.0,0.0,0.0,0.851089588377724,0.0,0.0,0.0,0.4546980964285987,0.20299455214343218,0.24806386977434158,0.4339338093996048,0.6036937683820724,0.2160852551460266,0.12205196944233604,0.0017111822962760925,0.0,0.0,0.0,16,16,1.0,0.0,308,308,1.0,0.0,502,502,1.0,0.0,0,0,,,0,0,,,0,False,
house_22,link4_sensor_1,link4,826,826,1.0,0.17675544794188863,0.0,0.0,0.0,0.0,0.17675544794188863,0.0,0.0,0.0,1.2705577082625312,0.5711575208217016,0.39777814596891403,1.6619820594787598,1.7415125966072083,0.37826547026634216,0.3094885757242041,0.0011951029300689697,0.0,0.0,0.0,16,16,1.0,0.0,308,308,1.0,0.0,502,502,1.0,0.0,0,0,,,0,0,,,0,False,
house_22,link4_sensor_2,link4,826,826,1.0,0.7203389830508474,0.0,0.0,0.0,0.0,0.7203389830508474,0.0,0.0,0.0,0.5308535669819783,0.27379986106442195,0.30780286341905594,0.46507108211517334,1.5015735924243927,0.2724699079990387,0.08622998766071113,0.003547780215740204,0.0,0.0,0.0,16,16,1.0,0.0,308,308,1.0,0.0,502,502,1.0,0.0,0,0,,,0,0,,,0,False,
house_22,link4_sensor_3,link4,826,826,1.0,0.0847457627118644,0.0,0.0,0.0,0.0,0.0847457627118644,0.0,0.0,0.0,1.1670365859607807,0.26103344013661517,0.4095796123147011,1.251840889453888,1.3535163700580597,0.3133390247821808,0.057434304869407704,0.004022091627120972,0.0,0.0,0.0,16,16,1.0,0.0,308,308,1.0,0.0,502,502,1.0,0.0,0,0,,,0,0,,,0,False,
house_22,link4_sensor_4,link4,826,826,1.0,0.0,0.0,0.0,0.0,0.0,0.0,0.0,0.0,0.0,1.7401550011686782,0.06796658662075146,1.6900896430015564,1.7414286732673645,1.8096043765544891,0.7522523403167725,0.019817491853430617,0.0010409653186798096,0.0,0.0,0.0,16,16,1.0,0.0,308,308,1.0,0.0,502,502,1.0,0.0,0,0,,,0,0,,,0,False,
house_22,link5_back_sensor_0,link5,826,826,1.0,0.18886198547215496,0.0,0.0,0.0,0.0,0.18886198547215496,0.0,0.0,0.0,1.5062810327072989,0.6081865212021513,0.313357375562191,1.7747676968574524,1.9556339979171753,0.2066257745027542,0.28787906112390915,0.0007166042923927307,0.0,0.0,0.0,16,16,1.0,0.0,308,308,1.0,0.0,502,502,1.0,0.0,0,0,,,0,0,,,0,False,
house_22,link5_back_sensor_1,link5,826,826,1.0,0.0,0.0,0.0,0.0,0.0,0.0,0.0,0.0,0.0,1.975535928625749,0.10981716545450997,1.8057744801044464,1.9934639930725098,2.148239552974701,1.5175591707229614,0.0658071738270757,0.0017749965190887451,0.0,0.0,0.0,16,16,1.0,0.0,308,308,1.0,0.0,502,502,1.0,0.0,0,0,,,0,0,,,0,False,
house_22,link5_back_sensor_2,link5,826,826,1.0,0.7518159806295399,0.28692493946731235,0.03389830508474576,0.004842615012106538,0.004842615012106538,0.7518159806295399,0.28692493946731235,0.03389830508474576,0.004842615012106538,0.5517731429806056,0.5965628333533264,0.11823323182761669,0.24818072468042374,1.7041276395320892,0.03394215181469917,0.509880262165699,0.0023637190461158752,0.33663366336633666,0.2087227414330218,0.12791092193331485,16,16,1.0,0.1875,308,308,1.0,0.16233766233766234,502,502,1.0,0.3665338645418327,0,0,,,0,0,,,1,False,
house_22,link5_back_sensor_3,link5,826,826,1.0,0.0,0.0,0.0,0.0,0.0,0.0,0.0,0.0,0.0,1.8392945665135512,0.25201983939313305,1.4302436709403992,1.8792193531990051,2.165265738964081,0.6323257088661194,0.12097864918389203,0.004052966833114624,0.0,0.0,0.0,16,16,1.0,0.0,308,308,1.0,0.0,502,502,1.0,0.0,0,0,,,0,0,,,0,False,
house_22,link5_back_sensor_4,link5,826,826,1.0,0.950363196125908,0.30024213075060535,0.044794188861985475,0.010895883777239709,0.010895883777239709,0.950363196125908,0.30024213075060535,0.044794188861985475,0.010895883777239709,0.28584809670535977,0.1280448215051158,0.11041398160159588,0.2739322632551193,0.4842176288366318,0.020006855949759483,0.06716786172792502,0.0025003813207149506,0.4613861386138614,0.04672897196261682,0.4146571666512446,16,16,1.0,0.125,308,308,1.0,0.16883116883116883,502,502,1.0,0.38645418326693226,0,0,,,0,0,,,1,False,
house_22,link5_back_sensor_5,link5,826,826,1.0,0.9842615012106537,0.3644067796610169,0.1440677966101695,0.05811138014527845,0.05811138014527845,0.9842615012106537,0.3644067796610169,0.1440677966101695,0.05811138014527845,0.26307372548155145,0.20352441893727047,0.048496550880372524,0.2473260536789894,0.419802226126194,0.012140302918851376,0.11476688041427055,0.0035754255950450897,0.502970297029703,0.14641744548286603,0.3565528515468369,16,16,1.0,0.25,308,308,1.0,0.32142857142857145,502,502,1.0,0.3944223107569721,0,0,,,0,0,,,3,False,
house_22,link5_front_sensor_0,link5,826,826,1.0,0.17554479418886199,0.0,0.0,0.0,0.0,0.17554479418886199,0.0,0.0,0.0,1.4282358162483928,0.5345373351732683,0.33228353410959244,1.6585519909858704,1.8028424382209778,0.27623024582862854,0.1431424876720926,0.002823561429977417,0.0,0.0,0.0,16,16,1.0,0.0,308,308,1.0,0.0,502,502,1.0,0.0,0,0,,,0,0,,,0,False,
house_22,link5_front_sensor_1,link5,826,826,1.0,0.0,0.0,0.0,0.0,0.0,0.0,0.0,0.0,0.0,2.1517949782618597,0.1300341255797269,1.9103228747844696,2.191791296005249,2.2890849113464355,1.510121464729309,0.10034401200445131,0.005766093730926514,0.0,0.0,0.0,16,16,1.0,0.0,308,308,1.0,0.0,502,502,1.0,0.0,0,0,,,0,0,,,0,False,
house_22,link5_front_sensor_2,link5,826,826,1.0,0.0,0.0,0.0,0.0,0.0,0.0,0.0,0.0,0.0,2.056258951058976,0.13447900237412522,1.8034989535808563,2.0740315914154053,2.225202798843384,1.4400653839111328,0.08177358263252886,0.004104971885681152,0.0,0.0,0.0,16,16,1.0,0.0,308,308,1.0,0.0,502,502,1.0,0.0,0,0,,,0,0,,,0,False,
house_22,link5_front_sensor_3,link5,826,826,1.0,0.26997578692493945,0.0,0.0,0.0,0.0,0.26997578692493945,0.0,0.0,0.0,0.8496726280299284,0.3517796540174797,0.2814807891845703,1.0031509399414062,1.240227848291397,0.22946979105472565,0.25349232043850767,0.0037719905376434326,0.0,0.0,0.0,16,16,1.0,0.0,308,308,1.0,0.0,502,502,1.0,0.0,0,0,,,0,0,,,0,False,
house_22,link6_sensor_0,link6,826,826,1.0,0.8099273607748184,0.18159806295399517,0.0423728813559322,0.0,0.0,0.8099273607748184,0.18159806295399517,0.0423728813559322,0.0,0.35410742064798134,0.14439792516544106,0.12703144922852516,0.3398703634738922,0.5938892215490341,0.08900979161262512,0.08098994638936147,0.0006086751818656921,0.20396039603960395,0.14641744548286603,0.057542950556737915,16,16,1.0,0.0625,308,308,1.0,0.13636363636363635,502,502,1.0,0.21314741035856574,0,0,,,0,0,,,1,False,
house_22,link6_sensor_1,link6,826,826,1.0,0.6694915254237288,0.34261501210653755,0.17554479418886199,0.06779661016949153,0.06779661016949153,0.6694915254237288,0.34261501210653755,0.17554479418886199,0.06779661016949153,0.6515774262784901,0.6613013524003936,0.034022494219243526,0.3553250581026077,1.7307389080524445,0.012888581492006779,0.6176951761037772,0.0023232102394104004,0.3207920792079208,0.37694704049844235,-0.056154961290521554,16,16,1.0,0.5,308,308,1.0,0.12987012987012986,502,502,1.0,0.4681274900398406,0,0,,,0,0,,,2,False,
house_22,link6_sensor_2,link6,826,826,1.0,1.0,0.4648910411622276,0.11864406779661017,0.00847457627118644,0.00847457627118644,1.0,0.4648910411622276,0.11864406779661017,0.00847457627118644,0.23762783931554735,0.1143468362191423,0.07081451080739498,0.21919512748718262,0.45128999650478363,0.030585547909140587,0.053287195766741006,0.0013075992465019226,0.4,0.5669781931464174,-0.16697819314641738,16,16,1.0,0.4375,308,308,1.0,0.32142857142857145,502,502,1.0,0.5537848605577689,0,0,,,0,0,,,3,False,
house_22,link6_sensor_3,link6,826,826,1.0,0.3922518159806295,0.01937046004842615,0.006053268765133172,0.0,0.0,0.3922518159806295,0.01937046004842615,0.006053268765133172,0.0,0.49612327759801333,0.11994144328415152,0.2677070051431656,0.5375650823116302,0.6254541277885437,0.09475033730268478,0.0691256814429753,0.0009398609399795532,0.011881188118811881,0.03115264797507788,-0.019271459856266,16,16,1.0,0.0,308,308,1.0,0.05194805194805195,502,502,1.0,0.0,0,0,,,0,0,,,0,False,
house_22,link6_sensor_4,link6,826,826,1.0,0.42857142857142855,0.10048426150121065,0.0,0.0,0.0,0.42857142857142855,0.10048426150121065,0.0,0.0,0.48285783374497154,0.17176467744575635,0.1400206796824932,0.5476271212100983,0.7023115009069443,0.10050805658102036,0.11710097599044954,0.000924479216337204,0.15247524752475247,0.018691588785046728,0.13378365873970574,16,16,1.0,0.0625,308,308,1.0,0.03896103896103896,502,502,1.0,0.1394422310756972,0,0,,,0,0,,,0,False,
house_22,link6_sensor_5,link6,826,826,1.0,0.1585956416464891,0.002421307506053269,0.0,0.0,0.0,0.1585956416464891,0.002421307506053269,0.0,0.0,1.4276609954764712,0.5258922652626368,0.2873366102576256,1.6485755443572998,1.8638015389442444,0.14144252240657806,0.15168968066667207,0.002675354480743408,0.0039603960396039604,0.0,0.0039603960396039604,16,16,1.0,0.0,308,308,1.0,0.0,502,502,1.0,0.00398406374501992,0,0,,,0,0,,,0,False,
house_23,link1_sensor_0,link1,709,709,1.0,0.0,0.0,0.0,0.0,0.0,0.0,0.0,0.0,0.0,1.7228351471622505,0.03314806527727762,1.6625094175338746,1.7253124713897705,1.7691349744796754,1.64800226688385,0.012075920413173367,0.0003275275230407715,0.0,0.0,0.0,13,13,1.0,0.0,287,287,1.0,0.0,409,409,1.0,0.0,0,0,,,0,0,,,0,False,
house_23,link1_sensor_1,link1,709,709,1.0,0.0,0.0,0.0,0.0,0.0,0.0,0.0,0.0,0.0,0.9550029236103482,6.28469694783825e-05,0.954913318157196,0.9549979567527771,0.955116868019104,0.9548668265342712,5.586534823952112e-05,3.1948089599609375e-05,0.0,0.0,0.0,13,13,1.0,0.0,287,287,1.0,0.0,409,409,1.0,0.0,0,0,,,0,0,,,0,True,extremely_low_frame_to_frame_variation
house_23,link1_sensor_2,link1,709,709,1.0,0.0,0.0,0.0,0.0,0.0,0.0,0.0,0.0,0.0,1.722708817597673,0.047879524442933925,1.6522898197174072,1.702439308166504,1.8138185262680053,1.6513527631759644,0.007659609085896692,0.0001843571662902832,0.0,0.0,0.0,13,13,1.0,0.0,287,287,1.0,0.0,409,409,1.0,0.0,0,0,,,0,0,,,0,False,
house_23,link1_sensor_3,link1,709,709,1.0,0.3511988716502116,0.0,0.0,0.0,0.0,0.3511988716502116,0.0,0.0,0.0,0.8221329646907505,0.5299488698028936,0.38107905983924867,0.54367595911026,1.7457545757293702,0.37096238136291504,0.14674197433124525,0.0005875229835510254,0.0,0.0,0.0,13,13,1.0,0.0,287,287,1.0,0.0,409,409,1.0,0.0,0,0,,,0,0,,,0,False,
house_23,link1_sensor_4,link1,709,709,1.0,0.3610719322990127,0.0,0.0,0.0,0.0,0.3610719322990127,0.0,0.0,0.0,0.5515911756937191,0.1061844197471743,0.4149943172931671,0.5352928638458252,0.7660179615020752,0.4058084785938263,0.02452065134211353,0.0007629245519638062,0.0,0.0,0.0,13,13,1.0,0.0,287,287,1.0,0.0,409,409,1.0,0.0,0,0,,,0,0,,,0,False,
house_23,link1_sensor_5,link1,709,709,1.0,1.0,1.0,0.0,0.0,0.0,1.0,1.0,0.0,0.0,0.18646615113122508,5.3472382779638185e-06,0.18645964562892914,0.18646526336669922,0.18647773563861847,0.18645869195461273,4.676044470496115e-06,2.6673078536987305e-06,1.0,1.0,0.0,13,13,1.0,1.0,287,287,1.0,1.0,409,409,1.0,1.0,0,0,,,0,0,,,3,True,activation_lt_0_20m_close_to_1;extremely_low_frame_to_frame_variation
house_23,link1_sensor_6,link1,709,709,1.0,0.0,0.0,0.0,0.0,0.0,0.0,0.0,0.0,0.0,1.702327370139204,0.02975206926184952,1.652251958847046,1.7052381038665771,1.7568194389343261,1.6521368026733398,0.010447516044744434,0.000193864107131958,0.0,0.0,0.0,13,13,1.0,0.0,287,287,1.0,0.0,409,409,1.0,0.0,0,0,,,0,0,,,0,False,
house_23,link2_sensor_0,link2,709,709,1.0,0.02679830747531735,0.0,0.0,0.0,0.0,0.02679830747531735,0.0,0.0,0.0,1.2363674781470442,0.22408178412061333,0.6677338719367981,1.27053701877594,1.4625017642974854,0.4301758408546448,0.06976934217413391,0.004798531532287598,0.0,0.0,0.0,13,13,1.0,0.0,287,287,1.0,0.0,409,409,1.0,0.0,0,0,,,0,0,,,0,False,
house_23,link2_sensor_1,link2,709,709,1.0,0.0,0.0,0.0,0.0,0.0,0.0,0.0,0.0,0.0,1.6384723526130105,0.026248775895699756,1.605946946144104,1.6297318935394287,1.6996303796768188,1.5872713327407837,0.009798359251233586,0.00026348233222961426,0.0,0.0,0.0,13,13,1.0,0.0,287,287,1.0,0.0,409,409,1.0,0.0,0,0,,,0,0,,,0,False,
house_23,link2_sensor_2,link2,709,709,1.0,0.0,0.0,0.0,0.0,0.0,0.0,0.0,0.0,0.0,1.3016450323574296,0.30246368247598865,0.7576565504074096,1.4475091695785522,1.6353083848953247,0.7411429286003113,0.2930824810307068,0.00651201605796814,0.0,0.0,0.0,13,13,1.0,0.0,287,287,1.0,0.0,409,409,1.0,0.0,0,0,,,0,0,,,0,False,
house_23,link2_sensor_3,link2,709,709,1.0,0.5712270803949224,0.028208744710860368,0.0028208744710860366,0.0,0.0,0.5712270803949224,0.028208744710860368,0.0028208744710860366,0.0,0.5582700251313965,0.3549320191341425,0.2423108249902725,0.4744422733783722,1.5719080209732055,0.08977310359477997,0.07102387797004664,0.00108424574136734,0.03382663847780127,0.01694915254237288,0.01687748593542839,13,13,1.0,0.0,287,287,1.0,0.06968641114982578,409,409,1.0,0.0,0,0,,,0,0,,,0,False,
house_23,link2_sensor_4,link2,709,709,1.0,0.3765867418899859,0.0,0.0,0.0,0.0,0.3765867418899859,0.0,0.0,0.0,0.7436351545775055,0.45272990796209506,0.3423734068870544,0.5724795460700989,1.6615625381469727,0.2808867394924164,0.428090394846954,0.0009206235408782959,0.0,0.0,0.0,13,13,1.0,0.0,287,287,1.0,0.0,409,409,1.0,0.0,0,0,,,0,0,,,0,False,
house_23,link2_sensor_5,link2,709,709,1.0,0.05500705218617771,0.0,0.0,0.0,0.0,0.05500705218617771,0.0,0.0,0.0,1.1656872913850886,0.572858883587786,0.49319934844970703,0.8080965876579285,1.9248529195785522,0.42370787262916565,0.5629989137643572,0.004235565662384033,0.0,0.0,0.0,13,13,1.0,0.0,287,287,1.0,0.0,409,409,1.0,0.0,0,0,,,0,0,,,0,False,
house_23,link2_sensor_6,link2,709,709,1.0,0.05923836389280677,0.0,0.0,0.0,0.0,0.05923836389280677,0.0,0.0,0.0,0.7345101903120452,0.09051537033222817,0.4912532150745392,0.7663401365280151,0.801969301700592,0.38945814967155457,0.07447412953736796,0.000831305980682373,0.0,0.0,0.0,13,13,1.0,0.0,287,287,1.0,0.0,409,409,1.0,0.0,0,0,,,0,0,,,0,False,
house_23,link3_sensor_0,link3,709,709,1.0,0.22849083215796898,0.0,0.0,0.0,0.0,0.22849083215796898,0.0,0.0,0.0,0.7733723470791439,0.19036039762668477,0.45650659799575805,0.886982798576355,0.9220072507858277,0.4483056962490082,0.19931128241818233,0.0005513429641723633,0.0,0.0,0.0,13,13,1.0,0.0,287,287,1.0,0.0,409,409,1.0,0.0,0,0,,,0,0,,,0,False,
house_23,link3_sensor_1,link3,709,709,1.0,0.5007052186177715,0.0,0.0,0.0,0.0,0.5007052186177715,0.0,0.0,0.0,0.5779040221687097,0.32518908311248773,0.2763344347476959,0.499455064535141,1.578141164779663,0.2540043294429779,0.11522330387896439,0.003044992685317993,0.0,0.0,0.0,13,13,1.0,0.0,287,287,1.0,0.0,409,409,1.0,0.0,0,0,,,0,0,,,0,False,
house_23,link3_sensor_2,link3,709,709,1.0,0.8138222849083215,0.0,0.0,0.0,0.0,0.8138222849083215,0.0,0.0,0.0,0.42199107617854403,0.0960565126829163,0.27097782492637634,0.41591691970825195,0.6110836029052735,0.22949324548244476,0.08801570659636306,0.002781599760055542,0.0,0.0,0.0,13,13,1.0,0.0,287,287,1.0,0.0,409,409,1.0,0.0,0,0,,,0,0,,,0,False,
house_23,link3_sensor_3,link3,709,709,1.0,0.2468265162200282,0.02538787023977433,0.011283497884344146,0.0,0.0,0.2468265162200282,0.02538787023977433,0.011283497884344146,0.0,0.7837766584886398,0.25203449596961897,0.4423163294792175,0.9090244174003601,1.0422581672668456,0.053657662123441696,0.24481306073342837,0.002689465880393982,0.02748414376321353,0.0211864406779661,0.006297703085247429,13,13,1.0,0.0,287,287,1.0,0.0627177700348432,409,409,1.0,0.0,0,0,,,0,0,,,0,False,
house_23,link3_sensor_4,link3,709,709,1.0,0.3300423131170663,0.0,0.0,0.0,0.0,0.3300423131170663,0.0,0.0,0.0,1.181840769452672,0.6152812160359902,0.2912811875343323,1.6400666236877441,1.7370609760284423,0.27379539608955383,0.48560673933043863,0.0009122192859649658,0.0,0.0,0.0,13,13,1.0,0.0,287,287,1.0,0.0,409,409,1.0,0.0,0,0,,,0,0,,,0,False,
house_23,link4_sensor_0,link4,709,709,1.0,0.7898448519040903,0.0,0.0,0.0,0.0,0.7898448519040903,0.0,0.0,0.0,0.5051134959682928,0.2708771266934749,0.25205971002578736,0.4376852214336395,1.4922823667526246,0.2172202616930008,0.24248257589998318,0.0028576552867889404,0.0,0.0,0.0,13,13,1.0,0.0,287,287,1.0,0.0,409,409,1.0,0.0,0,0,,,0,0,,,0,False,
house_23,link4_sensor_1,link4,709,709,1.0,0.2863187588152327,0.0,0.0,0.0,0.0,0.2863187588152327,0.0,0.0,0.0,1.08033885311845,0.6023842342181951,0.3637627184391022,0.728010356426239,1.779692530632019,0.2962452471256256,0.4264176965581334,0.0020510703325271606,0.0,0.0,0.0,13,13,1.0,0.0,287,287,1.0,0.0,409,409,1.0,0.0,0,0,,,0,0,,,0,False,
house_23,link4_sensor_2,link4,709,709,1.0,0.6784203102961918,0.0,0.0,0.0,0.0,0.6784203102961918,0.0,0.0,0.0,0.5170722885427758,0.24398668502174467,0.3025225579738617,0.46711328625679016,0.7683591365814212,0.28168216347694397,0.10854485359754987,0.003974646329879761,0.0,0.0,0.0,13,13,1.0,0.0,287,287,1.0,0.0,409,409,1.0,0.0,0,0,,,0,0,,,0,False,
house_23,link4_sensor_3,link4,709,709,1.0,0.22284908321579688,0.0,0.0,0.0,0.0,0.22284908321579688,0.0,0.0,0.0,1.0431876683605072,0.37303507914949247,0.33028958439826966,1.2289077043533325,1.3472050189971925,0.2680433392524719,0.23962938519803836,0.004392281174659729,0.0,0.0,0.0,13,13,1.0,0.0,287,287,1.0,0.0,409,409,1.0,0.0,0,0,,,0,0,,,0,False,
house_23,link4_sensor_4,link4,709,709,1.0,0.014104372355430184,0.0,0.0,0.0,0.0,0.014104372355430184,0.0,0.0,0.0,1.665756658287075,0.2900094258612202,0.5814944267272949,1.7233364582061768,1.8101705074310304,0.38866376876831055,0.01976963614858867,0.0016373097896575928,0.0,0.0,0.0,13,13,1.0,0.0,287,287,1.0,0.0,409,409,1.0,0.0,0,0,,,0,0,,,0,False,
house_23,link5_back_sensor_0,link5,709,709,1.0,0.07334273624823695,0.047954866008462625,0.0,0.0,0.0,0.07334273624823695,0.047954866008462625,0.0,0.0,1.7118034336836785,0.43995193173459196,0.22406535744667053,1.8161439895629883,2.041864204406738,0.10496023297309875,0.10757035972408459,0.001901775598526001,0.07188160676532769,0.0,0.07188160676532769,13,13,1.0,0.07692307692307693,287,287,1.0,0.0,409,409,1.0,0.08068459657701711,0,0,,,0,0,,,0,False,
house_23,link5_back_sensor_1,link5,709,709,1.0,0.0,0.0,0.0,0.0,0.0,0.0,0.0,0.0,0.0,1.9980031653755308,0.13698878839475145,1.8161540746688842,2.014106273651123,2.187445068359375,1.5640448331832886,0.10358519057788412,0.0036365389823913574,0.0,0.0,0.0,13,13,1.0,0.0,287,287,1.0,0.0,409,409,1.0,0.0,0,0,,,0,0,,,0,False,
house_23,link5_back_sensor_2,link5,709,709,1.0,0.6036671368124118,0.21156558533145275,0.06629055007052186,0.04936530324400564,0.04936530324400564,0.6036671368124118,0.21156558533145275,0.06629055007052186,0.04936530324400564,0.7451040865958515,0.6735792375465437,0.06415954157710074,0.32416003942489624,1.7284738302230835,0.013633470050990582,0.4813480383317984,0.002443348988890648,0.20718816067653276,0.22033898305084745,-0.013150822374314697,13,13,1.0,0.07692307692307693,287,287,1.0,0.09059233449477352,409,409,1.0,0.30073349633251834,0,0,,,0,0,,,1,False,
house_23,link5_back_sensor_3,link5,709,709,1.0,0.0,0.0,0.0,0.0,0.0,0.0,0.0,0.0,0.0,1.7805048994015908,0.27483070481725247,1.3197129249572754,1.809348464012146,2.1899036884307863,1.1574358940124512,0.18192228200008487,0.008946031332015991,0.0,0.0,0.0,13,13,1.0,0.0,287,287,1.0,0.0,409,409,1.0,0.0,0,0,,,0,0,,,0,False,
house_23,link5_back_sensor_4,link5,709,709,1.0,0.9844851904090268,0.2919605077574048,0.015514809590973202,0.0,0.0,0.9844851904090268,0.2919605077574048,0.015514809590973202,0.0,0.2746542100236345,0.13284887925559763,0.10471058487892151,0.2522563934326172,0.44522491097450256,0.05527428537607193,0.0885663220559996,0.0025592446327209473,0.18604651162790697,0.5042372881355932,-0.31819077650768623,13,13,1.0,0.38461538461538464,287,287,1.0,0.10452961672473868,409,409,1.0,0.42053789731051344,0,0,,,0,0,,,2,False,
house_23,link5_back_sensor_5,link5,709,709,1.0,0.8942172073342737,0.4710860366713681,0.18194640338504936,0.039492242595204514,0.039492242595204514,0.8942172073342737,0.4710860366713681,0.18194640338504936,0.039492242595204514,0.35250124299034413,0.4207075237825106,0.05598599463701248,0.2208985984325409,1.5211957931518554,0.015994708985090256,0.11632771272998056,0.006440933793783188,0.42071881606765327,0.5720338983050848,-0.1513150822374315,13,13,1.0,0.5384615384615384,287,287,1.0,0.41114982578397213,409,409,1.0,0.511002444987775,0,0,,,0,0,,,3,False,
house_23,link5_front_sensor_0,link5,709,709,1.0,0.30888575458392104,0.0,0.0,0.0,0.0,0.30888575458392104,0.0,0.0,0.0,1.2758097155558206,0.6160000152320757,0.3086040437221527,1.6367161273956299,1.8148949861526489,0.29001232981681824,0.5805318186293872,0.0032794177532196045,0.0,0.0,0.0,13,13,1.0,0.0,287,287,1.0,0.0,409,409,1.0,0.0,0,0,,,0,0,,,0,False,
house_23,link5_front_sensor_1,link5,709,709,1.0,0.0,0.0,0.0,0.0,0.0,0.0,0.0,0.0,0.0,2.105645617577858,0.15805399829883737,1.756710958480835,2.1351985931396484,2.2833366870880125,1.52079439163208,0.1414259290694582,0.00856560468673706,0.0,0.0,0.0,13,13,1.0,0.0,287,287,1.0,0.0,409,409,1.0,0.0,0,0,,,0,0,,,0,False,
house_23,link5_front_sensor_2,link5,709,709,1.0,0.0,0.0,0.0,0.0,0.0,0.0,0.0,0.0,0.0,2.005753434091092,0.17132602355766507,1.6247761249542236,2.0342814922332764,2.220042514801025,1.4012705087661743,0.13985430731108628,0.009959936141967773,0.0,0.0,0.0,13,13,1.0,0.0,287,287,1.0,0.0,409,409,1.0,0.0,0,0,,,0,0,,,0,False,
house_23,link5_front_sensor_3,link5,709,709,1.0,0.4033850493653032,0.0,0.0,0.0,0.0,0.4033850493653032,0.0,0.0,0.0,0.7963051010758652,0.3951365428717639,0.3010182619094849,0.9188026785850525,1.4615310430526733,0.2690446972846985,0.2975929507162819,0.004175335168838501,0.0,0.0,0.0,13,13,1.0,0.0,287,287,1.0,0.0,409,409,1.0,0.0,0,0,,,0,0,,,0,False,
house_23,link6_sensor_0,link6,709,709,1.0,0.6459802538787024,0.056417489421720736,0.0,0.0,0.0,0.6459802538787024,0.056417489421720736,0.0,0.0,0.4122743516824141,0.14452358003950883,0.17625828087329865,0.3836609721183777,0.6144247412681579,0.17008909583091736,0.05665290468944388,0.001050800085067749,0.08456659619450317,0.0,0.08456659619450317,13,13,1.0,0.0,287,287,1.0,0.010452961672473868,409,409,1.0,0.09046454767726161,0,0,,,0,0,,,0,False,
house_23,link6_sensor_1,link6,709,709,1.0,0.6304654442877292,0.5133991537376587,0.15796897038081806,0.05077574047954866,0.05077574047954866,0.6304654442877292,0.5133991537376587,0.15796897038081806,0.05077574047954866,0.7020241885639107,0.7280323820978305,0.05021294727921485,0.1868896782398224,1.7358846426010133,0.012218396179378033,0.6533437829710751,0.004832472652196884,0.5116279069767442,0.5169491525423728,-0.0053212455656286295,13,13,1.0,0.6153846153846154,287,287,1.0,0.1254355400696864,409,409,1.0,0.78239608801956,0,0,,,0,0,,,2,False,
house_23,link6_sensor_2,link6,709,709,1.0,0.9421720733427362,0.2397743300423131,0.07898448519040903,0.04936530324400564,0.04936530324400564,0.9421720733427362,0.2397743300423131,0.07898448519040903,0.04936530324400564,0.29282026162058405,0.1306491724469979,0.050717003643512726,0.28321823477745056,0.5408623933792114,0.022354301065206528,0.062090147432098924,0.0021017827093601227,0.2832980972515856,0.15254237288135594,0.13075572437022967,13,13,1.0,0.23076923076923078,287,287,1.0,0.24738675958188153,409,409,1.0,0.23471882640586797,0,0,,,0,0,,,3,False,
house_23,link6_sensor_3,link6,709,709,1.0,0.38645980253878703,0.05500705218617771,0.0,0.0,0.0,0.38645980253878703,0.05500705218617771,0.0,0.0,0.48879295404690454,0.14428103932106248,0.18830630481243132,0.5374223589897156,0.6736687421798706,0.18506847321987152,0.07790269563523233,0.0010503381490707397,0.0824524312896406,0.0,0.0824524312896406,13,13,1.0,0.0,287,287,1.0,0.006968641114982578,409,409,1.0,0.09046454767726161,0,0,,,0,0,,,0,False,
house_23,link6_sensor_4,link6,709,709,1.0,0.3751763046544429,0.0,0.0,0.0,0.0,0.3751763046544429,0.0,0.0,0.0,0.5219988770604301,0.1437701192396264,0.2294978469610214,0.5470449328422546,0.7464996576309204,0.2190089225769043,0.09033183827395923,0.0019463896751403809,0.0,0.0,0.0,13,13,1.0,0.0,287,287,1.0,0.0,409,409,1.0,0.0,0,0,,,0,0,,,0,False,
house_23,link6_sensor_5,link6,709,709,1.0,0.24823695345557123,0.023977433004231313,0.0014104372355430183,0.0,0.0,0.24823695345557123,0.023977433004231313,0.0014104372355430183,0.0,1.3312404943454081,0.5944999488752916,0.3034220516681671,1.6722984313964844,1.7856462240219115,0.05183463543653488,0.14666824395660283,0.0028998851776123047,0.035940803382663845,0.0,0.035940803382663845,13,13,1.0,0.0,287,287,1.0,0.0,409,409,1.0,0.04156479217603912,0,0,,,0,0,,,0,False,
