ply
format ascii 1.0
element vertex 2560
property float x
property float y
property float z
property float range_m
property int sensor_id
property uchar pixel_u
property uchar pixel_v
end_header
-0.5172089 -1.9606059 0.0521379 1.7617139 0 0 0
-0.3361484 -1.9604590 0.0504677 1.7663233 0 1 0
-0.1541380 -1.9603112 0.0487888 1.7709569 0 2 0
0.0288298 -1.9601633 0.0471008 1.7756155 0 3 0
0.2127628 -1.9600152 0.0454037 1.7802992 0 4 0
0.3976688 -1.9598676 0.0436973 1.7850089 0 5 0
0.5835558 -1.9597191 0.0419817 1.7897435 0 6 0
0.7704315 -1.9595699 0.0402570 1.7945035 0 7 0
-0.5210135 -1.9606623 0.2319505 1.7708993 0 0 1
-0.3390166 -1.9605153 0.2307444 1.7755575 0 1 1
-0.1560598 -1.9603672 0.2295320 1.7802401 0 2 1
0.0278646 -1.9602187 0.2283131 1.7849476 0 3 1
0.2127643 -1.9600699 0.2270877 1.7896807 0 4 1
0.3986473 -1.9599216 0.2258553 1.7944403 0 5 1
0.5855217 -1.9597726 0.2246164 1.7992252 0 6 1
0.7733947 -1.9596208 0.2233714 1.8040339 0 7 1
-0.5248582 -1.9607200 0.4136479 1.7801818 0 0 2
-0.3419151 -1.9605724 0.4129160 1.7848890 0 1 2
-0.1580018 -1.9604239 0.4121801 1.7896211 0 2 2
0.0268892 -1.9602745 0.4114404 1.7943783 0 3 2
0.2127658 -1.9601251 0.4106965 1.7991617 0 4 2
0.3996362 -1.9599761 0.4099485 1.8039718 0 5 2
0.5875077 -1.9598233 0.4091970 1.8088046 0 6 2
0.7763889 -1.9596704 0.4084414 1.8136642 0 7 2
-0.5287435 -1.9607786 0.5972602 1.7895622 0 0 3
-0.3448441 -1.9606301 0.5970124 1.7943190 0 1 3
-0.1599644 -1.9604808 0.5967633 1.7991012 0 2 3
0.0259034 -1.9603309 0.5965129 1.8039092 0 3 3
0.2127672 -1.9601788 0.5962612 1.8087415 0 4 3
0.4006350 -1.9600267 0.5960081 1.8136005 0 5 3
0.5895149 -1.9598740 0.5957537 1.8184860 0 6 3
0.7794152 -1.9597204 0.5954979 1.8233978 0 7 3
-0.5326672 -1.9608305 0.7828173 1.7990350 0 0 4
-0.3478023 -1.9606815 0.7830641 1.8038424 0 1 4
-0.1619467 -1.9605321 0.7833122 1.8086761 0 2 4
0.0249075 -1.9603821 0.7835617 1.8135359 0 3 4
0.2127686 -1.9602309 0.7838125 1.8184216 0 4 4
0.4016446 -1.9600781 0.7840646 1.8233329 0 5 4
0.5915435 -1.9599246 0.7843181 1.8282709 0 6 4
0.7824739 -1.9597704 0.7845729 1.8332359 0 7 4
-0.5366334 -1.9608849 0.9703497 1.8086103 0 0 5
-0.3507927 -1.9607359 0.9711017 1.8134699 0 1 5
-0.1639507 -1.9605861 0.9718577 1.8183556 0 2 5
0.0239009 -1.9604354 0.9726179 1.8232677 0 3 5
0.2127701 -1.9602835 0.9733821 1.8282059 0 4 5
0.4026651 -1.9601303 0.9741503 1.8331705 0 5 5
0.5935941 -1.9599759 0.9749227 1.8381618 0 6 5
0.7855673 -1.9598253 0.9757001 1.8431851 0 7 5
-0.5406425 -1.9609410 1.1598893 1.8182893 0 0 6
-0.3538154 -1.9607912 1.1611573 1.8232009 0 1 6
-0.1659762 -1.9606407 1.1624322 1.8281393 0 2 6
0.0228833 -1.9604894 1.1637140 1.8331045 0 3 6
0.2127715 -1.9603369 1.1650028 1.8380963 0 4 6
0.4036970 -1.9601859 1.1662991 1.8431178 0 5 6
0.5956687 -1.9600346 1.1676027 1.8481673 0 6 6
0.7886951 -1.9598823 1.1689135 1.8532444 0 7 6
-0.5446951 -1.9609985 1.3514688 1.8280733 0 0 7
-0.3568709 -1.9608482 1.3532640 1.8330381 0 1 7
-0.1680238 -1.9606972 1.3550690 1.8380301 0 2 7
0.0218547 -1.9605450 1.3568837 1.8430490 0 3 7
0.2127732 -1.9603975 1.3587105 1.8481010 0 4 7
0.4047408 -1.9602465 1.3605462 1.8531780 0 5 7
0.5977660 -1.9600944 1.3623920 1.8582828 0 6 7
0.7918577 -1.9599417 1.3642481 1.8634160 0 7 7
-0.4263832 -0.7546879 -0.0806674 0.9552208 1 0 0
-0.3301701 -0.7776295 -0.0806816 0.9552397 1 1 0
-0.2339458 -0.8005582 -0.0806813 0.9552394 1 2 0
-0.1377317 -0.8235135 -0.0807082 0.9552752 1 3 0
-0.0414996 -0.8464250 -0.0806901 0.9552511 1 4 0
0.0547293 -0.8693193 -0.0806568 0.9552066 1 5 0
0.1509499 -0.8922358 -0.0806460 0.9551922 1 6 0
0.2471697 -0.9151663 -0.0806484 0.9551954 1 7 0
-0.5308570 -0.9032729 -0.0943263 1.1174242 1 0 1
-0.4183193 -0.9301298 -0.0943578 1.1174725 1 1 1
-0.3057750 -0.9569952 -0.0943947 1.1175290 1 2 1
-0.1932014 -0.9838157 -0.0943913 1.1175239 1 3 1
-0.0806160 -1.0105820 -0.0943439 1.1174512 1 4 1
0.0319466 -1.0374195 -0.0943557 1.1174693 1 5 1
0.1445119 -1.0641900 -0.0943152 1.1174072 1 6 1
0.2570642 -1.0909532 -0.0942714 1.1173401 1 7 1
-0.6781537 -1.1127448 -0.1136511 1.3461227 1 0 2
-0.5426192 -1.1451542 -0.1137227 1.3462515 1 1 2
-0.4070405 -1.1775342 -0.1137690 1.3463348 1 2 2
-0.2714074 -1.2098162 -0.1137453 1.3462921 1 3 2
-0.1357830 -1.2420969 -0.1137220 1.3462503 1 4 2
-0.0001523 -1.2742471 -0.1136154 1.3460586 1 5 2
0.1354403 -1.3065826 -0.1136316 1.3460877 1 6 2
0.2710466 -1.3389877 -0.1136896 1.3461920 1 7 2
-0.9012160 -1.4299702 -0.1428894 1.6924541 1 0 3
-0.7306055 -1.4703998 -0.1427771 1.6922097 1 1 3
-0.5601510 -1.5110325 -0.1427849 1.6922268 1 2 3
-0.3895905 -1.5513842 -0.1426396 1.6919106 1 3 3
-0.2193363 -1.5927389 -0.1430322 1.6927650 1 4 3
-0.0488340 -1.6334966 -0.1430968 1.6929055 1 5 3
0.1216987 -1.6739536 -0.1430075 1.6927112 1 6 3
0.2921754 -1.7142349 -0.1428370 1.6923403 1 7 3
-1.2789738 -1.9671765 -0.1924758 2.2789791 1 0 4
-1.0495314 -2.0220825 -0.1925641 2.2792222 1 1 4
-0.8201520 -2.0772307 -0.1927498 2.2797339 1 2 4
-0.4962347 -1.8692983 -0.0847099 1.9820817 1 3 4
-0.2856777 -1.8711485 -0.0663989 1.9316344 1 4 4
-0.0855726 -1.8729065 -0.0489967 1.8836911 1 5 4
0.1048396 -1.8745968 -0.0324441 1.8380883 1 6 4
0.2862514 -1.8762205 -0.0166789 1.7946548 1 7 4
-1.1626123 -1.8666827 0.0852607 2.0619457 1 0 5
-0.9261891 -1.8687063 0.0997846 2.0074434 1 1 5
-0.7019278 -1.8705947 0.1135697 1.9557137 1 2 5
-0.4889339 -1.8723880 0.1266622 1.9065828 1 3 5
-0.2863795 -1.8740936 0.1391130 1.8598602 1 4 5
-0.0935186 -1.8757451 0.1509606 1.8154011 1 5 5
0.0903371 -1.8773144 0.1622563 1.7730129 1 6 5
0.2658035 -1.8788190 0.1730348 1.7325656 1 7 5
-1.1286672 -1.8700000 0.2980870 1.9803705 1 0 6
-0.9022198 -1.8718569 0.3066431 1.9300380 1 1 6
-0.6869857 -1.8735961 0.3147797 1.8821731 1 2 6
-0.4821743 -1.8752665 0.3225198 1.8366408 1 3 6
-0.2870399 -1.8768653 0.3298930 1.7932670 1 4 6
-0.1009094 -1.8783902 0.3369260 1.7518945 1 5 6
0.0768264 -1.8798463 0.3436418 1.7123878 1 6 6
0.2467231 -1.8812437 0.3500605 1.6746290 1 7 6
-1.0973059 -1.8730649 0.4947144 1.9050044 1 0 7
-0.8800303 -1.8747736 0.4981413 1.8583803 1 1 7
-0.6731385 -1.8764055 0.5014040 1.8139890 1 2 7
-0.4758990 -1.8779583 0.5045148 1.7716660 1 3 7
-0.2876535 -1.8794405 0.5074837 1.7312731 1 4 7
-0.1078005 -1.8808565 0.5103203 1.6926808 1 5 7
0.0642091 -1.8822107 0.5130331 1.6557716 1 6 7
0.2288776 -1.8835116 0.5156299 1.6204418 1 7 7
-1.8498936 -1.9262444 -0.1251564 2.4019568 2 0 0
-1.5300043 -1.9273619 -0.0802219 2.2699814 2 1 0
-1.2434368 -1.9283630 -0.0399681 2.1517534 2 2 0
-0.9852270 -1.9292396 -0.0036900 2.0452025 2 3 0
-0.7513920 -1.9300530 0.0291576 1.9487271 2 4 0
-0.5386240 -1.9307931 0.0590458 1.8609436 2 5 0
-0.3441988 -1.9314697 0.0863573 1.7807280 2 6 0
-0.1658424 -1.9320918 0.1114111 1.7071434 2 7 0
-1.8597191 -1.9260462 0.1177810 2.4236104 2 0 1
-1.5365613 -1.9271840 0.1496364 2.2893112 2 1 1
-1.2473142 -1.9281714 0.1781555 2.1690772 2 2 1
-0.9869360 -1.9290647 0.2038272 2.0608473 2 3 1
-0.7513161 -1.9298922 0.2270539 1.9629254 2 4 1
-0.5370717 -1.9306449 0.2481734 1.8738874 2 5 1
-0.3414208 -1.9313351 0.2674595 1.7925792 2 6 1
-0.1620424 -1.9319677 0.2851415 1.7180332 2 7 1
-1.8697233 -1.9258442 0.3651385 2.4456580 2 0 2
-1.5431978 -1.9269667 0.3834491 2.3089266 2 1 2
-1.2512549 -1.9279773 0.3998196 2.1866827 2 2 2
-0.9886712 -1.9288868 0.4145438 2.0767329 2 3 2
-0.7512397 -1.9297305 0.4278550 1.9773338 2 4 2
-0.5354989 -1.9304986 0.4399499 1.8870168 2 5 2
-0.3386057 -1.9311996 0.4509883 1.8045900 2 6 2
-0.1581936 -1.9318419 0.4611026 1.7290628 2 7 2
-1.8798997 -1.9256281 0.6170381 2.4680960 2 0 3
-1.5499799 -1.9267795 0.6213019 2.3289247 2 1 3
-1.2552811 -1.9278080 0.6251105 2.2046106 2 2 3
-0.9904444 -1.9287245 0.6285334 2.0928864 2 3 3
-0.7511703 -1.9295837 0.6316251 1.9919742 2 4 3
-0.5339088 -1.9303639 0.6344323 1.9003457 2 5 3
-0.3357560 -1.9310757 0.6369926 1.8167763 2 6 3
-0.1542969 -1.9317273 0.6393372 1.7402471 2 7 3
-1.8903020 -1.9254418 0.8736062 2.4909964 2 0 4
-1.5569034 -1.9266139 0.8633133 2.3493044 2 1 4
-1.2593805 -1.9276446 0.8541269 2.2228456 2 2 4
-0.9922542 -1.9285740 0.8458794 2.1093102 2 3 4
-0.7511057 -1.9294470 0.8384361 2.0068467 2 4 4
-0.5323003 -1.9302391 0.8316825 1.9138768 2 5 4
-0.3328702 -1.9309612 0.8255270 1.8291395 2 6 4
-0.1503490 -1.9316075 0.8198924 1.7515736 2 7 4
-1.9008897 -1.9252435 1.1349778 2.5143137 2 0 5
-1.5639291 -1.9264237 1.1095925 2.3700156 2 1 5
-1.2635462 -1.9274758 1.0869628 2.2413814 2 2 5
-0.9940926 -1.9284213 1.0666635 2.1259937 2 3 5
-0.7510401 -1.9293082 1.0483586 2.0219429 2 4 5
-0.5306638 -1.9300989 1.0317594 1.9275874 2 5 5
-0.3299382 -1.9308173 1.0166399 1.8416438 2 6 5
-0.1463476 -1.9314744 1.0028112 1.7630370 2 7 5
-1.9115743 -1.9249492 1.4012527 2.5379419 2 0 6
-1.5710252 -1.9261711 1.3602309 2.3910172 2 1 6
-1.2677481 -1.9272595 1.3236989 2.2601731 2 2 6
-0.9959525 -1.9282530 1.2909638 2.1429279 2 3 6
-0.7509600 -1.9291387 1.2614543 2.0372357 2 4 6
-0.5289984 -1.9299413 1.2347189 1.9414794 2 5 6
-0.3269659 -1.9306717 1.2103840 1.8543206 2 6 6
-0.1422936 -1.9313394 1.1881401 1.7746513 2 7 6
-1.9224466 -1.9246357 1.6725724 2.5619993 2 0 7
-1.5782438 -1.9259094 1.6153487 2.4123881 2 1 7
-1.2720342 -1.9270567 1.5644465 2.2793043 2 2 7
-0.9978431 -1.9280836 1.5188667 2.1601357 2 3 7
-0.7508860 -1.9289821 1.4778047 2.0527792 2 4 7
-0.5273138 -1.9297957 1.4406310 1.9555886 2 5 7
-0.3239550 -1.9305356 1.4068182 1.8671850 2 6 7
-0.1381870 -1.9312116 1.3759303 1.7864285 2 7 7
0.2602031 -1.9809719 0.0386459 1.7007967 3 0 0
0.4298476 -1.9820433 0.0126151 1.7690519 3 1 0
0.6136775 -1.9832044 -0.0155925 1.8430146 3 2 0
0.8135497 -1.9844666 -0.0462616 1.9234316 3 3 0
1.0316599 -1.9858441 -0.0797292 2.0111866 3 4 0
1.3994887 -2.2148762 -0.2143322 2.3641257 3 5 0
0.5132139 -0.5449395 0.4954719 0.5029699 3 6 0
0.5154100 -0.4711886 0.5205667 0.4371698 3 7 0
0.2580238 -1.9810495 0.2133159 1.7056894 3 0 1
0.4280883 -1.9821271 0.1942379 1.7743458 3 1 1
0.6124176 -1.9832953 0.1735595 1.8487611 3 2 1
0.8128850 -1.9845656 0.1510709 1.9296913 3 3 1
1.0317273 -1.9859982 0.1265093 2.0180812 3 4 1
1.2715723 -1.9875546 0.0995940 2.1149416 3 5 1
0.5131670 -0.5442823 0.5472317 0.5040377 3 6 1
0.5153733 -0.4704815 0.5655889 0.4379763 3 7 1
0.2558319 -1.9811272 0.3889938 1.7106102 3 0 2
0.4263183 -1.9822114 0.3769509 1.7796713 3 1 2
0.6111570 -1.9834210 0.3638889 1.8545775 3 2 2
0.8122375 -1.9847322 0.3496798 1.9360614 3 3 2
1.0317996 -1.9861637 0.3341648 2.0250344 3 4 2
1.2725143 -1.9877337 0.3171549 2.1225796 3 5 2
0.5131198 -0.5436223 0.5992118 0.5051100 3 6 2
0.5153324 -0.4697671 0.6107785 0.4387799 3 7 2
0.2536279 -1.9812300 0.5656866 1.7155820 3 0 3
0.4245439 -1.9823502 0.5607604 1.7850808 3 1 3
0.6098922 -1.9835648 0.5554184 1.8604479 3 2 3
0.8115815 -1.9848866 0.5496053 1.9424598 3 3 3
1.0318725 -1.9863305 0.5432561 2.0320358 3 4 3
1.2734632 -1.9879141 0.5362930 2.1302729 3 5 3
0.5130679 -0.5429530 0.6514140 0.5061792 3 6 3
0.5152900 -0.4690485 0.6561345 0.4395844 3 7 3
0.2514105 -1.9813075 0.7434087 1.7205589 3 0 4
0.4227523 -1.9824339 0.7456890 1.7904694 3 1 4
0.6086079 -1.9836559 0.7481625 1.8663019 3 2 4
0.8109031 -1.9849859 0.7508547 1.9488420 3 3 4
1.0319214 -1.9864426 0.7537963 2.0390248 3 4 4
0.5456159 -0.7054187 0.7091401 0.6698287 3 5 4
0.5490200 -0.5929503 0.7058239 0.5681509 3 6 4
0.5515344 -0.5101353 0.7033822 0.4932846 3 7 4
0.2491803 -1.9813906 0.9221656 1.7255695 3 0 5
0.4209505 -1.9825239 0.9317382 1.7958962 3 1 5
0.6073168 -1.9837535 0.9421242 1.8721988 3 2 5
0.8102240 -1.9850976 0.9534327 1.9552786 3 3 5
1.0319754 -1.9865662 0.9657913 2.0460739 3 4 5
0.5455517 -0.7048328 0.7786985 0.6715353 3 5 5
0.5489714 -0.5922084 0.7647933 0.5693756 3 6 5
0.5514789 -0.5093156 0.7545583 0.4941812 3 7 5
0.2469370 -1.9814742 1.1019667 1.7306094 3 0 6
0.4191380 -1.9826162 1.1189190 1.8013577 3 1 6
0.6060190 -1.9838587 1.1373172 1.8781402 3 2 6
0.8095409 -1.9852117 1.1573536 1.9617597 3 3 6
1.0320299 -1.9866910 1.1792573 2.0531721 3 4 6
0.5455265 -0.7043129 0.8486313 0.6733302 3 5 6
0.5413813 -0.5808805 0.8209469 0.5577914 3 6 6
0.5438356 -0.4997850 0.8032603 0.4839774 3 7 6
0.2446807 -1.9815619 1.2828224 1.7356822 3 0 7
0.4173166 -1.9827292 1.3072485 1.8068721 3 1 7
0.6047177 -1.9839871 1.3337608 1.8841422 3 2 7
0.8088631 -1.9853574 1.3626420 1.9683163 3 3 7
1.0321019 -1.9868558 1.3942244 2.0603631 3 4 7
0.5454577 -0.7037139 0.9189087 0.6750464 3 5 7
0.5413082 -0.5801137 0.8790770 0.5589561 3 6 7
0.5437694 -0.4989646 0.8536483 0.4848434 3 7 7
0.1055540 -0.6673437 -0.0573821 0.7661235 4 0 0
0.1767588 -0.6323614 -0.0573844 0.7661260 4 1 0
0.2479614 -0.5973577 -0.0573558 0.7660944 4 2 0
0.3191611 -0.5623671 -0.0573432 0.7660806 4 3 0
0.3903638 -0.5273892 -0.0573502 0.7660882 4 4 0
0.4615766 -0.4924224 -0.0573790 0.7661201 4 5 0
0.4917422 -0.4169595 0.0255705 0.6744602 4 6 0
0.4976852 -0.3446060 0.1205455 0.5695122 4 7 0
0.1178055 -0.7751014 -0.0640315 0.8542943 4 0 1
0.1972049 -0.7360834 -0.0640225 0.8542833 4 1 1
0.2766002 -0.6970525 -0.0639968 0.8542519 4 2 1
0.3559877 -0.6580183 -0.0639629 0.8542106 4 3 1
0.4353943 -0.6190422 -0.0640052 0.8542622 4 4 1
0.4858786 -0.5390319 -0.0017425 0.7782722 4 5 1
0.4936366 -0.4361227 0.1100207 0.6418681 4 6 1
0.4990307 -0.3638672 0.1885223 0.5460589 4 7 1
0.1332530 -0.9107575 -0.0722938 0.9652401 4 0 2
0.2229640 -0.8666819 -0.0722944 0.9652410 4 1 2
0.3126824 -0.8226477 -0.0723368 0.9652988 4 2 2
0.4024035 -0.7785832 -0.0723524 0.9653200 4 3 2
0.4921055 -0.7344697 -0.0723137 0.9652674 4 4 2
0.4883933 -0.5542543 0.0964618 0.7352452 4 5 2
0.4953325 -0.4534931 0.1867203 0.6122329 4 6 2
0.5002823 -0.3816155 0.2511061 0.5244823 4 7 2
0.1533079 -1.0870050 -0.0830949 1.1094155 4 0 3
0.2564215 -1.0363822 -0.0831240 1.1094604 4 1 3
0.3595424 -0.9857504 -0.0831489 1.1094989 4 2 3
0.4626600 -0.9350837 -0.0831462 1.1094947 4 3 3
0.5657697 -0.8844029 -0.0831299 1.1094695 4 4 3
0.4906145 -0.5678371 0.1844214 0.6966571 4 5 3
0.4968731 -0.4693239 0.2566570 0.5852027 4 6 3
0.5014429 -0.3980182 0.3089278 0.5045526 4 7 3
0.1804065 -1.3250812 -0.0976481 1.3041507 4 0 4
0.3016352 -1.2657213 -0.0977711 1.3043694 4 1 4
0.4228315 -1.2060011 -0.0976643 1.3041797 4 2 4
0.5440212 -1.1463813 -0.0976170 1.3040955 4 3 4
0.6651796 -1.0867374 -0.0975455 1.3039684 4 4 4
0.7863882 -1.0272174 -0.0975647 1.3040026 4 5 4
0.4983059 -0.4838425 0.3206564 0.5604992 4 6 4
0.5025169 -0.4132184 0.3625175 0.4860795 4 7 4
0.2190491 -1.6648159 -0.1185374 1.5820965 4 0 5
0.3660798 -1.5924726 -0.1184866 1.5819900 4 1 5
0.5130349 -1.5198970 -0.1183055 1.5816103 4 2 5
0.6599632 -1.4474798 -0.1181947 1.5813779 4 3 5
0.8069929 -1.3753782 -0.1182605 1.5815159 4 4 5
0.9543518 -1.3037342 -0.1186258 1.5822821 4 5 5
0.4996206 -0.4971826 0.3794730 0.5377935 4 6 5
0.5035168 -0.4273466 0.4123204 0.4689140 4 7 5
0.2662415 -1.9001931 -0.0411155 1.7304188 4 0 6
0.4653753 -2.0959277 -0.1504065 2.0097458 4 1 6
0.6520811 -2.0038163 -0.1502649 2.0093842 4 2 6
0.8396964 -1.9144362 -0.1513065 2.0120463 4 3 6
1.0266737 -1.8225069 -0.1512824 2.0119848 4 4 6
1.2126752 -1.7290655 -0.1505169 2.0100284 4 5 6
0.5008335 -0.5094846 0.4337095 0.5168565 4 6 6
0.5044521 -0.4405147 0.4587237 0.4529248 4 7 6
0.3049915 -1.9024822 0.1319574 1.6488917 4 0 7
0.4697312 -1.9002833 0.1103903 1.7194538 4 1 7
0.6492008 -1.8978875 0.0868948 1.7963250 4 2 7
0.8454685 -1.8952674 0.0612003 1.8803910 4 3 7
1.0610215 -1.8924171 0.0329735 1.9727418 4 4 7
1.2988530 -1.8892917 0.0018239 2.0746551 4 5 7
0.5019597 -0.5208701 0.4838792 0.4974955 4 6 7
0.5053275 -0.4528163 0.5020661 0.4379925 4 7 7
0.0929232 -0.0899152 0.3425304 0.1864693 5 0 0
0.1121044 -0.0876985 0.3425281 0.1864715 5 1 0
0.1312860 -0.0854818 0.3425256 0.1864738 5 2 0
0.1504681 -0.0832649 0.3425234 0.1864758 5 3 0
0.1696506 -0.0810479 0.3425244 0.1864749 5 4 0
0.1888329 -0.0788308 0.3425255 0.1864739 5 5 0
0.2080150 -0.0766138 0.3425265 0.1864729 5 6 0
0.2271970 -0.0743968 0.3425276 0.1864720 5 7 0
0.0915354 -0.1089256 0.3421818 0.1950669 5 0 1
0.1116010 -0.1066069 0.3421796 0.1950690 5 1 1
0.1316671 -0.1042881 0.3421775 0.1950710 5 2 1
0.1517339 -0.1019687 0.3421786 0.1950700 5 3 1
0.1718005 -0.0996493 0.3421799 0.1950687 5 4 1
0.1918668 -0.0973300 0.3421811 0.1950675 5 5 1
0.2119328 -0.0950107 0.3421824 0.1950663 5 6 1
0.2319985 -0.0926913 0.3421840 0.1950647 5 7 1
0.0900137 -0.1297735 0.3418002 0.2044947 5 0 2
0.1110495 -0.1273426 0.3417992 0.2044958 5 1 2
0.1320858 -0.1249112 0.3417997 0.2044953 5 2 2
0.1531220 -0.1224798 0.3418004 0.2044946 5 3 2
0.1741581 -0.1200482 0.3418017 0.2044932 5 4 2
0.1951938 -0.1176167 0.3418031 0.2044919 5 5 2
0.2162293 -0.1151852 0.3418044 0.2044905 5 6 2
0.2372646 -0.1127538 0.3418054 0.2044895 5 7 2
0.0883383 -0.1527382 0.3413819 0.2148781 5 0 3
0.1104427 -0.1501833 0.3413824 0.2148775 5 1 3
0.1325469 -0.1476284 0.3413829 0.2148770 5 2 3
0.1546511 -0.1450735 0.3413838 0.2148761 5 3 3
0.1767550 -0.1425183 0.3413852 0.2148746 5 4 3
0.1988587 -0.1399631 0.3413866 0.2148731 5 5 3
0.2209621 -0.1374082 0.3413875 0.2148722 5 6 3
0.2430654 -0.1348532 0.3413886 0.2148710 5 7 3
0.0864843 -0.1781588 0.3409206 0.2263704 5 0 4
0.1097709 -0.1754672 0.3409211 0.2263698 5 1 4
0.1330573 -0.1727756 0.3409216 0.2263692 5 2 4
0.1563437 -0.1700838 0.3409226 0.2263681 5 3 4
0.1796298 -0.1673920 0.3409237 0.2263668 5 4 4
0.2029156 -0.1647002 0.3409249 0.2263656 5 5 4
0.2262012 -0.1620084 0.3409260 0.2263643 5 6 4
0.2494867 -0.1593168 0.3409267 0.2263635 5 7 4
-0.0666536 -0.4565007 -0.0268950 0.6707831 5 0 5
0.0023512 -0.4485208 -0.0268874 0.6707742 5 1 5
0.0713558 -0.4405343 -0.0268695 0.6707532 5 2 5
0.1403557 -0.4325540 -0.0268606 0.6707427 5 3 5
0.2093546 -0.4245833 -0.0268666 0.6707498 5 4 5
0.2074311 -0.1922327 0.3404111 0.2391567 5 5 5
0.2320324 -0.1893887 0.3404123 0.2391553 5 6 5
0.2566332 -0.1865443 0.3404142 0.2391531 5 7 5
-0.0731359 -0.5453641 -0.0285115 0.7109603 5 0 6
0.0000017 -0.5369056 -0.0285042 0.7109513 5 1 6
0.0731371 -0.5284493 -0.0284996 0.7109455 5 2 6
0.1462714 -0.5199901 -0.0284910 0.7109349 5 3 6
0.2194051 -0.5115453 -0.0285006 0.7109468 5 4 6
0.2925381 -0.5030886 -0.0284951 0.7109399 5 5 6
0.3656713 -0.4946358 -0.0284944 0.7109392 5 6 6
0.4388074 -0.4861878 -0.0285004 0.7109466 5 7 6
-0.0804370 -0.6455337 -0.0303170 0.7562346 5 0 7
-0.0026442 -0.6365430 -0.0303171 0.7562349 5 1 7
0.0751496 -0.6275460 -0.0303109 0.7562267 5 2 7
0.1529412 -0.6185726 -0.0303290 0.7562505 5 3 7
0.2307356 -0.6095815 -0.0303289 0.7562504 5 4 7
0.3085292 -0.6005873 -0.0303255 0.7562459 5 5 7
0.3863176 -0.5915829 -0.0303108 0.7562266 5 6 7
0.4641069 -0.5825875 -0.0303056 0.7562197 5 7 7
-0.8146807 -2.0117238 0.8039325 1.8325157 6 0 0
-0.6175861 -2.0108860 0.8032158 1.8126812 6 1 0
-0.4247123 -2.0100660 0.8025145 1.7932713 6 2 0
-0.2359252 -2.0092635 0.8018281 1.7742728 6 3 0
-0.0510961 -2.0084747 0.8011559 1.7556697 6 4 0
0.1298974 -2.0077025 0.8004977 1.7374529 6 5 0
0.3071715 -2.0069224 0.7998523 1.7195886 6 6 0
0.4808373 -2.0061584 0.7992199 1.7020881 6 7 0
-0.8489293 -2.0144451 0.9873642 1.9140577 6 0 1
-0.6427765 -2.0135395 0.9845433 1.8924290 6 1 1
-0.4412301 -2.0126524 0.9817851 1.8712819 6 2 1
-0.2441381 -2.0117839 0.9790878 1.8506012 6 3 1
-0.0513549 -2.0109346 0.9764495 1.8303728 6 4 1
0.1372593 -2.0101016 0.9738680 1.8105799 6 5 1
0.3218359 -2.0092635 0.9713389 1.7911887 6 6 1
0.5025008 -2.0084434 0.9688634 1.7722087 6 7 1
-0.8863677 -2.0174197 1.1878806 2.0031943 6 0 2
-0.6702839 -2.0164339 1.1825590 1.9795132 6 1 2
-0.4592496 -2.0154715 1.1773617 1.9563857 6 2 2
-0.2530895 -2.0145315 1.1722846 1.9337926 6 3 2
-0.0516367 -2.0136129 1.1673233 1.9117153 6 4 2
0.1452682 -2.0127117 1.1624734 1.8901331 6 5 2
0.3377746 -2.0118082 1.1577267 1.8690106 6 6 2
0.5260296 -2.0109427 1.1530889 1.8483726 6 7 2
-0.9274735 -2.0207030 1.4079914 2.1010585 6 0 3
-0.7004544 -2.0196283 1.3996851 2.0750213 6 1 3
-0.4789930 -2.0185800 1.3915822 2.0496216 6 2 3
-0.2628878 -2.0175569 1.3836753 2.0248361 6 3 3
-0.0519467 -2.0165587 1.3759574 2.0006433 6 4 3
0.1540132 -2.0155877 1.3684229 1.9770255 6 5 3
0.3551653 -2.0146225 1.3610588 1.9539416 6 6 3
0.5516743 -2.0136800 1.3538647 1.9313908 6 7 3
-0.9728063 -2.0243306 1.6507169 2.2089841 6 0 4
-0.7336874 -2.0231544 1.6388291 2.1802218 6 1 4
-0.5007155 -2.0220083 1.6272469 2.1521988 6 2 4
-0.2736580 -2.0208986 1.6159620 2.1248951 6 3 4
-0.0522894 -2.0198155 1.6049593 2.0982742 6 4 4
0.1636012 -2.0187546 1.5942269 2.0723071 6 5 4
0.3742119 -2.0177051 1.5837503 2.0469592 6 6 4
0.5797325 -2.0166807 1.5735268 2.0222235 6 7 4
-1.0230485 -2.0283513 1.9197290 2.3285980 6 0 5
-0.7704736 -2.0270642 1.9035209 2.2966676 6 1 5
-0.5247315 -2.0258113 1.8877510 2.2656002 6 2 5
-0.2855490 -2.0245920 1.8724021 2.2353623 6 3 5
-0.0526671 -2.0234051 1.8574576 2.2059212 6 4 5
0.1741601 -2.0222424 1.8428979 2.1772380 6 5 5
0.3951625 -2.0210956 1.8287039 2.1492753 6 6 5
0.6105554 -2.0199588 1.8148590 2.1220005 6 7 5
-1.0790116 -2.0327828 2.2195040 2.4618437 6 0 6
-0.8113831 -2.0313599 2.1980403 2.4261837 6 1 6
-0.5513982 -2.0299802 2.1771914 2.3915453 6 2 6
-0.2987323 -2.0286394 2.1569295 2.3578820 6 3 6
-0.0530826 -2.0273543 2.1372436 2.3251758 6 4 6
0.1858451 -2.0260846 2.1180821 2.2933407 6 5 6
0.4183134 -2.0248129 2.0994122 2.2623224 6 6 6
0.6445772 -2.0235750 2.0812405 2.2321320 6 7 6
-1.1417705 -2.0377559 2.5556719 2.6112690 6 0 7
-0.8571821 -2.0361682 2.5277617 2.5711794 6 1 7
-0.5812122 -2.0346610 2.5007255 2.5323451 6 2 7
-0.3134532 -2.0331926 2.4744883 2.4946585 6 3 7
-0.0535469 -2.0317669 2.4490203 2.4580767 6 4 7
0.1988464 -2.0303586 2.4242673 2.4225221 6 5 7
0.4440368 -2.0289551 2.4001894 2.3879371 6 6 7
0.6823273 -2.0275996 2.3767967 2.3543363 6 7 7
-0.4410936 1.9628626 1.2707873 1.7330263 7 0 0
-0.2657306 1.9631284 1.2846200 1.7463762 7 1 0
-0.0876455 1.9634029 1.2986690 1.7599378 7 2 0
0.0932271 1.9636810 1.3129377 1.7737110 7 3 0
0.2769531 1.9639651 1.3274320 1.7877030 7 4 0
0.4636010 1.9642543 1.3421571 1.8019183 7 5 0
0.6532410 1.9645482 1.3571182 1.8163613 7 6 0
0.2683564 0.4059752 0.7757854 0.2625836 7 7 0
-0.4357950 1.9629418 1.0939616 1.7421385 7 0 1
-0.2594626 1.9632132 1.1064991 1.7556332 7 1 1
-0.0803771 1.9634890 1.1192323 1.7693387 7 2 1
0.1015264 1.9637686 1.1321658 1.7832594 7 3 1
0.2863152 1.9640556 1.1453052 1.7974038 7 4 1
0.4740589 1.9643471 1.1586547 1.8117743 7 5 1
0.6648288 1.9646434 1.1722194 1.8263764 7 6 1
0.2416343 0.3303585 0.7278688 0.1875287 7 7 1
-0.4304412 1.9630243 0.9152669 1.7513494 7 0 2
-0.2531276 1.9632979 0.9264796 1.7649879 7 1 2
-0.0730306 1.9635757 0.9378684 1.7788403 7 2 2
0.1099156 1.9638578 0.9494373 1.7929118 7 3 2
0.2957795 1.9641471 0.9611911 1.8072103 7 4 2
0.4846309 1.9644355 0.9731330 1.8217332 7 5 2
0.2391037 0.3880843 0.7172408 0.2453271 7 6 2
0.2417287 0.3271986 0.7081199 0.1853522 7 7 2
-0.4250279 1.9630998 0.7346723 1.7606508 7 0 3
-0.2467229 1.9633760 0.7445312 1.7744355 7 1 3
-0.0656039 1.9636566 0.7545457 1.7884378 7 2 3
0.1183962 1.9639455 0.7647197 1.8026668 7 3 3
0.3053471 1.9642316 0.7750565 1.8171165 7 4 3
0.4953193 1.9645224 0.7855603 1.8317999 7 5 3
0.6883863 1.9648165 0.7962352 1.8467209 7 6 3
0.8846250 1.9651172 0.8070855 1.8618889 7 7 3
-0.4195555 1.9631721 0.5521495 1.7700474 7 0 4
-0.2402490 1.9634532 0.5606245 1.7839831 7 1 4
-0.0580968 1.9637399 0.5692340 1.7981411 7 2 4
0.1269696 1.9640312 0.5779812 1.8125256 7 3 4
0.3150203 1.9643196 0.5868699 1.8271345 7 4 4
0.5061269 1.9646128 0.5959030 1.8419808 7 5 4
0.7003647 1.9649105 0.6050841 1.8570702 7 6 4
0.2688657 0.3886600 0.6676834 0.2506508 7 7 4
-0.4140263 1.9632511 0.3676670 1.7795508 7 0 5
-0.2337060 1.9635356 0.3747274 1.7936383 7 1 5
-0.0505079 1.9638247 0.3819004 1.8079507 7 2 5
0.1356373 1.9641179 0.3891890 1.8224928 7 3 5
0.3248007 1.9644084 0.3965968 1.8372633 7 4 5
0.5170554 1.9647040 0.4041257 1.8522755 7 5 5
0.7124777 1.9650042 0.4117787 1.8675348 7 6 5
0.2689834 0.3845685 0.6421767 0.2478290 7 7 5
-0.4084378 1.9633324 0.1811924 1.7891581 7 0 6
-0.2270917 1.9636189 0.1868071 1.8033986 7 1 6
-0.0428357 1.9639103 0.1925117 1.8178679 7 2 6
0.1444009 1.9642052 0.1983089 1.8325701 7 3 6
0.3346902 1.9644984 0.2042024 1.8475053 7 4 6
0.5281066 1.9647961 0.2101928 1.8626857 7 5 6
0.7247280 1.9650990 0.2162824 1.8781179 7 6 6
0.2690984 0.3805677 0.6172379 0.2450698 7 7 6
-0.2890694 1.6034353 0.1279461 1.4427605 7 0 7
-0.1438836 1.6087352 0.1293715 1.4593599 7 1 7
0.0046180 1.6147208 0.1306215 1.4769107 7 2 7
0.1567401 1.6203345 0.1320927 1.4943646 7 3 7
0.3124781 1.6258440 0.1336864 1.5119925 7 4 7
0.4719987 1.6318046 0.1352020 1.5303700 7 5 7
0.6354287 1.6378598 0.1367736 1.5491458 7 6 7
0.2692116 0.3766566 0.5928478 0.2423729 7 7 7
-1.3317850 1.8505412 2.5223821 2.4936662 8 0 0
-1.0477563 1.8532864 2.4898981 2.4309392 8 1 0
-0.7776605 1.8558859 2.4589972 2.3712754 8 2 0
-0.5205024 1.8583533 2.4295696 2.3144603 8 3 0
-0.2753787 1.8607048 2.4015185 2.2603033 8 4 0
-0.0414642 1.8629484 2.3747500 2.2086225 8 5 0
0.1819927 1.8650926 2.3491790 2.1592531 8 6 0
0.3956814 1.8671646 2.3247459 2.1120689 8 7 0
-1.2662385 1.8552674 2.2068631 2.3743646 8 0 1
-0.9970546 1.8577870 2.1834753 2.3174486 8 1 1
-0.7404585 1.8601583 2.1611577 2.2631581 8 2 1
-0.4956098 1.8624209 2.1398616 2.2113528 8 3 1
-0.2617196 1.8645822 2.1195187 2.1618662 8 4 1
-0.0380686 1.8666492 2.1000666 2.1145463 8 5 1
0.1760010 1.8686099 2.0814340 2.0692325 8 6 1
0.3810936 1.8705264 2.0636123 2.0258641 8 7 1
-1.2067279 1.8596276 1.9202006 2.2660425 8 0 2
-0.9508902 1.8619093 1.9044033 2.2141118 8 1 2
-0.7065140 1.8640848 1.8893112 2.1645031 8 2 2
-0.4728485 1.8661648 1.8748806 2.1170685 8 3 2
-0.2492001 1.8681337 1.8610546 2.0716424 8 4 2
-0.0349480 1.8700236 1.8478119 2.0281291 8 5 2
0.1704889 1.8718439 1.8351193 1.9864154 8 6 2
0.3676494 1.8736202 1.8229565 1.9464157 8 7 2
-1.1523923 1.8635828 1.6585398 2.1671424 8 0 3
-0.9086671 1.8656795 1.6491569 2.1195972 8 1 3
-0.6753973 1.8676662 1.6401665 2.0740697 8 2 3
-0.4519373 1.8695680 1.6315535 2.0304554 8 3 3
-0.2376817 1.8713915 1.6232952 1.9886374 8 4 3
-0.0320733 1.8731414 1.6153703 1.9485073 8 5 3
0.1654010 1.8748289 1.6077623 1.9099723 8 6 3
0.3552202 1.8764835 1.6004656 1.8729666 8 7 3
-1.1025920 1.8671941 1.4187587 2.0764985 8 0 4
-0.8698858 1.8691142 1.4147995 2.0327902 8 1 4
-0.6467714 1.8709490 1.4110010 1.9908769 8 2 4
-0.4326718 1.8727098 1.4073561 1.9506574 8 3 4
-0.2270513 1.8744008 1.4038555 1.9120306 8 4 4
-0.0294161 1.8760261 1.4004909 1.8749038 8 5 4
0.1606907 1.8776272 1.3972688 1.8392309 8 6 4
0.3436987 1.8791708 1.3941678 1.8048924 8 7 4
-1.0567817 1.8705029 1.1982274 1.9931185 8 0 5
-0.8341557 1.8722782 1.1988826 1.9528131 8 1 5
-0.6203537 1.8739795 1.1995109 1.9141017 8 2 5
-0.4148635 1.8756147 1.2001147 1.8768952 8 3 5
-0.2172152 1.8772152 1.2007030 1.8411366 8 4 5
-0.0269570 1.8787525 1.2012683 1.8067116 8 5 5
0.1563170 1.8802351 1.2018133 1.7735521 8 6 5
0.3329863 1.8816775 1.2023423 1.7416009 8 7 5
-1.0145084 1.8735562 0.9947229 1.9161761 8 0 6
-0.8011307 1.8752026 0.9993125 1.8788910 8 1 6
-0.5959061 1.8768047 1.0037298 1.8430487 8 2 6
-0.3983661 1.8783511 1.0079824 1.8085527 8 3 6
-0.2080849 1.8798407 1.0120787 1.7753243 8 4 6
-0.0246696 1.8812769 1.0160272 1.7432952 8 5 6
0.1522449 1.8826632 1.0198360 1.7124023 8 6 6
0.3229998 1.8840145 1.0235144 1.6825980 8 7 6
-0.9753795 1.8763855 0.8063467 1.8449566 8 0 7
-0.7705331 1.8779491 0.8143021 1.8103979 8 1 7
-0.5732167 1.8794477 0.8219645 1.7771024 8 2 7
-0.3830271 1.8808922 0.8293503 1.7450094 8 3 7
-0.1995849 1.8822854 0.8364740 1.7140551 8 4 7
-0.0225373 1.8836301 0.8433493 1.6841798 8 5 7
0.1484442 1.8849294 0.8499892 1.6553288 8 6 7
0.3136655 1.8861766 0.8564048 1.6274419 8 7 7
-1.6954532 1.9286112 1.3531808 2.2808549 9 0 0
-1.4029396 1.9298441 1.3316776 2.1738029 9 1 0
-1.1366292 1.9309317 1.3120900 2.0763092 9 2 0
-0.8931823 1.9319278 1.2941846 1.9871874 9 3 0
-0.6697735 1.9328400 1.2777525 1.9053994 9 4 0
-0.4640276 1.9336802 1.2626195 1.8300779 9 5 0
-0.2739309 1.9344620 1.2486393 1.7604903 9 6 0
-0.0977619 1.9351924 1.2356850 1.6960063 9 7 0
-1.6928475 1.9284577 1.1222887 2.3012748 9 0 1
-1.3979327 1.9296728 1.1115227 2.1922998 9 1 1
-1.1296877 1.9307806 1.1017309 2.0931821 9 2 1
-0.8846481 1.9317907 1.0927858 2.0026371 9 3 1
-0.6599282 1.9327156 1.0845821 1.9195993 9 4 1
-0.4531060 1.9335791 1.0770344 1.8431860 9 5 1
-0.2621192 1.9343761 1.0700645 1.7726229 9 6 1
-0.0852164 1.9351145 1.0636086 1.7072636 9 7 1
-1.6901584 1.9282651 0.8872206 2.3220167 9 0 2
-1.3928433 1.9295027 0.8875896 2.2111194 9 1 2
-1.1226326 1.9306276 0.8879250 2.1103320 9 2 2
-0.8759842 1.9316591 0.8882316 2.0183375 9 3 2
-0.6499434 1.9326090 0.8885132 1.9340334 9 4 2
-0.4420286 1.9334827 0.8887723 1.8564895 9 5 2
-0.2501434 1.9342889 0.8890113 1.7849239 9 6 2
-0.0725031 1.9350354 0.8892326 1.7186712 9 7 2
-1.6874384 1.9280870 0.6478764 2.3431594 9 0 3
-1.3876771 1.9293434 0.6597785 2.2302818 9 1 3
-1.1154657 1.9304788 0.6705865 2.1277733 9 2 3
-0.8671830 1.9315246 0.6804448 2.0342851 9 3 3
-0.6398020 1.9324879 0.6894733 1.9486723 9 4 3
-0.4307867 1.9333733 0.6977726 1.8699745 9 5 3
-0.2379984 1.9341900 0.7054275 1.7973864 9 6 3
-0.0596180 1.9349457 0.7125104 1.7302232 9 7 3
-1.6846638 1.9279010 0.4041341 2.3646846 9 0 4
-1.3824133 1.9291725 0.4279854 2.2497683 9 1 4
-1.1081780 1.9303257 0.4496260 2.1455030 9 2 4
-0.8582412 1.9313872 0.4693483 2.0504858 9 3 4
-0.6295053 1.9323637 0.4873974 1.9635332 9 4 4
-0.4193798 1.9332607 0.5039780 1.8836551 9 5 4
-0.2256835 1.9340954 0.5192616 1.8100297 9 6 4
-0.0465593 1.9348654 0.5333956 1.7419417 9 7 4
-1.5432863 1.7881591 0.1956686 2.2020872 9 0 5
-1.3580892 1.9059625 0.1982086 2.2406530 9 1 5
-1.1007680 1.9301703 0.2249520 2.1635311 9 2 5
-0.8491558 1.9312477 0.2548626 2.0669467 9 3 5
-0.6190538 1.9322461 0.2822139 1.9786317 9 4 5
-0.4078089 1.9331609 0.3073241 1.8975525 9 5 5
-0.2131950 1.9340036 0.3304573 1.8228565 9 6 5
-0.0333225 1.9347825 0.3518383 1.7538185 9 7 5
-1.1130936 1.3567090 0.1457489 1.6470520 9 0 6
-0.9685413 1.4375476 0.1474900 1.6669366 9 1 6
-0.8202722 1.5200860 0.1493766 1.6869740 9 2 6
-0.6689156 1.6056234 0.1509620 1.7086405 9 3 6
-0.5132592 1.6924765 0.1528888 1.7298677 9 4 6
-0.3535173 1.7809097 0.1550522 1.7509900 9 5 6
-0.1900305 1.8727197 0.1569197 1.7738413 9 6 6
-0.0199039 1.9346984 0.1677883 1.7658584 9 7 6
-0.8552525 1.0981080 0.1164170 1.3143245 9 0 7
-0.7377739 1.1600589 0.1174757 1.3270646 9 1 7
-0.6180298 1.2232743 0.1185292 1.3401172 9 2 7
-0.4957761 1.2874945 0.1197225 1.3531374 9 3 7
-0.3711391 1.3530146 0.1209213 1.3664572 9 4 7
-0.2440832 1.4200547 0.1220522 1.3802730 9 5 7
-0.1144202 1.4883927 0.1232348 1.3942980 9 6 7
0.0179014 1.5581893 0.1244205 1.4086654 9 7 7
0.3250634 1.9845499 1.3372782 1.7095098 10 0 0
0.4951910 1.9862743 1.3754858 1.7867304 10 1 0
0.2448899 0.2221764 0.7225481 0.1042487 10 2 0
0.2562946 0.2222912 0.7251092 0.1094246 10 3 0
0.2748830 0.2349947 0.7335233 0.1290080 10 4 0
0.2828750 0.2225571 0.7310775 0.1214863 10 5 0
0.2984932 0.2227165 0.7345854 0.1285764 10 6 0
0.3160467 0.2228948 0.7385278 0.1365442 10 7 0
0.3318806 1.9846653 1.1618750 1.7145821 10 0 1
0.2438239 0.2805745 0.7259990 0.1559609 10 1 1
0.2453717 0.2221901 0.7118650 0.1045934 10 2 1
0.2568399 0.2223055 0.7139025 0.1098040 10 3 1
0.2695100 0.2224319 0.7161533 0.1155596 10 4 1
0.2835830 0.2225741 0.7186538 0.1219541 10 5 1
0.2993046 0.2227329 0.7214472 0.1290977 10 6 1
0.3169825 0.2229112 0.7245880 0.1371300 10 7 1
0.2388172 0.4251782 0.7315623 0.2829827 10 0 2
0.2439343 0.2769962 0.7093283 0.1529925 10 1 2
0.2458543 0.2221944 0.7011092 0.1049308 10 2 2
0.2573855 0.2223104 0.7026160 0.1101759 10 3 2
0.2701301 0.2224387 0.7042813 0.1159730 10 4 2
0.2842920 0.2225840 0.7061323 0.1224171 10 5 2
0.3001174 0.2227425 0.7082002 0.1296148 10 6 2
0.3179234 0.2229244 0.7105273 0.1377165 10 7 2
0.2391964 0.4140404 0.7015985 0.2735195 10 0 3
0.2440399 0.2735473 0.6932801 0.1501310 10 1 3
0.2463414 0.2222040 0.6902842 0.1052758 10 2 3
0.2579369 0.2223213 0.6912533 0.1105567 10 3 3
0.2707572 0.2224510 0.6923247 0.1163953 10 4 3
0.2850057 0.2225930 0.6935153 0.1228825 10 5 3
0.3009370 0.2227527 0.6948466 0.1301367 10 6 3
0.3188663 0.2229315 0.6963449 0.1382999 10 7 3
0.3525779 1.9850281 0.6293637 1.7299924 10 0 4
0.5260952 1.9867938 0.6356721 1.8091153 10 1 4
0.2720271 0.3170297 0.6774125 0.2017103 10 2 4
0.2738873 0.2631487 0.6791282 0.1543366 10 3 4
0.2867422 0.2531608 0.6799049 0.1511456 10 4 4
0.3052972 0.2533510 0.6805795 0.1596078 10 5 4
0.3260546 0.2535655 0.6813340 0.1690760 10 6 4
0.3494287 0.2538057 0.6821838 0.1797366 10 7 4
0.3595605 1.9851577 0.4497255 1.7351977 10 0 5
0.5339442 1.9869351 0.4478120 1.8148085 10 1 5
0.2721184 0.3139007 0.6568625 0.1991777 10 2 5
0.2739427 0.2612750 0.6633405 0.1528585 10 3 5
0.2875637 0.2531732 0.6642081 0.1516960 10 4 5
0.3062362 0.2533647 0.6640031 0.1602216 10 5 5
0.3271342 0.2535810 0.6637734 0.1697650 10 6 5
0.3506772 0.2538225 0.6635148 0.1805144 10 7 5
0.3665852 1.9852883 0.2690030 1.7404345 10 0 6
0.2689166 0.4063125 0.6163393 0.2808349 10 1 6
0.2722075 0.3108493 0.6368221 0.1967080 10 2 6
0.2739940 0.2594291 0.6478541 0.1514002 10 3 6
0.2883912 0.2531857 0.6483966 0.1522504 10 4 6
0.3071823 0.2533783 0.6472988 0.1608397 10 5 6
0.3282225 0.2535967 0.6460690 0.1704596 10 6 6
0.3519365 0.2538395 0.6446837 0.1812989 10 7 6
0.3597234 1.8170777 0.1407668 1.5883344 10 0 7
0.2691042 0.4004636 0.5889179 0.2759882 10 1 7
0.2722953 0.3078758 0.6172716 0.1943019 10 2 7
0.2736605 0.2566419 0.6330023 0.1489209 10 3 7
0.2892248 0.2531983 0.6324691 0.1528088 10 4 7
0.3081359 0.2533924 0.6304650 0.1614630 10 5 7
0.3293195 0.2536120 0.6282194 0.1711593 10 6 7
0.3532068 0.2538566 0.6256881 0.1820904 10 7 7
-0.0597516 1.8962459 2.7521681 2.3327379 11 0 0
0.1490483 1.9535109 2.9718218 2.5721948 11 1 0
0.3826757 1.8180708 2.9705813 2.5568433 11 2 0
0.6135448 1.6842894 2.9694293 2.5417576 11 3 0
0.8416921 1.5520476 2.9682443 2.5267963 11 4 0
1.0671693 1.4213535 2.9670730 2.5120101 11 5 0
0.5068398 0.4540285 1.3702616 0.7141445 11 6 0
0.5752952 0.4218597 1.3792041 0.7203187 11 7 0
0.0199042 1.8994680 2.4457744 2.2007933 11 0 1
0.2224875 1.8964941 2.5635708 2.3377600 11 1 1
0.4519593 1.8931220 2.6969986 2.4929016 11 2 1
0.7492364 2.0088929 2.9924734 2.8504605 11 3 1
1.0040150 1.8585549 2.9909936 2.8316581 11 4 1
1.2554360 1.7101595 2.9894939 2.8130531 11 5 1
1.5035411 1.5636645 2.9879560 2.7946196 11 6 1
0.5579506 0.4234332 1.2601684 0.6511711 11 7 1
0.0910314 1.9023446 2.1721854 2.0829751 11 0 2
0.2863073 1.8996841 2.2672229 2.2052324 11 1 2
0.5059382 1.8967084 2.3741275 2.3427577 11 2 2
0.7547851 1.8933370 2.4952529 2.4985771 11 3 2
1.0390926 1.8894853 2.6336388 2.6766009 11 4 2
1.3670165 1.8850342 2.7932478 2.8819258 11 5 2
1.7748407 1.9086040 3.0160853 3.1723335 11 6 2
0.5348720 0.4170624 1.1512025 0.5792642 11 7 2
0.1549342 1.9047352 1.9262712 1.9769163 11 0 3
0.3432683 1.9024010 2.0025791 2.0867715 11 1 3
0.5537651 1.8997921 2.0878666 2.2095542 11 2 3
0.7905937 1.8968944 2.1838486 2.3477383 11 3 3
1.0589806 1.8935279 2.2925644 2.5042431 11 4 3
1.3657003 1.8896726 2.4168024 2.6830924 11 5 3
0.5293457 0.5074733 1.1340125 0.6363245 11 6 3
0.5230895 0.4180504 1.0708116 0.5324830 11 7 3
0.2126453 1.9069388 1.7042104 1.8811816 11 0 4
0.3944216 1.9048396 1.7649174 1.9803874 11 1 4
0.5964376 1.9025069 1.8323838 2.0906396 11 2 4
0.8222718 1.8998959 1.9078029 2.2138872 11 3 4
1.0764014 1.8969589 1.9926721 2.3525782 11 4 4
0.5247348 0.6208602 1.1155267 0.7104039 11 5 4
0.5311420 0.5172970 1.0617521 0.6056805 11 6 4
0.5214001 0.4267190 1.0094993 0.5055274 11 7 4
0.2650249 1.9089351 1.5026618 1.7942870 11 0 5
0.4406115 1.9070363 1.5503099 1.8843186 11 1 5
0.6347496 1.9049369 1.6029923 1.9838625 11 2 5
0.8505435 1.9026035 1.6615513 2.0945106 11 3 5
0.5189770 0.7642610 1.0922452 0.8041724 11 4 5
0.5269818 0.6257137 1.0362978 0.6724352 11 5 5
0.5328039 0.5262548 0.9961557 0.5779046 11 6 5
0.5125992 0.4275116 0.9491331 0.4704548 11 7 5
0.3127808 1.9107787 1.3189184 1.7150881 11 0 6
0.4825308 1.9090509 1.3555677 1.7971604 11 1 6
0.6693434 1.9071496 1.3959010 1.8874824 11 2 6
0.8759273 1.9050470 1.4405028 1.9873637 11 3 6
0.5218491 0.7611024 1.0045859 0.7558607 11 4 6
0.5290080 0.6300855 0.9651131 0.6383325 11 5 6
0.5343210 0.5344281 0.9363124 0.5525659 11 6 6
0.5217487 0.4449065 0.9055151 0.4636530 11 7 6
0.3564988 1.9124631 1.1507093 1.6425822 11 0 7
0.5207438 1.9108889 1.1780449 1.7177100 11 1 7
0.7007334 1.9091637 1.2080009 1.8000395 11 2 7
0.8988516 1.9072810 1.2409777 1.8906755 11 3 7
0.5243861 0.7582830 0.9268565 0.7130040 11 4 7
0.2713284 0.2376990 0.7704811 0.1405841 11 5 7
0.2731779 0.2172746 0.7663308 0.1236120 11 6 7
0.2902109 0.2171092 0.7691651 0.1314012 11 7 7
-0.7023093 0.3352440 2.8521706 1.9182843 12 0 0
-0.5031340 0.3015373 2.8517113 1.9083762 12 1 0
-0.3060056 0.2681769 2.8512564 1.8985697 12 2 0
-0.1108986 0.2351612 2.8508488 1.8889031 12 3 0
0.0822320 0.2024794 2.8504362 1.8793261 12 4 0
0.2734142 0.1701273 2.8500283 1.8698461 12 5 0
0.4626773 0.1381000 2.8496247 1.8604615 12 6 0
0.6500500 0.1063926 2.8492248 1.8511703 12 7 0
-0.7072063 0.5313368 2.8554894 2.0069673 12 0 1
-0.4988541 0.4950258 2.8550150 1.9961480 12 1 1
-0.2927389 0.4591064 2.8545567 1.9854556 12 2 1
-0.0888200 0.4235698 2.8541033 1.9748771 12 3 1
0.1129375 0.3884098 2.8536548 1.9644108 12 4 1
0.3125677 0.3536206 2.8532117 1.9540555 12 5 1
0.5101043 0.3191963 2.8527730 1.9438087 12 6 1
0.7055800 0.2851311 2.8523391 1.9336689 12 7 1
-0.7125953 0.7464527 2.8591702 2.1042891 12 0 2
-0.4941703 0.7071791 2.8586640 2.0924103 12 1 2
-0.2781974 0.6683463 2.8581633 2.0806649 12 2 2
-0.0646356 0.6299471 2.8576680 2.0690503 12 3 2
0.1465551 0.5919742 2.8571787 2.0575652 12 4 2
0.3554142 0.5544208 2.8566953 2.0462074 12 5 2
0.5619801 0.5172796 2.8562170 2.0349741 12 6 2
0.7662787 0.4805359 2.8557044 2.0238242 12 7 2
-0.7185312 0.9834922 2.8632207 2.2115245 12 0 3
-0.4890118 0.9408309 2.8626828 2.1984274 12 1 3
-0.2621911 0.8986646 2.8621333 2.1854653 12 2 3
-0.0380294 0.8569925 2.8615901 2.1726551 12 3 3
0.1835198 0.8158062 2.8610534 2.1599944 12 4 3
0.4024977 0.7750850 2.8604878 2.1474433 12 5 3
0.6189471 0.7348366 2.8599360 2.1350448 12 6 3
0.8329115 0.6950503 2.8593904 2.1227887 12 7 3
-0.7250956 1.2459763 2.8676854 2.3302526 12 0 4
-0.4832861 1.1993946 2.8670785 2.3157022 12 1 4
-0.2444777 1.1533912 2.8664794 2.3013325 12 2 4
-0.0086111 1.1079325 2.8658430 2.2870901 12 3 4
0.2243545 1.0630390 2.8652267 2.2730365 12 4 4
0.4544753 1.0186964 2.8646235 2.2591608 12 5 4
0.6818037 0.9748921 2.8640281 2.2454538 12 6 4
0.9063959 0.9316227 2.8634554 2.2319293 12 7 4
-0.7324048 1.5382427 2.8726566 2.4624522 12 0 5
-0.4769075 1.4870819 2.8719450 2.4461646 12 1 5
-0.2247664 1.4365883 2.8712350 2.4300818 12 2 5
0.0240809 1.3867542 2.8705342 2.4142091 12 3 5
0.2696991 1.3375755 2.8698563 2.3985586 12 4 5
0.5121539 1.2890322 2.8691903 2.3831134 12 5 5
0.7515062 1.2411101 2.8685331 2.3678660 12 6 5
0.9878218 1.1938066 2.8679007 2.3528316 12 7 5
-0.7405586 1.8655964 2.8781471 2.6104536 12 0 6
-0.4697528 1.8090804 2.8773459 2.5921457 12 1 6
-0.2027192 1.7533520 2.8765563 2.5740933 12 2 6
0.0606208 1.6983941 2.8757772 2.5562901 12 3 6
0.3203445 1.6442054 2.8750273 2.5387545 12 4 6
0.5765336 1.5907712 2.8743094 2.5214844 12 5 6
0.8292601 1.5380577 2.8735992 2.5044453 12 6 6
1.0785939 1.4860519 2.8728987 2.4876351 12 7 6
-0.5607769 1.7868845 2.4580560 2.2031975 12 0 7
-0.3461922 1.7838166 2.5031866 2.2480800 12 1 7
-0.1226820 1.7806162 2.5501893 2.2948227 12 2 7
0.1103204 1.7772697 2.5991775 2.3435364 12 3 7
0.3534233 1.7737216 2.6502300 2.3942838 12 4 7
0.6072877 1.7700163 2.7035424 2.4472775 12 5 7
0.9165335 1.8713599 2.8792875 2.6577475 12 6 7
1.1803996 1.8138205 2.8785041 2.6388245 12 7 7
-0.6868529 2.0125401 0.5172905 1.7898539 13 0 0
-0.4984148 2.0123737 0.5273067 1.7800111 13 1 0
-0.3120378 2.0122090 0.5372133 1.7702757 13 2 0
-0.1276871 2.0120371 0.5470125 1.7606380 13 3 0
0.0546670 2.0118694 0.5567056 1.7511067 13 4 0
0.2350573 2.0116986 0.5662944 1.7416736 13 5 0
0.4135140 2.0115270 0.5757805 1.7323391 13 6 0
0.5900682 2.0113573 0.5851654 1.7231042 13 7 0
-0.7103115 2.0152758 0.3368578 1.8681934 13 0 1
-0.5135358 2.0150792 0.3483463 1.8574655 13 1 1
-0.3190072 2.0148850 0.3597037 1.8468603 13 2 1
-0.1266873 2.0146929 0.3709321 1.8363754 13 3 1
0.0634612 2.0145033 0.3820337 1.8260092 13 4 1
0.2514748 2.0143097 0.3930114 1.8157533 13 5 1
0.4373879 2.0141163 0.4038667 1.8056103 13 6 1
0.6212354 2.0139250 0.4146014 1.7955799 13 7 1
-0.7123197 1.9680747 0.1528117 1.9020362 13 0 2
-0.5267465 2.0089468 0.1553759 1.9326701 13 1 2
-0.3266076 2.0178057 0.1661403 1.9303734 13 2 2
-0.1255977 2.0175877 0.1790217 1.9189218 13 3 2
0.0730414 2.0173724 0.1917511 1.9076054 13 4 2
0.2693509 2.0171529 0.2043328 1.8964150 13 5 2
0.4633743 2.0169582 0.2167629 1.8853772 13 6 2
0.6551503 2.0167585 0.2290507 1.8744600 13 7 2
-0.5090020 1.4948814 0.1190409 1.4801961 13 0 3
-0.3626858 1.5210035 0.1204852 1.4990442 13 1 3
-0.2126111 1.5478607 0.1219450 1.5184436 13 2 3
-0.0586037 1.5754392 0.1234372 1.5383698 13 3 3
0.0995149 1.6033478 0.1251058 1.5584021 13 4 3
0.2618093 1.6320442 0.1268015 1.5790164 13 5 3
0.4284670 1.6615778 0.1285206 1.6002541 13 6 3
0.5995799 1.6916014 0.1303863 1.6217453 13 7 3
-0.3796814 1.1938464 0.0973496 1.2119179 13 0 4
-0.2587757 1.2119502 0.0983539 1.2244079 13 1 4
-0.1353116 1.2302780 0.0994520 1.2369874 13 2 4
-0.0092953 1.2490608 0.1005380 1.2499106 13 3 4
0.1193670 1.2687016 0.1014355 1.2636145 13 4 4
0.2508694 1.2886232 0.1024224 1.2774531 13 5 4
0.3852435 1.3087754 0.1035241 1.2913693 13 6 4
0.5226230 1.3295220 0.1045849 1.3057545 13 7 4
-0.2899331 0.9849727 0.0824521 1.0257082 13 0 5
-0.1869996 0.9984900 0.0831472 1.0346860 13 1 5
-0.0822341 1.0121930 0.0838869 1.0437603 13 2 5
0.0243827 1.0261565 0.0846289 1.0530161 13 3 5
0.1329061 1.0404130 0.0853587 1.0624874 13 4 5
0.2434074 1.0550130 0.0860527 1.0722277 13 5 5
0.3559567 1.0698983 0.0867508 1.0821656 13 6 5
0.4705680 1.0849276 0.0875374 1.0921371 13 7 5
-0.2241359 0.8318205 0.0714573 0.8892039 13 0 6
-0.1344886 0.8423207 0.0720096 0.8958889 13 1 6
-0.0434835 0.8529814 0.0725691 0.9026771 13 2 6
0.0489019 0.8638686 0.0730896 0.9096467 13 3 6
0.1427250 0.8749348 0.0736113 0.9167365 13 4 6
0.2380259 0.8862111 0.0741149 0.9239814 13 5 6
0.3348306 0.8976041 0.0746713 0.9312662 13 6 6
0.4331750 0.9091811 0.0752346 0.9386704 13 7 6
-0.1737636 0.7145883 0.0630985 0.7846910 13 0 7
-0.0943944 0.7230820 0.0635179 0.7899094 13 1 7
-0.0139669 0.7317055 0.0639281 0.7952183 13 2 7
0.0675451 0.7404735 0.0643187 0.8006351 13 3 7
0.1501751 0.7493554 0.0647202 0.8061180 13 4 7
0.2339444 0.7583573 0.0651296 0.8116733 13 5 7
0.3188763 0.7674838 0.0655448 0.8173054 13 6 7
0.2635551 0.4034330 0.3856208 0.3548003 13 7 7
-1.3085867 0.8636550 0.0887332 1.5833750 14 0 0
-1.1881347 0.9704038 0.0894019 1.5945449 14 1 0
-1.0660628 1.0787495 0.0900152 1.6059986 14 2 0
-0.9423692 1.1888198 0.0905225 1.6178410 14 3 0
-0.8167350 1.3003864 0.0911300 1.6296780 14 4 0
-0.6892647 1.4136248 0.0917298 1.6417223 14 5 0
-0.5598688 1.5284887 0.0923727 1.6538780 14 6 0
-0.4285708 1.6451506 0.0929813 1.6663032 14 7 0
-1.0925894 0.6936230 0.0798228 1.4233785 14 0 1
-0.9829442 0.7883899 0.0804233 1.4323030 14 1 1
-0.8721387 0.8845425 0.0808396 1.4416682 14 2 1
-0.7598814 0.9819679 0.0812548 1.4511679 14 3 1
-0.6461046 1.0806445 0.0817094 1.4607351 14 4 1
-0.5308504 1.1806889 0.0821267 1.4705048 14 5 1
-0.4139776 1.2819235 0.0826569 1.4802172 14 6 1
-0.2955449 1.3844856 0.0832059 1.4900380 14 7 1
-0.9162925 0.5548269 0.0725025 1.2928178 14 0 2
-0.8159881 0.6402081 0.0727948 1.3004987 14 1 2
-0.7144466 0.7265786 0.0731299 1.3082110 14 2 2
-0.6115956 0.8138760 0.0735845 1.3158364 14 3 2
-0.5075741 0.9022460 0.0739956 1.3236274 14 4 2
-0.4023134 0.9916687 0.0744115 1.3315113 14 5 2
-0.2958099 1.0822103 0.0747937 1.3395509 14 6 2
-0.1880015 1.1738108 0.0752114 1.3476388 14 7 2
-0.7696572 0.4393701 0.0663763 1.1842461 14 0 3
-0.6769509 0.5168702 0.0666910 1.1905762 14 1 3
-0.5832851 0.5952323 0.0669632 1.1970383 14 2 3
-0.4885576 0.6744087 0.0672950 1.2034916 14 3 3
-0.3927772 0.7544068 0.0676746 1.2099521 14 4 3
-0.2959635 0.8352696 0.0680572 1.2164841 14 5 3
-0.1981130 0.9170500 0.0684047 1.2231431 14 6 3
-0.0991859 0.9997338 0.0687530 1.2298796 14 7 3
-0.6457271 0.3417972 0.0612173 1.0924747 14 0 4
-0.5596253 0.4127787 0.0614875 1.0978526 14 1 4
-0.4726931 0.4844786 0.0617283 1.1033247 14 2 4
-0.3848892 0.5568960 0.0619730 1.1088496 14 3 4
-0.2962023 0.6300435 0.0622184 1.1144326 14 4 4
-0.2065969 0.7038880 0.0625234 1.1199977 14 5 4
-0.1160873 0.7784581 0.0628499 1.1255946 14 6 4
-0.0246786 0.8538379 0.0631146 1.1313332 14 7 4
-0.5396224 0.2582589 0.0568015 1.0139024 14 0 5
-0.4592577 0.3237309 0.0570306 1.0185345 14 1 5
-0.3781552 0.3898038 0.0572621 1.0232089 14 2 5
-0.2963157 0.4564969 0.0574724 1.0279539 14 3 5
-0.2136984 0.5237889 0.0577258 1.0326941 14 4 5
-0.1303140 0.5917009 0.0579872 1.0374715 14 5 5
-0.0461555 0.6602482 0.0582453 1.0423002 14 6 5
0.0387877 0.7294590 0.0584772 1.0472087 14 7 5
-0.4477518 0.1859298 0.0529848 0.9458668 14 0 6
-0.3724126 0.2466820 0.0531799 0.9498993 14 1 6
-0.2964312 0.3079564 0.0533704 0.9539734 14 2 6
-0.2197962 0.3697596 0.0535601 0.9580852 14 3 6
-0.1424975 0.4320976 0.0537519 0.9622320 14 4 6
-0.0645217 0.4949644 0.0539711 0.9663863 14 5 6
0.0141285 0.5583866 0.0541749 0.9705960 14 6 6
0.0934669 0.6223614 0.0543839 0.9748387 14 7 6
-0.3674452 0.1226986 0.0496303 0.8864058 14 0 7
-0.2965390 0.1793636 0.0498023 0.8899437 14 1 7
-0.2250659 0.2364834 0.0499723 0.8935134 14 2 7
-0.1530205 0.2940664 0.0501324 0.8971234 14 3 7
-0.0803901 0.3521160 0.0502958 0.9007607 14 4 7
-0.0071666 0.4106327 0.0504738 0.9044139 14 5 7
0.0666534 0.4696241 0.0506571 0.9080927 14 6 7
0.1410765 0.5290982 0.0508404 0.9118032 14 7 7
-0.0417421 1.9888516 1.3935397 1.6553848 15 0 0
0.1218778 1.9901859 1.4129279 1.6979985 15 1 0
0.2941448 1.9916005 1.4333430 1.7428732 15 2 0
0.4757642 1.9930918 1.4548665 1.7901841 15 3 0
0.6675191 1.9946663 1.4775912 1.8401353 15 4 0
0.8702775 1.9963186 1.5016168 1.8929412 15 5 0
1.0850253 1.9980862 1.5270674 1.9488859 15 6 0
1.3128558 1.9999659 1.5540694 2.0082428 15 7 0
-0.0430370 1.9893965 1.2274363 1.6786759 15 0 1
0.1229112 1.9907665 1.2427671 1.7225150 15 1 1
0.2977598 1.9922173 1.2589212 1.7687123 15 2 1
0.4822458 1.9937485 1.2759658 1.8174562 15 3 1
0.6771884 1.9953664 1.2939764 1.8689629 15 4 1
0.8835026 1.9970786 1.3130376 1.9234741 15 5 1
1.1022262 1.9989198 1.3332491 1.9812882 15 6 1
0.5421478 0.7156929 1.0974104 0.6404688 15 7 1
-0.0443692 1.9899590 1.0565923 1.7026335 15 0 2
0.1239748 1.9913640 1.0676206 1.7477498 15 1 2
0.3014837 1.9928530 1.0792498 1.7953293 15 2 2
0.4889279 1.9944256 1.0915298 1.8455721 15 3 2
0.6871706 1.9961078 1.1045183 1.8987274 15 4 2
0.8971718 1.9978907 1.1182771 1.9550364 15 5 2
1.1200092 1.9997825 1.1328770 2.0147872 15 6 2
0.5421823 0.7048597 1.0317211 0.6392977 15 7 2
-0.0457399 1.9905376 0.8808011 1.7272848 15 0 3
0.1250701 1.9919793 0.8872661 1.7737349 15 1 3
0.3053223 1.9935212 0.8940874 1.8227725 15 2 3
0.4958256 1.9951570 0.9012964 1.8746048 15 3 3
0.6974802 1.9968886 0.9089274 1.9294713 15 4 3
0.9112949 1.9987245 0.9170186 1.9876461 15 5 3
1.1384039 2.0006749 0.9256128 2.0494385 15 6 3
0.5422142 0.6940622 0.9662718 0.6381264 15 7 3
-0.0471478 1.9911077 0.6998487 1.7526363 15 0 4
0.1261986 1.9926114 0.7014679 1.8005028 15 1 4
0.3092794 1.9942015 0.7031778 1.8510591 15 2 4
0.5029387 1.9958831 0.7049865 1.9045362 15 3 4
0.7081206 1.9976650 0.7069028 1.9611955 15 4 4
0.9258851 1.9995563 0.7089366 2.0213294 15 5 4
0.5371565 0.8127571 0.8817110 0.7616495 15 6 4
0.5422746 0.6833481 0.9010555 0.6370100 15 7 4
-0.0486014 1.9917260 0.5134976 1.7787730 15 0 5
0.1273616 1.9932629 0.5099760 1.8280909 15 1 5
0.3133609 1.9948965 0.5062512 1.8802307 15 2 5
0.5102816 1.9966258 0.5023077 1.9354318 15 3 5
0.7191147 1.9984600 0.4981256 1.9939725 15 4 5
0.9409553 2.0003602 0.4936952 2.0561118 15 5 5
0.5372718 0.7997868 0.8040576 0.7601289 15 6 5
0.5423161 0.6726433 0.8360745 0.6358645 15 7 5
-0.0500982 1.9923561 0.3215069 1.8056941 15 0 6
0.1285608 1.9939346 0.3125245 1.8565375 15 1 6
0.3175730 1.9956137 0.3030183 1.9103364 15 2 6
0.5178609 1.9973623 0.2929561 1.9673139 15 3 6
0.7304628 1.9992149 0.2822764 2.0277910 15 4 6
0.9565504 2.0011852 0.2709193 2.0921044 15 5 6
1.1974490 2.0032847 0.2588181 2.1606312 15 6 6
0.5423213 0.6619236 0.7713477 0.6346598 15 7 6
-0.0431600 1.9248169 0.1549339 1.7663836 15 0 7
0.1325448 1.8930039 0.1562704 1.7831740 15 1 7
0.3116159 1.8605005 0.1576706 1.8002037 15 2 7
0.4941254 1.8272894 0.1591367 1.8174753 15 3 7
0.6802259 1.7936183 0.1605411 1.8352836 15 4 7
0.8697630 1.7586978 0.1622657 1.8527818 15 5 7
1.0632628 1.7236719 0.1637334 1.8712819 15 6 7
0.4667761 0.5422115 0.7638313 0.5012883 15 7 7
0.7292966 1.9886129 1.8914973 1.8196688 16 0 0
0.9195987 1.9916020 1.9608552 1.9463917 16 1 0
1.1383918 1.9950416 2.0405982 2.0920894 16 2 0
1.3925859 1.9990295 2.1332405 2.2613544 16 3 0
1.6915358 2.0037232 2.2421958 2.4604249 16 4 0
0.5440739 0.4398968 1.2360030 0.4421023 16 5 0
0.6248285 0.4492994 1.2685290 0.5024770 16 6 0
0.7150905 0.4507139 1.3014249 0.5625802 16 7 0
0.7433793 1.9884568 1.7009117 1.8116941 16 0 1
0.9337668 1.9914238 1.7567354 1.9372734 16 1 1
1.1525138 1.9948329 1.8208745 2.0815587 16 2 1
1.4064612 1.9987814 1.8953320 2.2490547 16 3 1
1.7048493 2.0034157 1.9828180 2.4458582 16 4 1
0.5460933 0.4398438 1.1892896 0.4392454 16 5 1
0.6265898 0.4492210 1.2152770 0.4988699 16 6 1
0.7163388 0.4506169 1.2415915 0.5580660 16 7 1
0.7573398 1.9883047 1.5119900 1.8037918 16 0 2
0.9478027 1.9912473 1.5545191 1.9282402 16 1 2
1.1664944 1.9946265 1.6033517 2.0711336 16 2 2
1.4201864 1.9985362 1.6599975 2.2368882 16 3 2
1.7180301 2.0031425 1.7265050 2.4315028 16 4 2
0.5480989 0.4398038 1.1431814 0.4364429 16 5 2
0.6283261 0.4491439 1.1627841 0.4953145 16 6 2
0.7175645 0.4505195 1.1827097 0.5536203 16 7 2
0.7711845 1.9881730 1.3247124 1.7959764 16 0 3
0.9617151 1.9910901 1.3541831 1.9193089 16 1 3
0.5420377 0.7178148 1.1311364 0.6479771 16 2 3
0.5457326 0.5993200 1.1169100 0.5568201 16 3 3
0.5485343 0.5100759 1.1061983 0.4881774 16 4 3
0.5462574 0.4358580 1.0965863 0.4281657 16 5 3
0.6300488 0.4490770 1.1110369 0.4918236 16 6 3
0.7187653 0.4504199 1.1247574 0.5492386 16 7 3
0.7849063 1.9880308 1.1390498 1.7882173 16 0 4
0.9754928 1.9909179 1.1556931 1.9104432 16 1 4
0.5424448 0.7100615 1.0634276 0.6362951 16 2 4
0.5460501 0.5945185 1.0588031 0.5482163 16 3 4
0.5487741 0.5070683 1.0553026 0.4815499 16 4 4
0.5469044 0.4345164 1.0520405 0.4236414 16 5 4
0.6317473 0.4490110 1.0600140 0.4883814 16 6 4
0.7199537 0.4503263 1.0677159 0.5449331 16 7 4
0.7985087 1.9878854 0.9549848 1.7805207 16 0 5
0.9891446 1.9907494 0.9590284 1.9016612 16 1 5
0.5428774 0.7026603 0.9981149 0.6251118 16 2 5
0.5463856 0.5899058 1.0024636 0.5399247 16 3 5
0.5490188 0.5041553 1.0057701 0.4751179 16 4 5
0.5488229 0.4344992 1.0084052 0.4210179 16 5 5
0.6334111 0.4489367 1.0097005 0.4849731 16 6 5
0.7211237 0.4502342 1.0115618 0.5406947 16 7 5
0.8119939 1.9877390 0.7724976 1.7728879 16 0 6
1.0026704 1.9905797 0.7641639 1.8929567 16 1 6
0.5432886 0.6955025 0.9350600 0.6143013 16 2 6
0.5466937 0.5854040 0.9478068 0.5318491 16 3 6
0.5450127 0.4960979 0.9583327 0.4622214 16 4 6
0.5506542 0.4344184 0.9653170 0.4183385 16 5 6
0.6350525 0.4488640 0.9600843 0.4816127 16 6 6
0.7222762 0.4501438 0.9562744 0.5365223 16 7 6
0.8253632 1.9875913 0.5915690 1.7653179 16 0 7
1.0160864 1.9904441 0.5710673 1.8843646 16 1 7
0.5436799 0.6885767 0.8741518 0.6038461 16 2 7
0.5469692 0.5809994 0.8947702 0.5239701 16 3 7
0.5367619 0.4830295 0.9149280 0.4431369 16 4 7
0.5525071 0.4343833 0.9227605 0.4157543 16 5 7
0.6366719 0.4487928 0.9111508 0.4782994 16 6 7
0.7234517 0.4500821 0.9018241 0.5324595 16 7 7
-0.6585004 -1.5311434 0.0927469 1.6106105 17 0 0
-0.7572925 -1.3926926 0.0922267 1.6010095 17 1 0
-0.8549120 -1.2558805 0.0917143 1.5915194 17 2 0
-0.9514058 -1.1207062 0.0911883 1.5821784 17 3 0
-1.0466979 -0.9870468 0.0907233 1.5728426 17 4 0
-1.1409949 -0.8550364 0.0901813 1.5637714 17 5 0
-1.2341194 -0.7244932 0.0897024 1.5546979 17 6 0
-1.3261996 -0.5954678 0.0892114 1.5457618 17 7 0
-0.4883043 -1.3097959 0.0833928 1.4482901 17 0 1
-0.5781146 -1.1864251 0.0829645 1.4405401 17 1 1
-0.6669554 -1.0643495 0.0825556 1.4328473 17 2 1
-0.7548627 -0.9435819 0.0821408 1.4252536 17 3 1
-0.8418509 -0.8240940 0.0817235 1.4177516 17 4 1
-0.9279530 -0.7058736 0.0812902 1.4103624 17 5 1
-1.0130654 -0.5888312 0.0809346 1.4029274 17 6 1
-1.0973950 -0.4730562 0.0805055 1.3956988 17 7 1
-0.3493031 -1.1290532 0.0756941 1.3157815 17 0 2
-0.4316047 -1.0177799 0.0753547 1.3093624 17 1 2
-0.5131069 -0.9075866 0.0750189 1.3030051 17 2 2
-0.5938374 -0.7984756 0.0746669 1.2967390 17 3 2
-0.6737772 -0.6903939 0.0743380 1.2905029 17 4 2
-0.7529820 -0.5833661 0.0739821 1.2843721 17 5 2
-0.8313982 -0.4773317 0.0736658 1.2782447 17 6 2
-0.9090057 -0.3722830 0.0734064 1.2720947 17 7 2
-0.2336005 -0.9785984 0.0692980 1.2054707 17 0 3
-0.3095472 -0.8772784 0.0690221 1.2000713 17 1 3
-0.3847933 -0.7768264 0.0687898 1.1946625 17 2 3
-0.4593950 -0.6773110 0.0685125 1.1893678 17 3 3
-0.5333632 -0.5786951 0.0682041 1.1841664 17 4 3
-0.6066618 -0.4809221 0.0679291 1.1789680 17 5 3
-0.6793490 -0.3840167 0.0676243 1.1738591 17 6 3
-0.7513336 -0.2879255 0.0673979 1.1686907 17 7 3
-0.1357919 -0.8514002 0.0639119 1.1121989 17 0 4
-0.2062835 -0.7583955 0.0637004 1.1075741 17 1 4
-0.2761906 -0.6661599 0.0634925 1.1029854 17 2 4
-0.3455540 -0.5747254 0.0632221 1.0985167 17 3 4
-0.4143369 -0.4840109 0.0629885 1.0940398 17 4 4
-0.4825922 -0.3940515 0.0627114 1.0896571 17 5 4
-0.5502849 -0.3048027 0.0624602 1.0852792 17 6 4
-0.6174141 -0.2162628 0.0622371 1.0809036 17 7 4
-0.0520308 -0.7424664 0.0593062 1.0323160 17 0 5
-0.1178023 -0.6565366 0.0591276 1.0283306 17 1 5
-0.1830795 -0.5712894 0.0589151 1.0244176 17 2 5
-0.2478723 -0.4867021 0.0586782 1.0205653 17 3 5
-0.3121495 -0.4027220 0.0585062 1.0166672 17 4 5
-0.3759757 -0.3194035 0.0582660 1.0128806 17 5 5
-0.4393305 -0.2367042 0.0580240 1.0091262 17 6 5
-0.5021642 -0.1546055 0.0578603 1.0053104 17 7 5
0.0205051 -0.6481276 0.0553242 0.9631320 17 0 6
-0.0411407 -0.5682943 0.0551416 0.9596955 17 1 6
-0.1023479 -0.4890281 0.0549614 0.9562822 17 2 6
-0.1631241 -0.4103278 0.0547729 0.9529037 17 3 6
-0.2234595 -0.3321699 0.0546205 0.9495108 17 4 6
-0.2833822 -0.2545754 0.0544339 0.9461806 17 5 6
-0.3428996 -0.1775275 0.0542221 0.9429024 17 6 6
-0.4019910 -0.1010097 0.0540379 0.9396186 17 7 6
0.0839293 -0.5656332 0.0518529 0.9026278 17 0 7
0.0259303 -0.4910783 0.0516853 0.8996172 17 1 7
-0.0316827 -0.4170185 0.0515203 0.8966250 17 2 7
-0.0356733 -0.2568183 0.2992039 0.6390601 17 3 7
-0.1457568 -0.2703576 0.0512291 0.8906637 17 4 7
-0.2022251 -0.1977552 0.0510901 0.8877074 17 5 7
-0.2583407 -0.1256381 0.0509008 0.8848226 17 6 7
-0.3140800 -0.0539878 0.0507399 0.8819292 17 7 7
-0.8271906 1.6143589 2.9533738 2.2753315 18 0 0
-0.5867014 1.5968443 2.9520963 2.2595429 18 1 0
-0.3495633 1.5796756 2.9509706 2.2441299 18 2 0
-0.1156343 1.5627183 2.9498327 2.2288935 18 3 0
0.1151398 1.5459840 2.9487025 2.2138538 18 4 0
0.3428111 1.5293958 2.9474837 2.1988959 18 5 0
0.5674264 1.5130302 2.9462812 2.1841388 18 6 0
0.7890193 1.4968202 2.9450096 2.1694813 18 7 0
-0.9433561 1.9497244 2.9763329 2.5765758 18 0 1
-0.6704186 1.9273928 2.9748300 2.5565107 18 1 1
-0.4016992 1.9054064 2.9733506 2.5367560 18 2 1
-0.1371008 1.8837570 2.9718935 2.5173039 18 3 1
0.1234709 1.8624208 2.9704408 2.4981248 18 4 1
0.3800807 1.8412299 2.9688146 2.4789841 18 5 1
0.6327832 1.8203426 2.9671922 2.4601078 18 6 1
0.8816662 1.7997709 2.9655942 2.4415166 18 7 1
-0.7970614 1.8474221 2.5436394 2.2701471 18 0 2
-0.5653538 1.8474758 2.5617994 2.2793291 18 1 2
-0.3317793 1.8475828 2.5801532 2.2886546 18 2 2
-0.0962857 1.8476910 2.5986580 2.2980571 18 3 2
0.1411508 1.8477955 2.6173114 2.3075311 18 4 2
0.3805506 1.8478792 2.6360996 2.3170550 18 5 2
0.6219348 1.8479637 2.6550436 2.3266580 18 6 2
0.8653281 1.8480489 2.6741453 2.3363409 18 7 2
-0.7260590 1.8536322 2.2631604 2.1341581 18 0 3
-0.5080335 1.8537562 2.2791973 2.1423318 18 1 3
-0.2883315 1.8538813 2.2953575 2.1505685 18 2 3
-0.0669336 1.8540073 2.3116424 2.1588686 18 3 3
0.1561799 1.8541284 2.3280493 2.1672258 18 4 3
0.3810218 1.8542031 2.3445486 2.1755896 18 5 3
0.6076038 1.8542699 2.3611694 2.1840074 18 6 3
0.8359458 1.8543369 2.3779191 2.1924903 18 7 3
-0.6630950 1.8591671 2.0144001 2.0135713 18 0 4
-0.4572061 1.8593052 2.0286295 2.0208471 18 1 4
-0.2498239 1.8594445 2.0429622 2.0281758 18 2 4
-0.0409268 1.8595408 2.0573739 2.0355072 18 3 4
0.1694860 1.8596302 2.0718857 2.0428829 18 4 4
0.3814287 1.8597155 2.0865003 2.0503068 18 5 4
0.5949174 1.8598014 2.1012214 2.0577848 18 6 4
0.8099692 1.8598882 2.1160505 2.0653179 18 7 4
-0.6068657 1.8641097 1.7922478 1.9058824 18 0 5
-0.4118177 1.8642093 1.8049333 1.9123476 18 1 5
-0.2154422 1.8643114 1.8177058 1.9188588 18 2 5
-0.0177249 1.8644143 1.8305657 1.9254146 18 3 5
0.1813481 1.8645153 1.8435127 1.9320126 18 4 5
0.3817895 1.8646127 1.8565466 1.9386511 18 5 5
0.5836132 1.8647109 1.8696705 1.9453356 18 6 5
0.7868407 1.8648306 1.8828951 1.9520893 18 7 5
-0.5563064 1.8684549 1.5926217 1.8090299 18 0 6
-0.3710399 1.8685651 1.6040182 1.8148555 18 1 6
-0.1845763 1.8686760 1.6154885 1.8207186 18 2 6
0.0030960 1.8687878 1.6270331 1.8266201 18 3 6
0.1919888 1.8688976 1.6386519 1.8325570 18 4 6
0.3821137 1.8690095 1.6503470 1.8385341 18 5 6
0.5734893 1.8691508 1.6621285 1.8445801 18 6 6
0.7661251 1.8692849 1.6739850 1.8506575 18 7 6
-0.5106415 1.8723910 1.4123057 1.7215559 18 0 7
-0.3342207 1.8725072 1.4225969 1.7268302 18 1 7
-0.1567156 1.8726240 1.4329513 1.7321368 18 2 7
0.0218839 1.8727418 1.4433696 1.7374763 18 3 7
0.2015881 1.8728735 1.4538553 1.7428619 18 4 7
0.3824106 1.8730128 1.4644079 1.7482876 18 5 7
0.5643638 1.8731592 1.4750279 1.7537532 18 6 7
0.7474560 1.8732994 1.4857128 1.7592461 18 7 7
0.5908078 -0.0454363 1.5041506 0.4061730 19 0 0
0.5849829 -0.0046633 1.5040615 0.4094892 19 1 0
0.5790618 0.0367809 1.5039707 0.4128596 19 2 0
0.5730425 0.0789131 1.5038783 0.4162860 19 3 0
0.5669223 0.1217505 1.5037844 0.4197697 19 4 0
0.5606989 0.1653108 1.5036888 0.4233122 19 5 0
0.5543662 0.2096106 1.5035875 0.4269097 19 6 0
0.5725770 0.2742290 1.5343615 0.4697196 19 7 0
0.5704257 -0.0587120 1.5419670 0.4339533 19 0 1
0.5713222 -0.0166349 1.5518182 0.4488684 19 1 1
1.4390194 -0.0041959 2.7312108 1.8284044 19 2 1
1.4105457 0.1820868 2.7308232 1.8430057 19 3 1
1.3816123 0.3713684 2.7304274 1.8578397 19 4 1
1.3522094 0.5637217 2.7300253 1.8729146 19 5 1
1.3223254 0.7592221 2.7296166 1.8882360 19 6 1
1.2919477 0.9579469 2.7292001 1.9038090 19 7 1
1.2834307 -0.3832074 2.7336767 1.7350922 19 0 2
1.2552453 -0.2093753 2.7333321 1.7482406 19 1 2
1.2266294 -0.0328885 2.7329821 1.7615896 19 2 2
1.1975703 0.1463139 2.7326218 1.7751386 19 3 2
1.1680600 0.3282941 2.7322547 1.7888962 19 4 2
1.1380888 0.5131171 2.7318820 1.8028688 19 5 2
1.1076456 0.7008500 2.7315032 1.8170613 19 6 2
1.0767193 0.8915621 2.7311185 1.8314791 19 7 2
1.0869077 -0.3973180 2.7352726 1.6748080 19 0 3
1.0582717 -0.2296729 2.7349518 1.6870555 19 1 3
1.0292141 -0.0595578 2.7346269 1.6994841 19 2 3
0.9997224 0.1130820 2.7342912 1.7120907 19 3 3
0.9697900 0.2883023 2.7339506 1.7248859 19 4 3
0.9394067 0.4661612 2.7336047 1.7378736 19 5 3
0.9085621 0.6467185 2.7332528 1.7510574 19 6 3
0.8772460 0.8300364 2.7328957 1.7644430 19 7 3
0.9035822 -0.4104810 2.7367613 1.6185722 19 0 4
0.8746192 -0.2485977 2.7364619 1.6300083 19 1 4
0.8452440 -0.0844106 2.7361582 1.6416070 19 2 4
0.8154466 0.0821297 2.7358465 1.6533682 19 3 4
0.7852185 0.2510735 2.7355287 1.6652975 19 4 4
0.7545511 0.4224728 2.7352064 1.6774002 19 5 4
0.7234349 0.5963819 2.7348797 1.6896806 19 6 4
0.6918593 0.7728556 2.7345471 1.7021408 19 7 4
0.7321680 -0.4227888 2.7381534 1.5659904 19 0 5
0.7029808 -0.2662846 2.7378732 1.5766929 19 1 5
0.6733919 -0.1076265 2.7375891 1.5875428 19 2 5
0.6433924 0.0532303 2.7372985 1.5985403 19 3 5
0.6129738 0.2163310 2.7370015 1.6096889 19 4 5
0.5821280 0.3817227 2.7367004 1.6209941 19 5 5
0.5508458 0.5494539 2.7363950 1.6324592 19 6 5
0.5191180 0.7195748 2.7360853 1.6440877 19 7 5
0.5715405 -0.4343219 2.7394573 1.5167170 19 0 6
0.5422148 -0.2828510 2.7391951 1.5267549 19 1 6
0.5124984 -0.1293619 2.7389291 1.5369263 19 2 6
0.4823830 0.0261860 2.7386574 1.5472320 19 3 6
0.4518608 0.1838338 2.7383792 1.5576741 19 4 6
0.4209237 0.3436240 2.7380972 1.5682580 19 5 6
0.3895634 0.5056005 2.7378114 1.5789869 19 6 6
0.3577710 0.6698084 2.7375216 1.5898634 19 7 6
0.4207129 -0.4451513 2.7406817 1.4704497 19 0 7
0.3913200 -0.2984003 2.7404355 1.4798827 19 1 7
0.3615475 -0.1497542 2.7401859 1.4894373 19 2 7
0.3313881 0.0008238 2.7399317 1.4991149 19 3 7
0.3008341 0.1533711 2.7396705 1.5089155 19 4 7
0.2698779 0.3079263 2.7394069 1.5188462 19 5 7
0.2385117 0.4645292 2.7391393 1.5289078 19 6 7
0.2067270 0.6232207 2.7388681 1.5391036 19 7 7
0.5903647 -0.3308305 0.9571556 0.3433247 20 0 0
0.6965015 -0.4177242 0.9806102 0.4718289 20 1 0
0.6911295 -0.4175357 1.0284431 0.4767730 20 2 0
0.6856438 -0.4173434 1.0772890 0.4818219 20 3 0
0.6800410 -0.4171472 1.1271806 0.4869792 20 4 0
0.6743175 -0.4169471 1.1781520 0.4922488 20 5 0
0.6684691 -0.4167430 1.2302388 0.4976342 20 6 0
0.6624945 -0.4165372 1.2834801 0.5031429 20 7 0
0.5941267 -0.3800516 0.9435841 0.3858878 20 0 1
0.6307004 -0.4190617 0.9769037 0.4420884 20 1 1
0.6211043 -0.4151388 1.0216608 0.4413373 20 2 1
0.6067546 -0.4065634 1.0656266 0.4342076 20 3 1
0.6057147 -0.4110074 1.1117433 0.4449210 20 4 1
0.5998476 -0.4108564 1.1581556 0.4494444 20 5 1
0.5938355 -0.4106771 1.2055070 0.4540252 20 6 1
0.5877142 -0.4105094 1.2538445 0.4587221 20 7 1
0.5784667 -0.4203801 0.9323549 0.4121074 20 0 2
0.5727029 -0.4202410 0.9736368 0.4158753 20 1 2
0.5845527 -0.4406273 1.0152817 0.4457404 20 2 2
0.5915822 -0.4562985 1.0625051 0.4701515 20 3 2
0.5928838 -0.4658790 1.1132873 0.4871689 20 4 2
1.7085074 -1.8533421 1.6864816 2.3036971 20 5 2
1.6747574 -1.8525441 1.9283127 2.3257914 20 6 2
1.6403156 -1.8516814 2.1747953 2.3482478 20 7 2
0.6053719 -0.5271779 0.9030180 0.5131126 20 0 3
0.6071694 -0.5402367 0.9523406 0.5331645 20 1 3
0.6184012 -0.5675323 1.0052096 0.5705578 20 2 3
0.6205118 -0.5832003 1.0646969 0.5946440 20 3 3
1.4649532 -1.8600001 1.3939008 2.1508932 20 4 3
1.4312814 -1.8593139 1.6169291 2.1701398 20 5 3
1.3969991 -1.8586114 1.8439830 2.1897292 20 6 3
1.3620932 -1.8578977 2.0751744 2.2096775 20 7 3
0.6238674 -0.6602029 0.8663886 0.6319889 20 0 4
0.6264504 -0.6819520 0.9260669 0.6616333 20 1 4
0.6293623 -0.7059741 0.9916128 0.6943443 20 2 4
0.6325485 -0.7324427 1.0639735 0.7303985 20 3 4
1.2183520 -1.8652379 1.3446099 2.0340192 20 4 4
1.1844334 -1.8646215 1.5549964 2.0512087 20 5 4
1.1499421 -1.8640056 1.7689738 2.0687041 20 6 4
1.1148633 -1.8633918 1.9866397 2.0865154 20 7 4
1.1276772 -1.8720831 0.5346519 1.8697934 20 0 5
1.0958230 -1.8715887 0.7216289 1.8843291 20 1 5
1.0634587 -1.8710614 0.9115372 1.8990657 20 2 5
1.0305766 -1.8705076 1.1044386 1.9140152 20 3 5
0.9971727 -1.8699451 1.3004011 1.9292020 20 4 5
0.9632411 -1.8693912 1.4995029 1.9446509 20 5 5
0.9287643 -1.8688352 1.7018219 1.9603567 20 6 5
0.8937298 -1.8682813 1.9074411 1.9763308 20 7 5
0.9278133 -1.8760852 0.5323767 1.7808312 20 0 6
0.8960075 -1.8756464 0.7103744 1.7940140 20 1 6
0.8637187 -1.8751746 0.8910291 1.8073667 20 2 6
0.8309450 -1.8746939 1.0743930 1.8209178 20 3 6
0.7976717 -1.8741904 1.2605253 1.8346577 20 4 6
0.7638956 -1.8736910 1.4494907 1.8486186 20 5 6
0.7296044 -1.8731950 1.6413578 1.8628052 20 6 6
0.6947827 -1.8726916 1.8361927 1.8772116 20 7 6
0.7461043 -1.8797241 0.5303080 1.6999502 20 0 7
0.7144700 -1.8793329 0.7001495 1.7119604 20 1 7
0.6823796 -1.8789091 0.8724102 1.7241156 20 2 7
0.6498302 -1.8784792 1.0471345 1.7364446 20 3 7
0.6168112 -1.8780393 1.2243753 1.7489474 20 4 7
0.5833121 -1.8775859 1.4041854 1.7616246 20 5 7
0.5493262 -1.8771422 1.5866264 1.7745030 20 6 7
0.5148397 -1.8766917 1.7717544 1.7875710 20 7 7
0.8071189 -0.3472263 1.4911595 0.6223002 21 0 0
0.7559016 -0.2740984 1.4927355 0.5809716 21 1 0
0.6057967 -0.1656216 1.4041869 0.4128411 21 2 0
0.6039408 -0.1318450 1.4316433 0.4251676 21 3 0
0.6054521 -0.0967323 1.4644043 0.4429398 21 4 0
0.6047899 -0.0583327 1.4973938 0.4590397 21 5 0
0.5764297 -0.0178370 1.4982692 0.4361565 21 6 0
0.5703735 0.0220540 1.5259581 0.4451457 21 7 0
0.7320827 -0.3595529 1.4920511 0.5989079 21 0 1
0.6064423 -0.2366187 1.4204347 0.4500269 21 1 1
0.6080347 -0.2039436 1.4545768 0.4698139 21 2 1
0.6134646 -0.1698324 1.4959457 0.4968624 21 3 1
0.5824267 -0.1201876 1.4969667 0.4701619 21 4 1
0.5733582 -0.0789249 1.5232421 0.4763520 21 5 1
1.3453213 -0.0638253 2.7112259 1.7939595 21 6 1
1.2488172 0.0905361 2.7144047 1.7109438 21 7 1
0.6111996 -0.3252265 1.4437181 0.5005314 21 0 2
0.6236996 -0.3013581 1.4942403 0.5414814 21 1 2
0.5894369 -0.2398469 1.4954429 0.5099168 21 2 2
0.5589519 -0.1851139 1.4965173 0.4818349 21 3 2
1.3548891 -0.4895399 2.7060321 1.9298314 21 4 2
1.2509637 -0.3029492 2.7096970 1.8340998 21 5 2
1.1568617 -0.1339958 2.7130156 1.7474171 21 6 2
1.0712532 0.0197084 2.7160349 1.6685584 21 7 2
0.5977437 -0.3816127 1.4936393 0.5570183 21 0 3
0.5641124 -0.3136396 1.4949128 0.5236754 21 1 3
1.3660249 -0.9850247 2.6999869 2.0879712 21 2 3
1.2534434 -0.7574757 2.7042595 1.9763613 21 3 3
1.1522870 -0.5530190 2.7080983 1.8760777 21 4 3
1.0609005 -0.3683092 2.7115665 1.7854798 21 5 3
0.9779336 -0.2006173 2.7147149 1.7032287 21 6 3
0.9022742 -0.0476950 2.7175861 1.6282221 21 7 3
1.3791346 -1.5689431 2.6928426 2.2743130 21 0 4
1.2563245 -1.2884216 2.6978824 2.1425133 21 1 4
1.1469679 -1.0386312 2.7023683 2.0251505 21 2 4
1.0489785 -0.8147947 2.7064063 1.9199997 21 3 4
0.9606655 -0.6130576 2.7100525 1.8252372 21 4 4
0.8806537 -0.4302934 2.7133391 1.7393706 21 5 4
0.8078318 -0.2639525 2.7163304 1.6612201 21 6 4
0.7412723 -0.1119164 2.7190644 1.5897902 21 7 4
1.1407457 -1.6081061 2.6956767 2.1999977 21 0 5
1.0351121 -1.3340364 2.7004018 2.0764365 21 1 5
0.9407131 -1.0891153 2.7046241 1.9660164 21 2 5
0.8558511 -0.8689336 2.7084314 1.8667605 21 3 5
0.7791475 -0.6699175 2.7118774 1.7770503 21 4 5
0.7094780 -0.4891523 2.7150074 1.6955669 21 5 5
0.6459188 -0.3242387 2.7178680 1.6212337 21 6 5
0.5876956 -0.1731760 2.7204743 1.5531306 21 7 5
0.9174380 -1.6447778 2.6983190 2.1303685 21 0 6
0.8271362 -1.3769218 2.7027704 2.0143135 21 1 6
0.7461614 -1.1367337 2.7067504 1.9102360 21 2 6
0.6731451 -0.9201512 2.7103472 1.8163942 21 3 6
0.6069685 -0.7238551 2.7136149 1.7313492 21 4 6
0.5467116 -0.5451184 2.7165902 1.6539117 21 5 6
0.4916142 -0.3816858 2.7193110 1.5831048 21 6 6
0.4410407 -0.2316724 2.7218082 1.5181117 21 7 6
0.7078304 -1.6791938 2.7007936 2.0650043 21 0 7
0.6312402 -1.4173036 2.7049877 1.9557828 21 1 7
0.5623448 -1.1817248 2.7087596 1.8575337 21 2 7
0.5000391 -0.9686775 2.7121622 1.7686741 21 3 7
0.4434235 -0.7750880 2.7152651 1.6879396 21 4 7
0.3917509 -0.5984006 2.7180972 1.6142541 21 5 7
0.3444010 -0.4364942 2.7206924 1.5467329 21 6 7
0.3008532 -0.2875884 2.7230790 1.4846332 21 7 7
0.5217684 -0.3147693 0.7132708 0.3673722 22 0 0
0.5627668 -0.3714716 0.7121171 0.4296787 22 1 0
0.5892053 -0.4198182 0.7319806 0.4726569 22 2 0
0.5946356 -0.4498774 0.7712695 0.4862664 22 3 0
0.6068639 -0.4891983 0.8101222 0.5101737 22 4 0
0.6076204 -0.5168964 0.8567195 0.5176550 22 5 0
0.6083575 -0.5453639 0.9047102 0.5252960 22 6 0
0.6091330 -0.5747072 0.9541387 0.5331908 22 7 0
0.5684815 -0.4101456 0.6135605 0.5019127 22 0 1
0.5428139 -0.4071211 0.6817746 0.4666710 22 1 1
0.5567711 -0.4484496 0.7108760 0.4964516 22 2 1
0.6247981 -0.5632670 0.7082360 0.6184272 22 3 1
0.6163312 -0.5847600 0.7682527 0.6128194 22 4 1
0.6268732 -0.6338723 0.8200853 0.6401011 22 5 1
0.6279384 -0.6710199 0.8790083 0.6514688 22 6 1
0.6290422 -0.7095109 0.9400620 0.6632477 22 7 1
0.5882020 -0.5114526 0.5091412 0.6356885 22 0 2
0.5894365 -0.5473759 0.5611349 0.6485828 22 1 2
0.5539520 -0.5296662 0.6533304 0.5886846 22 2 2
0.5485852 -0.5537808 0.7091642 0.5878291 22 3 2
0.6402677 -0.7451916 0.6986778 0.7871871 22 4 2
0.6418953 -0.7935377 0.7687658 0.8044886 22 5 2
1.1687083 -1.8768488 0.6826420 1.9449450 22 6 2
1.1147470 -1.8799644 0.8698207 1.8630576 22 7 2
0.8262675 -1.0227064 -0.0247293 1.3531103 22 0 3
0.9002848 -1.2320784 -0.0286510 1.5608481 22 1 3
1.0009526 -1.5170156 -0.0337295 1.8434474 22 2 3
1.1173917 -1.8683222 -0.0086701 2.1780968 22 3 3
1.0596611 -1.8721681 0.2323361 2.0758858 22 4 3
1.0071307 -1.8757287 0.4517200 1.9829036 22 5 3
0.9591053 -1.8789862 0.6522930 1.8978963 22 6 3
0.9150158 -1.8819415 0.8363782 1.8198431 22 7 3
0.6809102 -1.0291803 -0.0240894 1.3168819 22 0 4
0.7309532 -1.2329109 -0.0276534 1.5126215 22 1 4
0.7984896 -1.5078309 -0.0324975 1.7767730 22 2 4
0.8847421 -1.8709815 -0.0239087 2.1193128 22 3 4
0.8391358 -1.8746102 0.2115857 2.0224257 22 4 4
0.7975193 -1.8779289 0.4264873 1.9340177 22 5 4
0.7594015 -1.8810152 0.6233790 1.8530624 22 6 4
0.7243404 -1.8838291 0.8044519 1.7785881 22 7 4
0.5431282 -1.0352989 -0.0234646 1.2825190 22 0 5
0.5718288 -1.2339018 -0.0268947 1.4675524 22 1 5
0.6101338 -1.4991787 -0.0312753 1.7146212 22 2 5
0.6640639 -1.8723712 -0.0377157 2.0623133 22 3 5
0.6296830 -1.8769261 0.1918787 1.9716460 22 4 5
0.5980014 -1.8800595 0.4024576 1.8875223 22 5 5
0.5689156 -1.8829528 0.5957991 1.8103001 22 6 5
0.5421184 -1.8856332 0.7739410 1.7391622 22 7 5
0.4123542 -1.0411073 -0.0228727 1.2499051 22 0 6
0.4218999 -1.2347479 -0.0261049 1.4249827 22 1 6
0.4345383 -1.4913370 -0.0302946 1.6569369 22 2 6
0.4521093 -1.8478647 -0.0362063 1.9792707 22 3 6
0.4304905 -1.8791287 0.1731371 1.9233539 22 4 6
0.4078520 -1.8820968 0.3795540 1.8432171 22 5 6
0.3870245 -1.8848274 0.5694581 1.7694910 22 6 6
0.3677998 -1.8873591 0.7447534 1.7014464 22 7 6
0.2880693 -1.0467245 -0.0224092 1.2190319 22 0 7
0.2804240 -1.2355518 -0.0253642 1.3848196 22 1 7
0.2703728 -1.4839517 -0.0293396 1.6029454 22 2 7
0.2565634 -1.8252398 -0.0348049 1.9026400 22 3 7
0.2408227 -1.8812131 0.1552974 1.8773575 22 4 7
0.2264248 -1.8840270 0.3577055 1.8009304 22 5 7
0.2131533 -1.8866206 0.5442783 1.7304823 22 6 7
0.2008811 -1.8890189 0.7168040 1.6653383 22 7 7
1.0884057 -1.9505836 0.4111090 1.8300821 23 0 0
1.0543273 -1.9506626 0.5969837 1.8318460 23 1 0
1.0201832 -1.9507418 0.7832170 1.8336133 23 2 0
0.9859730 -1.9508208 0.9698101 1.8353838 23 3 0
0.9516964 -1.9508995 1.1567638 1.8371571 23 4 0
0.9173536 -1.9509783 1.3440791 1.8389339 23 5 0
0.8829444 -1.9510576 1.5317571 1.8407145 23 6 0
0.8484683 -1.9511366 1.7197988 1.8424981 23 7 0
0.9029231 -1.9509658 0.3754940 1.8321860 23 0 1
0.8686265 -1.9510453 0.5615482 1.8339540 23 1 1
0.8342636 -1.9511249 0.7479618 1.8357253 23 2 1
0.7998343 -1.9512044 0.9347359 1.8374999 23 3 1
0.7653383 -1.9512840 1.1218715 1.8392779 23 4 1
0.7307754 -1.9513635 1.3093695 1.8410590 23 5 1
0.6961455 -1.9514430 1.4972309 1.8428434 23 6 1
0.6614483 -1.9515227 1.6854569 1.8446313 23 7 1
0.7170134 -1.9513485 0.3397972 1.8342943 23 0 2
0.6824978 -1.9514287 0.5260311 1.8360667 23 1 2
0.6479153 -1.9515088 0.7126253 1.8378422 23 2 2
0.6132659 -1.9515888 0.8995808 1.8396208 23 3 2
0.5785493 -1.9516690 1.0868985 1.8414030 23 4 2
0.5437654 -1.9517492 1.2745795 1.8431885 23 5 2
0.5089139 -1.9518295 1.4626248 1.8449774 23 6 2
0.4739947 -1.9519095 1.6510353 1.8467693 23 7 2
0.5306753 -1.9517320 0.3040181 1.8364075 23 0 3
0.4959397 -1.9518131 0.4904321 1.8381844 23 1 3
0.4611368 -1.9518938 0.6772072 1.8399642 23 2 3
0.4262663 -1.9519744 0.8643444 1.8417470 23 3 3
0.3913282 -1.9520550 1.0518447 1.8435333 23 4 3
0.3563223 -1.9521359 1.2397090 1.8453231 23 5 3
0.3212483 -1.9522168 1.4279384 1.8471162 23 6 3
0.2861061 -1.9522974 1.6165338 1.8489125 23 7 3
0.3439075 -1.9521165 0.2681564 1.8385257 23 0 4
0.3089508 -1.9521982 0.4547508 1.8403068 23 1 4
0.2739264 -1.9522801 0.6417071 1.8420913 23 2 4
0.2388340 -1.9523609 0.8290265 1.8438781 23 3 4
0.2036734 -1.9524419 1.0167096 1.8456684 23 4 4
0.1684445 -1.9525233 1.2047576 1.8474624 23 5 4
0.1331471 -1.9526047 1.3931714 1.8492599 23 6 4
0.0977809 -1.9526862 1.5819522 1.8510606 23 7 4
0.1567082 -1.9525026 0.2322116 1.8406495 23 0 5
0.1215296 -1.9525845 0.4189870 1.8424344 23 1 5
0.0862827 -1.9526668 0.6061250 1.8442230 23 2 5
0.0509674 -1.9527482 0.7936268 1.8460140 23 3 5
0.0155835 -1.9528299 0.9814931 1.8478087 23 4 5
-0.0198694 -1.9529116 1.1697250 1.8496068 23 5 5
-0.0553913 -1.9529937 1.3583237 1.8514085 23 6 5
-0.0909825 -1.9530758 1.5472901 1.8532137 23 7 5
-0.0309240 -1.9528895 0.1961838 1.8427780 23 0 6
-0.0663255 -1.9529721 0.3831403 1.8445673 23 1 6
-0.1017958 -1.9530545 0.5704604 1.8463597 23 2 6
-0.1373350 -1.9531369 0.7581448 1.8481555 23 3 6
-0.1729433 -1.9532188 0.9461948 1.8499540 23 4 6
-0.2086210 -1.9533011 1.1346111 1.8517563 23 5 6
-0.2443683 -1.9533835 1.3233949 1.8535621 23 6 6
-0.2801854 -1.9534661 1.5125472 1.8553715 23 7 6
-0.2189909 -1.9532781 0.1600721 1.8449123 23 0 7
-0.2546160 -1.9533604 0.3472106 1.8467050 23 1 7
-0.2903107 -1.9534434 0.5347129 1.8485017 23 2 7
-0.3260748 -1.9535264 0.7225805 1.8503017 23 3 7
-0.3619084 -1.9536088 0.9108144 1.8521045 23 4 7
-0.3978118 -1.9536913 1.0994154 1.8539108 23 5 7
-0.4337854 -1.9537742 1.2883847 1.8557208 23 6 7
-0.4698294 -1.9538574 1.4777234 1.8575344 23 7 7
-0.8298449 2.0918322 1.9530169 2.0996926 24 0 0
-0.7822885 2.0906698 1.7337040 2.0803626 24 1 0
-0.7355928 2.0895174 1.5183900 2.0613730 24 2 0
-0.6896748 2.0882747 1.3069614 2.0426073 24 3 0
-0.6445852 2.0870542 1.0993476 2.0241799 24 4 0
-0.6003020 2.0858560 0.8954462 2.0060825 24 5 0
-0.5568050 2.0846814 0.6951579 1.9883084 24 6 0
-0.5140715 2.0835264 0.4983879 1.9708455 24 7 0
-1.1112018 2.1067618 2.0021876 2.3263512 24 0 1
-1.0556915 2.1053160 1.7589381 2.3026376 24 1 1
-1.0013018 2.1038996 1.5205977 2.2794030 24 2 1
-0.9478992 2.1023759 1.2870087 2.2564723 24 3 1
-0.8955756 2.1009042 1.0580717 2.2340238 24 4 1
-0.8442714 2.0994446 0.8336477 2.2119980 24 5 1
-0.7939713 2.0980171 0.6136048 2.1904063 24 6 1
-0.7446434 2.0966168 0.3978163 2.1692317 24 7 1
-1.4606820 2.1253335 2.0632726 2.6079051 24 0 2
-1.3945164 2.1234765 1.7902130 2.5781059 24 1 2
-1.3298630 2.1216800 1.5233269 2.5490046 24 2 2
-1.2665027 2.1197553 1.2623878 2.5203328 24 3 2
-1.2045834 2.1179101 1.0072512 2.4923463 24 4 2
-1.1440236 2.1161047 0.7577187 2.4649737 24 5 2
-1.0847796 2.1143385 0.5136078 2.4381957 24 6 2
-1.0268111 2.1126132 0.2747423 2.4119968 24 7 2
-1.8187869 2.0763843 2.1039704 2.8568745 24 0 3
-1.8254556 2.1465981 1.8299967 2.9284782 24 1 3
-1.7465731 2.1442309 1.5267882 2.8909371 24 2 3
-1.6695138 2.1417642 1.2312477 2.8541129 24 3 3
-1.5944093 2.1393751 0.9431400 2.8182375 24 4 3
-1.5211935 2.1370690 0.6621794 2.7832868 24 5 3
-1.4497709 2.1348189 0.3881024 2.7491915 24 6 3
-1.3448953 2.0954033 0.1401835 2.6638319 24 7 3
-1.8273067 1.7304164 1.9938855 2.6622791 24 0 4
-1.8249637 1.7815700 1.7341567 2.7139411 24 1 4
-1.8225562 1.8347686 1.4641524 2.7676821 24 2 4
-1.8200063 1.8900828 1.1832379 2.8235383 24 3 4
-1.8172464 1.9475947 0.8907628 2.8815625 24 4 4
-1.8144304 2.0075676 0.5860001 2.9420989 24 5 4
-1.8116344 2.0702313 0.2681035 3.0054202 24 6 4
-1.4346429 1.8143659 0.1349835 2.5638044 24 7 4
-1.8347459 1.4285771 1.8978430 2.4925094 24 0 5
-1.8326664 1.4709194 1.6532293 2.5377104 24 1 5
-1.8305674 1.5148590 1.3995862 2.5846460 24 2 5
-1.8284301 1.5604790 1.1363839 2.6333976 24 3 5
-1.8260212 1.6077355 0.8630846 2.6838007 24 4 5
-1.8234714 1.6568060 0.5791308 2.7361145 24 5 5
-1.8210282 1.7079662 0.2838088 2.7907634 24 6 5
-1.5181911 1.5538755 0.1300082 2.4713888 24 7 5
-1.8412932 1.1629259 1.8133152 2.3430936 24 0 6
-1.8394303 1.1981534 1.5821712 2.3829720 24 1 6
-1.8375847 1.2346380 1.3430303 2.4243178 24 2 6
-1.8356810 1.2724144 1.0954442 2.4671314 24 3 6
-1.8336688 1.3115293 0.8389615 2.5114403 24 4 6
-1.8314674 1.3520163 0.5731262 2.5572405 24 5 6
-1.8291702 1.3940001 0.2974200 2.6047263 24 6 6
-1.5955018 1.3112797 0.1255886 2.3849108 24 7 6
-1.8470765 0.9273154 1.7383424 2.2105560 24 0 7
-1.8454248 0.9567426 1.5192820 2.2460275 24 1 7
-1.8437908 0.9871543 1.2930815 2.2827270 24 2 7
-1.8421019 1.0185761 1.0593661 2.3206451 24 3 7
-1.8403525 1.0510582 0.8177557 2.3598406 24 4 7
-1.8384205 1.0846086 0.5678739 2.4002547 24 5 7
-1.8364236 1.1193292 0.3092832 2.4420798 24 6 7
-1.6683484 1.0854090 0.1211019 2.3051093 24 7 7
-1.8812644 1.9446199 2.4084695 2.7241993 25 0 0
-1.8802616 2.0365843 2.1518009 2.7679834 25 1 0
-1.9052497 2.1539798 1.8952203 2.8453054 25 2 0
-1.7866693 2.1468585 1.5940819 2.7451112 25 3 0
-1.6760617 2.1401319 1.3134230 2.6516128 25 4 0
-1.5727766 2.1338844 1.0512511 2.5643206 25 5 0
-1.4761883 2.1281534 0.8057702 2.4827423 25 6 0
-1.3854496 2.1226593 0.5754605 2.4060512 25 7 0
-1.8835373 1.6285919 2.2886613 2.6141367 25 0 1
-1.8826359 1.7119296 2.0406858 2.6544576 25 1 1
-1.8816997 1.7978737 1.7849389 2.6960340 25 2 1
-1.8807149 1.8865388 1.5210501 2.7389109 25 3 1
-1.8796786 1.9780540 1.2486310 2.7831497 25 4 1
-1.8786312 2.0725932 0.9672655 2.8288696 25 5 1
-1.8594709 2.1543923 0.6802134 2.8532968 25 6 1
-1.7421237 2.1471799 0.4211811 2.7524693 25 7 1
-1.8856524 1.3371181 2.1781665 2.5126429 25 0 2
-1.8848253 1.4128577 1.9383268 2.5498796 25 1 2
-1.8839687 1.4908733 1.6912702 2.5882313 25 2 2
-1.8830468 1.5712475 1.4366634 2.6277094 25 3 2
-1.8820745 1.6540973 1.1741690 2.6683848 25 4 2
-1.8811086 1.7395778 0.9034165 2.7103832 25 5 2
-1.8801359 1.8278098 0.6239992 2.7537539 25 6 2
-1.8791131 1.9188971 0.3355008 2.7985125 25 7 2
-1.8876140 1.0674331 2.0759329 2.4187403 25 0 3
-1.8868490 1.1364578 1.8437275 2.4532297 25 1 3
-1.8860636 1.2074803 1.6048044 2.4887187 25 2 3
-1.8851971 1.2805596 1.3588618 2.5251856 25 3 3
-1.8842970 1.3558082 1.1056046 2.5627282 25 4 3
-1.8833880 1.4333382 0.8447008 2.6014247 25 5 3
-1.8824919 1.5132695 0.5757870 2.6413550 25 6 3
-1.8815599 1.5956879 0.2984921 2.6825209 25 7 3
-1.8894326 0.8171788 1.9810648 2.3316019 25 0 4
-1.8887193 0.8802442 1.7560361 2.3636332 25 1 4
-1.8879806 0.9450646 1.5247375 2.3965511 25 2 4
-1.8871670 1.0116960 1.2869020 2.4303415 25 3 4
-1.8863359 1.0802356 1.0422636 2.4651046 25 4 4
-1.8854947 1.1507704 0.7905230 2.5008919 25 5 4
-1.8846647 1.2234000 0.5313557 2.5377736 25 6 4
-1.8838120 1.2982049 0.2644291 2.5757618 25 7 4
-1.8911375 0.5843314 1.8927986 2.2505362 25 0 5
-1.8904588 0.6420862 1.6745246 2.2803516 25 1 5
-1.8897513 0.7013893 1.4503880 2.3109570 25 2 5
-1.8889878 0.7622963 1.2201519 2.3423574 25 3 5
-1.8882123 0.8248840 0.9835723 2.3746324 25 4 5
-1.8874246 0.8892235 0.7403804 2.4078190 25 5 5
-1.8866489 0.9553987 0.4902848 2.4419832 25 6 5
-1.8858624 1.0234831 0.2329853 2.4771433 25 7 5
-1.8927284 0.3671313 1.8104641 2.1749187 25 0 6
-1.8920806 0.4201397 1.5985617 2.2027397 25 1 6
-1.8913999 0.4745197 1.3811662 2.2312660 25 2 6
-1.8906805 0.5303234 1.1580660 2.2605205 25 3 6
-1.8899559 0.5876123 0.9290365 2.2905660 25 4 6
-1.8892237 0.6464471 0.6938345 2.3214331 25 5 6
-1.8884868 0.7068929 0.4522022 2.3531592 25 6 6
-1.8877550 0.7690205 0.2038633 2.3857911 25 7 6
-1.8942160 0.1640525 1.7334826 2.1042175 25 0 7
-1.8935950 0.2128040 1.5275994 2.1302364 25 1 7
-1.8929390 0.2627753 1.3165594 2.1568885 25 2 7
-1.8922665 0.3140129 1.1001717 2.1842160 25 3 7
-1.8915803 0.3665658 0.8782301 2.2122483 25 4 7
-1.8908984 0.4204877 0.6505128 2.2410312 25 5 7
-1.8901959 0.4758308 0.4167927 2.2705703 25 6 7
-1.8895128 0.5326585 0.1768127 2.3009369 25 7 7
0.4899504 1.9982776 1.9105273 1.6600163 26 0 0
0.5198948 1.9981553 1.7391050 1.6536399 26 1 0
0.5496101 1.9980307 1.5689937 1.6473093 26 2 0
0.5790982 1.9978909 1.4001777 1.6410120 26 3 0
0.6083613 1.9977420 1.2326470 1.6347532 26 4 0
0.6374020 1.9975946 1.0663893 1.6285423 26 5 0
0.6662231 1.9974506 0.9013898 1.6223805 26 6 0
0.6948275 1.9973140 0.7376328 1.6162710 26 7 0
0.3239502 1.9995693 1.9052665 1.7171116 26 0 1
0.3555799 1.9994375 1.7279924 1.7102897 26 1 1
0.3869592 1.9993077 1.5521216 1.7035228 26 2 1
0.4180928 1.9991551 1.3776339 1.6967863 26 3 1
0.4489814 1.9989963 1.2045205 1.6900959 26 4 1
0.4796273 1.9988389 1.0327669 1.6834581 26 5 1
0.5100335 1.9986839 0.8623570 1.6768733 26 6 1
0.5402028 1.9985422 0.6932718 1.6703514 26 7 1
0.1461237 2.0009555 1.8996319 1.7782767 26 0 2
0.1796071 2.0008130 1.7160922 1.7709609 26 1 2
0.2128161 2.0006715 1.5340565 1.7637049 26 2 2
0.2457579 2.0005081 1.3535037 1.7564852 26 3 2
0.2784321 2.0003387 1.1744229 1.7493172 26 4 2
0.3108407 2.0001701 0.9967979 1.7422068 26 5 2
0.3429870 2.0000029 0.8206109 1.7351540 26 6 2
0.3748725 1.9998555 0.6458395 1.7281761 26 7 2
-0.0448395 2.0024444 1.8935812 1.8439605 26 0 3
-0.0093101 2.0022901 1.7033168 1.8360953 26 1 3
0.0259175 2.0021373 1.5146687 1.8282971 26 2 3
0.0608544 2.0019587 1.3276135 1.8205370 26 3 3
0.0954970 2.0017769 1.1421395 1.8128376 26 4 3
0.1298479 2.0015966 0.9582277 1.8052031 26 5 3
0.1639097 2.0014226 0.7758574 1.7976375 26 6 3
0.1976827 2.0012735 0.5950020 1.7901587 26 7 3
-0.2504510 2.0040475 1.8870664 1.9146829 26 0 4
-0.2126544 2.0038804 1.6895659 1.9062043 26 1 4
-0.1751905 2.0037132 1.4938065 1.8977989 26 2 4
-0.1380445 2.0035181 1.2997635 1.8894359 26 3 4
-0.1012240 2.0033237 1.1074232 1.8811452 26 4 4
-0.0647249 2.0031299 0.9167636 1.8729259 26 5 4
-0.0285486 2.0029544 0.7277589 1.8647954 26 6 4
0.0073090 2.0028005 0.5403811 1.8567564 26 7 4
-0.4724778 2.0058043 1.8800425 1.9910754 26 0 5
-0.4321440 2.0055968 1.6747231 1.9818797 26 1 5
-0.3921915 2.0054110 1.4712951 1.9727907 26 2 5
-0.3525905 2.0052005 1.2697227 1.9637554 26 3 5
-0.3133505 2.0049917 1.0699882 1.9548022 26 4 5
-0.2744658 2.0047828 0.8720671 1.9459281 26 5 5
-0.2359452 2.0046051 0.6759270 1.9371662 26 6 5
-0.1977767 2.0044457 0.4815390 1.9285010 26 7 5
-0.7129524 2.0076993 1.8724317 2.0738080 26 0 6
-0.6697897 2.0074673 1.6586566 2.0638263 26 1 6
-0.6270477 2.0072487 1.4469315 2.0539532 26 2 6
-0.5847055 2.0070208 1.2372218 2.0441608 26 3 6
-0.5427652 2.0067950 1.0295023 2.0344615 26 4 6
-0.5012201 2.0065699 0.8237450 2.0248520 26 5 6
-0.4600892 2.0063890 0.6199096 2.0153809 26 6 6
-0.4193431 2.0062133 0.4179709 2.0060017 26 7 6
-0.9742554 2.0097323 1.8641504 2.1636820 26 0 7
-0.9279243 2.0094858 1.6412005 2.1528256 26 1 7
-0.8820686 2.0092581 1.4204792 2.1420972 26 2 7
-0.8366401 2.0089966 1.2019459 2.1314321 26 3 7
-0.7916717 2.0087513 0.9855766 2.1208887 26 4 7
-0.7471530 2.0085181 0.7713353 2.1104608 26 5 7
-0.7030952 2.0083235 0.5591783 2.1001778 26 6 7
-0.6594649 2.0081312 0.3490786 2.0899949 26 7 7
-1.4986114 2.1581626 1.3718216 2.3905230 27 0 0
-1.4888050 2.1631065 1.1340615 2.4459229 27 1 0
-1.4784236 2.1681689 0.8850324 2.5038061 27 2 0
-1.4675373 2.1734750 0.6239314 2.5644932 27 3 0
-1.4561310 2.1790673 0.3498505 2.6282246 27 4 0
-1.4043250 2.1416878 0.0841351 2.6373630 27 5 0
-1.0078808 1.7263274 0.0676318 2.1298680 27 6 0
-0.7389789 1.4445701 0.0568262 1.7855310 27 7 0
-1.8918739 2.1878263 1.4277261 2.7348437 27 0 1
-1.8910553 2.1942696 1.1562956 2.8075662 27 1 1
-1.8902033 2.2010750 0.8700343 2.8842762 27 2 1
-1.8891562 2.2081322 0.5677251 2.9651058 27 3 1
-1.8880347 2.2155839 0.2479885 3.0505779 27 4 1
-1.5485917 1.9211309 0.0849084 2.6787856 27 5 1
-1.1184665 1.5429960 0.0684216 2.1560178 27 6 1
-0.8288063 1.2883478 0.0573203 1.8039687 27 7 1
-1.8768541 1.8341189 1.4260161 2.5844030 27 0 2
-1.8749892 1.8308038 1.1698273 2.6484210 27 1 2
-1.8730074 1.8273041 0.9006261 2.7156649 27 2 2
-1.8708849 1.8235950 0.6174066 2.7863665 27 3 2
-1.8686311 1.8196746 0.3190519 2.8608255 27 4 2
-1.6961969 1.6926205 0.0863165 2.7198968 27 5 2
-1.2317379 1.3550610 0.0692711 2.1827331 27 6 2
-0.9204779 1.1288435 0.0578486 1.8227494 27 7 2
-1.8796842 1.5269463 1.4267890 2.4671869 27 0 3
-1.8779734 1.5165297 1.1825125 2.5254648 27 1 3
-1.8761775 1.5056078 0.9264168 2.5865598 27 2 3
-1.8742448 1.4941167 0.6576325 2.6506286 27 3 3
-1.8721700 1.4820166 0.3752084 2.7178998 27 4 3
-1.8480805 1.4568030 0.0879136 2.7618949 27 5 3
-1.3476977 1.1623233 0.0702321 2.2099254 27 6 3
-1.0139428 0.9659075 0.0584872 1.8417503 27 7 3
-1.8822693 1.2464287 1.4274950 2.3601427 27 0 4
-1.8806926 1.2301421 1.1940721 2.4134185 27 1 4
-1.8790433 1.2131033 0.9498677 2.4691553 27 2 4
-1.8772925 1.1952483 0.6941212 2.5275013 27 3 4
-1.8754008 1.1765044 0.4260123 2.5886080 27 4 4
-2.0052149 1.2137991 0.0893566 2.8057756 27 5 4
-1.4667029 0.9647735 0.0711517 2.2379465 27 6 4
-1.1092892 0.7995024 0.0591994 1.8610442 27 7 4
-1.8846743 0.9892531 1.4281472 2.2620354 27 0 5
-1.8832068 0.9680960 1.2046508 2.3109183 27 1 5
-1.8816867 0.9460084 0.9712806 2.3619733 27 2 5
-1.8800903 0.9229203 0.7273671 2.4153271 27 3 5
-1.8783782 0.8987517 0.4721912 2.4711018 27 4 5
-1.8765586 0.8734324 0.2049620 2.5294838 27 5 5
-1.5884461 0.7620552 0.0722590 2.2663262 27 6 5
-1.2068022 0.6296160 0.0598315 1.8809184 27 7 5
-1.8868947 0.7526068 1.4287484 2.1717658 27 0 6
-1.8855156 0.7274016 1.2143674 2.2167695 27 1 6
-1.8841074 0.7011365 0.9909120 2.2637067 27 2 6
-1.8826359 0.6737346 0.7577896 2.3126721 27 3 6
-1.8810658 0.6451140 0.5143676 2.3637681 27 4 6
-1.8794098 0.6151973 0.2599518 2.4171572 27 5 6
-1.7137636 0.5542104 0.0731783 2.2959177 27 6 6
-1.3062921 0.4560405 0.0605550 1.9010797 27 7 6
-1.8889445 0.5341231 1.4293035 2.0884242 27 0 7
-1.8876678 0.5055553 1.2233246 2.1300142 27 1 7
-1.8863350 0.4758260 1.0089752 2.1732903 27 2 7
-1.8849744 0.4448669 0.7857314 2.2183878 27 3 7
-1.8835191 0.4125917 0.5530352 2.2653601 27 4 7
-1.8820010 0.3789203 0.3102714 2.3143649 27 5 7
-1.8432000 0.3409272 0.0737555 2.3271213 27 6 7
-1.4078710 0.2786996 0.0613326 1.9216071 27 7 7
0.6402091 0.4438863 1.1156084 0.2062342 28 0 0
0.6479798 0.4440835 1.0964005 0.2139759 28 1 0
0.6563567 0.4442961 1.0756943 0.2223216 28 2 0
0.6654135 0.4445260 1.0533074 0.2313447 28 3 0
0.6752367 0.4447756 1.0290262 0.2411315 28 4 0
0.6859280 0.4450479 1.0025997 0.2517835 28 5 0
0.6976076 0.4453453 0.9737306 0.2634202 28 6 0
0.7104191 0.4456717 0.9420635 0.2761847 28 7 0
0.6198941 0.4438908 1.1108659 0.2081656 28 0 1
0.6269703 0.4440901 1.0912916 0.2160558 28 1 1
0.6346041 0.4443051 1.0701749 0.2245677 28 2 1
0.6428640 0.4445377 1.0473261 0.2337778 28 3 1
0.6518304 0.4447902 1.0225231 0.2437755 28 4 1
0.6615984 0.4450662 0.9955033 0.2546678 28 5 1
0.6722801 0.4453681 0.9659560 0.2665789 28 6 1
0.6840100 0.4456995 0.9335093 0.2796588 28 7 1
0.5981488 0.4318798 1.1058041 0.1991872 28 0 2
0.6046101 0.4359032 1.0866340 0.2104331 28 1 2
0.6124075 0.4443142 1.0645429 0.2268597 28 2 2
0.6198352 0.4445497 1.0412178 0.2362626 28 3 2
0.6279053 0.4448056 1.0158755 0.2464788 28 4 2
0.6367049 0.4450849 0.9882424 0.2576188 28 5 2
0.6463378 0.4453914 0.9579928 0.2698142 28 6 2
0.6569279 0.4457278 0.9247373 0.2832210 28 7 2
0.5781591 0.4306091 1.1011391 0.1999155 28 0 3
0.5834373 0.4307985 1.0819718 0.2076408 28 1 3
0.5891398 0.4310027 1.0612636 0.2159868 28 2 3
0.5953208 0.4312357 1.0388176 0.2250439 28 3 3
0.6025812 0.4366133 1.0123590 0.2404088 28 4 3
0.6112278 0.4451041 0.9808112 0.2606391 28 5 3
0.6197581 0.4454152 0.9498339 0.2731290 28 6 3
0.6291470 0.4457568 0.9157389 0.2868752 28 7 3
0.4434347 1.6033514 1.0682716 1.2907691 28 0 4
0.5614176 0.4441106 1.0753510 0.2225453 28 1 4
0.5667374 0.4422837 1.0533585 0.2295331 28 2 4
0.5725191 0.4363815 1.0311892 0.2328450 28 3 4
0.5784666 0.4314869 1.0078635 0.2375388 28 4 4
0.5847986 0.4317666 0.9806011 0.2485395 28 5 4
0.5917436 0.4320384 0.9507150 0.2605669 28 6 4
0.5993998 0.4323896 0.9177460 0.2738823 28 7 4
0.2369294 1.9896789 1.0195971 1.6655014 28 0 5
0.2677491 1.9912805 0.8567130 1.7311825 28 1 5
0.3011008 1.9930047 0.6804564 1.8022475 28 2 5
0.3373083 1.9948734 0.4891108 1.8793936 28 3 5
0.3767541 1.9969094 0.2806513 1.9634397 28 4 5
0.4281601 1.9064105 0.1071369 1.9486388 28 5 5
0.5645901 0.4454647 0.9328996 0.2800091 28 6 5
0.5716518 0.4375752 0.9042775 0.2840386 28 7 5
0.0648114 1.9897123 0.9794169 1.6818609 28 0 6
0.0890894 1.9913297 0.8132686 1.7488627 28 1 6
0.1153827 1.9930789 0.6333337 1.8214219 28 2 6
0.1439540 1.9949717 0.4378247 1.9002542 28 3 6
0.1751105 1.9970358 0.2246265 1.9862192 28 4 6
0.2464012 1.8197610 0.1028421 1.8712158 28 5 6
0.3328642 1.5382610 0.0888817 1.6178491 28 6 6
0.4281842 1.1424164 0.2454725 1.1920788 28 7 6
-0.1107215 1.9897466 0.9384394 1.6985452 28 0 7
-0.0932579 1.9913818 0.7689273 1.7669097 28 1 7
-0.0743297 1.9931547 0.5851975 1.8410087 28 2 7
-0.0537407 1.9950721 0.3853873 1.9215832 28 3 7
-0.0312670 1.9971651 0.1672865 2.0095334 28 4 7
0.0784924 1.7398592 0.0987932 1.7998579 28 5 7
0.1841092 1.4780289 0.0859221 1.5640814 28 6 7
0.2652317 1.2769469 0.0759403 1.3830467 28 7 7
0.6383179 0.4361789 1.4646999 0.3035918 29 0 0
0.6361516 0.4363311 1.4235236 0.2863801 29 1 0
0.6342179 0.4364673 1.3867659 0.2710155 29 2 0
0.6324812 0.4365903 1.3537520 0.2572165 29 3 0
0.6309128 0.4367012 1.3239369 0.2447543 29 4 0
0.6294892 0.4368013 1.2968773 0.2334434 29 5 0
0.6281914 0.4368925 1.2722081 0.2231317 29 6 0
0.6270033 0.4369760 1.2496262 0.2136925 29 7 0
0.6022440 0.4082723 1.4323780 0.2695310 29 0 1
0.6057614 0.4283126 1.4147611 0.2794442 29 1 1
0.6053884 0.4284714 1.3789966 0.2643206 29 2 1
0.6050498 0.4285932 1.3468914 0.2507262 29 3 1
0.6047443 0.4287036 1.3179273 0.2384623 29 4 1
0.6044675 0.4288044 1.2916648 0.2273430 29 5 1
0.6042153 0.4288962 1.2677425 0.2172144 29 6 1
0.6039847 0.4289802 1.2458607 0.2079499 29 7 1
0.5759894 0.4281054 1.4541168 0.3000161 29 0 2
0.5773107 0.4282445 1.4135538 0.2825978 29 1 2
0.5784884 0.4283868 1.3774568 0.2671136 29 2 2
0.5795437 0.4285143 1.3451100 0.2532381 29 3 2
0.5804940 0.4286199 1.3159532 0.2407227 29 4 2
0.5813560 0.4287293 1.2895479 0.2294006 29 5 2
0.5821403 0.4288268 1.2655142 0.2190935 29 6 2
0.5828572 0.4289159 1.2435474 0.2096728 29 7 2
0.4429882 1.6899534 2.8737145 2.0535753 29 0 3
0.4484418 1.9297578 2.8205650 2.2445133 29 1 3
0.4704467 1.9308938 2.5345651 2.1201758 29 2 3
0.4901417 1.9319069 2.2785863 2.0088868 29 3 3
0.5078702 1.9328840 2.0481719 1.9087703 29 4 3
0.5239157 1.9337601 1.8396305 1.8181504 29 5 3
0.5437714 1.5601396 1.5538286 1.3591051 29 6 3
0.5613265 0.4367896 1.2424371 0.2190611 29 7 3
0.2272085 1.6958881 2.8752815 2.0878530 29 0 4
0.2146770 1.9290505 2.8105071 2.2702332 29 1 4
0.2500094 1.9302399 2.5219777 2.1431124 29 2 4
0.2815948 1.9313030 2.2640471 2.0294728 29 3 4
0.3099956 1.9322836 2.0321045 1.9273053 29 4 4
0.3356705 1.9331963 1.8224049 1.8349593 29 5 4
0.3589975 1.9340256 1.6318818 1.7510581 29 6 4
0.3802851 1.9347775 1.4580190 1.6744893 29 7 4
0.0040953 1.7020451 2.8769250 2.1233239 29 0 5
-0.0245005 1.9283070 2.8001976 2.2965229 29 1 5
0.0247516 1.9295682 2.5091124 2.1665463 29 2 5
0.0687318 1.9306784 2.2492018 2.0504754 29 3 5
0.1082293 1.9317133 2.0157417 1.9462513 29 4 5
0.1439036 1.9326570 1.8048700 1.8521196 29 5 5
0.1762864 1.9335135 1.6134550 1.7666731 29 6 5
0.2058153 1.9342832 1.4389213 1.6887519 29 7 5
-0.2267299 1.7084148 2.8786252 2.1600208 29 0 6
-0.2692835 1.9275482 2.7896485 2.3234315 29 1 6
-0.2054869 1.9288817 2.4959626 2.1904984 29 2 6
-0.1485830 1.9300407 2.2340461 2.0719171 29 3 6
-0.0975394 1.9311221 1.9990496 1.9655623 29 4 6
-0.0514826 1.9321044 1.7870029 1.8696003 29 5 6
-0.0097134 1.9329944 1.5946972 1.7825713 29 6 6
0.0283426 1.9337972 1.4194976 1.7032763 29 7 6
-0.4656742 1.7150087 2.8803854 2.1980088 29 0 7
-0.5198707 1.9267714 2.7788493 2.3509781 29 1 7
-0.4408670 1.9281694 2.4825111 2.2149725 29 2 7
-0.3704880 1.9293846 2.2185671 2.0938060 29 3 7
-0.3074325 1.9305190 1.9820229 1.9852605 29 4 7
-0.2505924 1.9315414 1.7687955 1.8874145 29 5 7
-0.1990912 1.9324659 1.5755987 1.7987583 29 6 7
-0.1522067 1.9332966 1.3997362 1.7180464 29 7 7
0.6048676 -0.4339936 1.3285896 0.4376104 30 0 0
0.6057771 -0.4342943 1.3768431 0.4671709 30 1 0
0.6068444 -0.4346924 1.4321222 0.5010766 30 2 0
0.6080626 -0.4351197 1.4960273 0.5402478 30 3 0
0.5791284 -0.3732335 1.5110167 0.5014669 30 4 0
1.0770902 -1.3873078 2.7637907 2.0476325 30 5 0
0.9642456 -1.1478740 2.7652347 1.8632221 30 6 0
0.8700489 -0.9480072 2.7664455 1.7092893 30 7 0
1.1292932 -1.9701388 1.8823554 1.9712381 30 0 1
1.1195025 -1.9716452 2.0956521 2.1025951 30 1 1
1.1083100 -1.9733564 2.3393991 2.2526965 30 2 1
1.0953727 -1.9752629 2.6205726 2.4257932 30 3 1
1.0091221 -1.7712465 2.7613606 2.3531761 30 4 1
0.8880997 -1.4605226 2.7632454 2.1128535 30 5 1
0.7895063 -1.2073846 2.7647816 1.9170699 30 6 1
0.7076357 -0.9971830 2.7660599 1.7544961 30 7 1
0.9255702 -1.9702189 1.8248856 1.9444438 30 0 2
0.9025452 -1.9717193 2.0313233 2.0721495 30 1 2
0.8762752 -1.9733981 2.2667653 2.2177725 30 2 2
0.8460349 -1.9753355 2.5378040 2.3854160 30 3 2
0.7883939 -1.8699099 2.7606423 2.4397261 30 4 2
0.6866739 -1.5385556 2.7626652 2.1823673 30 5 2
0.6043663 -1.2704374 2.7643015 1.9741229 30 6 2
0.5363983 -1.0490307 2.7656533 1.8021591 30 7 2
0.7273122 -1.9703029 1.7689592 1.9183741 30 0 3
0.6917783 -1.9717712 1.9688226 2.0425522 30 1 3
0.6513257 -1.9734425 2.1963514 2.1839192 30 2 3
0.6048563 -1.9753540 2.4577114 2.3462994 30 3 3
0.5508090 -1.9761083 2.7598692 2.5328860 30 4 3
0.4715432 -1.6218978 2.7620451 2.2566104 30 5 3
0.4078687 -1.3373590 2.7637930 2.0346770 30 6 3
0.3555972 -1.1037764 2.7652276 1.8524880 30 7 3
0.5343005 -1.9703901 1.7145140 1.8929993 30 0 4
0.4869483 -1.9718386 1.9080886 2.0138059 30 1 4
0.4331404 -1.9734859 2.1280549 2.1510842 30 2 4
0.3714599 -1.9753696 2.3802019 2.3084424 30 3 4
0.3000419 -1.9775702 2.6721661 2.4906647 30 4 4
0.2412564 -1.7111465 2.7614155 2.3361325 30 5 4
0.1989302 -1.4085487 2.7632895 2.0991123 30 6 4
0.1644016 -1.1616970 2.7648180 1.9057571 30 7 4
0.3463281 -1.9704750 1.6614904 1.8682871 30 0 5
0.2878022 -1.9719323 1.8490503 1.9858859 30 1 5
0.2214141 -1.9735794 2.0618054 2.1192772 30 2 5
0.1454708 -1.9754216 2.3051753 2.2718301 30 3 5
0.0577407 -1.9775804 2.5863225 2.4480872 30 4 5
-0.0058560 -1.8069250 2.7607488 2.4214773 30 5 5
-0.0236749 -1.4843955 2.7627538 2.1677632 30 6 5
-0.0381138 -1.2230430 2.7643785 1.9621733 30 7 5
0.1631947 -1.9706042 1.6098441 1.8442553 30 0 6
0.0941000 -1.9720403 1.7916321 1.9587463 30 1 6
0.0158587 -1.9736664 1.9974848 2.0883932 30 2 6
-0.0734673 -1.9754947 2.2325038 2.2363868 30 3 6
-0.1764156 -1.9775902 2.5033645 2.4069409 30 4 6
-0.2717003 -1.9099445 2.7600126 2.5132647 30 5 6
-0.2613327 -1.5653711 2.7621820 2.2410564 30 6 6
-0.2529851 -1.2881318 2.7639120 2.0220315 30 7 6
-0.0152852 -1.9707202 1.5595074 1.8208247 30 0 7
-0.0943793 -1.9721456 1.7357622 1.9323386 30 1 7
-0.1837929 -1.9737552 1.9350138 2.0584009 30 2 7
-0.2856820 -1.9755747 2.1620697 2.2020426 30 3 7
-0.4028449 -1.9776345 2.4231713 2.3671966 30 4 7
-0.5584961 -2.0210889 2.7592240 2.6122940 30 5 7
-0.5156140 -1.6519967 2.7615533 2.3194549 30 6 7
-0.4813789 -1.3573169 2.7634165 2.0856571 30 7 7
-1.8042862 0.9218040 -0.2085026 2.3415256 31 0 0
-1.7814378 0.6781920 -0.2076812 2.3347652 31 1 0
-1.7592945 0.4360759 -0.2072168 2.3286602 31 2 0
-1.7373208 0.1952255 -0.2067885 2.3226459 31 3 0
-1.7147225 -0.0443394 -0.2059001 2.3158569 31 4 0
-1.6931372 -0.2826618 -0.2055745 2.3100772 31 5 0
-1.6710787 -0.5196289 -0.2048794 2.3036823 31 6 0
-1.6494944 -0.7554315 -0.2044157 2.2977166 31 7 0
-1.9219075 0.9448535 -0.0071566 2.4224558 31 0 1
-1.9211799 0.6989239 -0.0183147 2.4395967 31 1 1
-1.9204419 0.4494892 -0.0296318 2.4569819 31 2 1
-1.9197057 0.1964744 -0.0411175 2.4746299 31 3 1
-1.9189691 -0.0602019 -0.0527747 2.4925442 31 4 1
-1.9182256 -0.3206223 -0.0646038 2.5107238 31 5 1
-1.9174710 -0.5848694 -0.0766066 2.5291705 31 6 1
-1.9166999 -0.8530260 -0.0887844 2.5478845 31 7 1
-1.9223970 0.9242478 0.2553904 2.3808360 31 0 2
-1.9216852 0.6824295 0.2462510 2.3973908 31 1 2
-1.9209871 0.4372284 0.2369747 2.4142020 31 2 2
-1.9202727 0.1885638 0.2275697 2.4312439 31 3 2
-1.9195533 -0.0636367 0.2180291 2.4485335 31 4 2
-1.9188271 -0.3194505 0.2083505 2.4660745 31 5 2
-1.9180783 -0.5789525 0.1985369 2.4838557 31 6 2
-1.9173197 -0.8422244 0.1885804 2.5018964 31 7 2
-1.9228873 0.9043443 0.5090637 2.3406396 31 0 3
-1.9222076 0.6665047 0.5018091 2.3566551 31 1 3
-1.9215187 0.4253880 0.4944545 2.3728914 31 2 3
-1.9208202 0.1809258 0.4869979 2.3893530 31 3 3
-1.9201105 -0.0669518 0.4794376 2.4060431 31 4 3
-1.9193896 -0.3183165 0.4717712 2.4229667 31 5 3
-1.9186591 -0.5732425 0.4639960 2.4401307 31 6 3
-1.9179181 -0.8318060 0.4561099 2.4575396 31 7 3
-1.9233447 0.8850960 0.7543161 2.3017616 31 0 4
-1.9226798 0.6511041 0.7488328 2.3172481 31 1 4
-1.9220062 0.4139422 0.7432752 2.3329446 31 2 4
-1.9213210 0.1735454 0.7376422 2.3488529 31 3 4
-1.9206263 -0.0701524 0.7319319 2.3649795 31 4 4
-1.9199220 -0.3172196 0.7261426 2.3813291 31 5 4
-1.9192079 -0.5677268 0.7202727 2.3979063 31 6 4
-1.9184834 -0.8217459 0.7143206 2.4147155 31 7 4
-1.9237886 0.8664771 0.9915543 2.2641554 31 0 5
-1.9231359 0.6362098 0.9877312 2.2791367 31 1 5
-1.9224744 0.4028751 0.9838572 2.2943175 31 2 5
-1.9218042 0.1664111 0.9799312 2.3097019 31 3 5
-1.9211245 -0.0732455 0.9759523 2.3252938 31 4 5
-1.9204355 -0.3161597 0.9719193 2.3410974 31 5 5
-1.9197362 -0.5623981 0.9678311 2.3571165 31 6 5
-1.9190279 -0.8120298 0.9636866 2.3733568 31 7 5
-1.9242154 0.8484559 1.2211649 2.2277555 31 0 6
-1.9235756 0.6217973 1.2188984 2.2422571 31 1 6
-1.9229280 0.3921685 1.2166022 2.2569492 31 2 6
-1.9222719 0.1595107 1.2142757 2.2718351 31 3 6
-1.9216058 -0.0762365 1.2119182 2.2869174 31 4 6
-1.9209309 -0.3151348 1.2095292 2.3022015 31 5 6
-1.9202471 -0.5572478 1.2071081 2.3176913 31 6 6
-1.9195536 -0.8026408 1.2046542 2.3333907 31 7 6
-1.9246263 0.8310042 1.4435094 2.1925054 31 0 7
-1.9239998 0.6078433 1.4427033 2.2065506 31 1 7
-1.9233654 0.3818049 1.4418868 2.2207770 31 2 7
-1.9227305 0.1528330 1.4410608 2.2351956 31 3 7
-1.9220804 -0.0791310 1.4402231 2.2497959 31 4 7
-1.9214194 -0.3141449 1.4393740 2.2645860 31 5 7
-1.9207499 -0.5522693 1.4385138 2.2795720 31 6 7
-1.9200765 -0.7935682 1.4376427 2.2947626 31 7 7
-1.9135406 1.7767709 1.8164893 2.5441360 32 0 0
-1.9128177 1.8160993 1.5658503 2.5948739 32 1 0
-1.9120711 1.8570324 1.3050112 2.6476831 32 2 0
-1.9112682 1.8996473 1.0333357 2.7026575 32 3 0
-1.9104339 1.9440713 0.7501389 2.7599661 32 4 0
-1.9095576 1.9904155 0.4546735 2.8197508 32 5 0
-1.9473700 2.0702805 0.1299145 2.9297929 32 6 0
-1.4063156 1.6710144 0.1025424 2.3168640 32 7 0
-1.9140015 1.4849306 1.7804509 2.4759359 32 0 1
-1.9132927 1.5175145 1.5359594 2.5239487 32 1 1
-1.9125714 1.5513965 1.2817991 2.5738773 32 2 1
-1.9118196 1.5866452 1.0173804 2.6258197 32 3 1
-1.9110209 1.6233357 0.7420723 2.6798835 32 4 1
-1.9102000 1.6615764 0.4551857 2.7362337 32 5 1
-1.9781815 1.7474757 0.1274604 2.8770466 32 6 1
-1.4380916 1.4201989 0.1012122 2.2832499 32 7 1
-1.9144454 1.2083316 1.7462959 2.4113040 32 0 2
-1.9137431 1.2348181 1.5076591 2.4567981 32 1 2
-1.9130499 1.2623405 1.2598463 2.5040803 32 2 2
-1.9123296 1.2909433 1.0023079 2.5532184 32 3 2
-1.9115752 1.3206883 0.7344605 2.6043177 32 4 2
-1.9107850 1.3516457 0.4556744 2.6574984 32 5 2
-1.9099583 1.3838919 0.1652667 2.7128923 32 6 2
-1.4694082 1.1768032 0.0996775 2.2511282 32 7 2
-1.9148748 0.9458087 1.7138809 2.3499687 32 0 3
-1.9142024 0.9667857 1.4808305 2.3931608 32 1 3
-1.9135384 0.9885605 1.2390544 2.4380054 32 2 3
-1.9128438 1.0111649 0.9880445 2.4845572 32 3 3
-1.9121182 1.0346479 0.7272630 2.5329170 32 4 3
-1.9113587 1.0590612 0.4561296 2.5831912 32 5 3
-1.9105683 1.0844632 0.1740153 2.6355014 32 6 3
-1.4997710 0.9401255 0.0982306 2.2198005 32 7 3
-1.9152830 0.6963099 1.6830739 2.2916763 32 0 4
-1.9146388 0.7122883 1.4553567 2.3327374 32 1 4
-1.9140052 0.7288583 1.2193316 2.3753314 32 2 4
-1.9133371 0.7460418 0.9745277 2.4194984 32 3 4
-1.9126402 0.7638755 0.7204482 2.4653354 32 4 4
-1.9119102 0.7823962 0.4565574 2.5129361 32 5 4
-1.9111525 0.8016466 0.1822753 2.5624123 32 6 4
-1.5285918 0.7097371 0.0971950 2.1885433 32 7 4
-1.9156714 0.4588895 1.6537584 2.2362058 32 0 5
-1.9150536 0.4703256 1.4311376 2.2752900 32 1 5
-1.9144415 0.4821727 1.2005973 2.3157918 32 2 5
-1.9138056 0.4944490 0.9617008 2.3577602 32 3 5
-1.9131352 0.5071767 0.7139875 2.4012666 32 4 5
-1.9124333 0.5203819 0.4569624 2.4464021 32 5 5
-1.9117053 0.5340931 0.1900895 2.4932678 32 6 5
-1.5573543 0.4858779 0.0958041 2.1589580 32 7 5
-1.9160385 0.2326909 1.6258278 2.1833546 32 0 6
-1.9154489 0.2399940 1.4080827 2.2206044 32 1 6
-1.9148583 0.2475516 1.1827792 2.2591660 32 2 6
-1.9142469 0.2553763 0.9495125 2.2990906 32 3 6
-1.9136051 0.2634820 0.7078542 2.3404434 32 4 6
-1.9129298 0.2718842 0.4573464 2.3833008 32 5 6
-1.9122290 0.2805997 0.1974931 2.4277568 32 6 6
-1.5853625 0.2679912 0.0944436 2.1301756 32 7 6
-1.9163937 0.0169373 1.5991881 2.1329484 32 0 7
-1.9158255 0.0204744 1.3861100 2.1684856 32 1 7
-1.9152559 0.0241305 1.1658117 2.2052438 32 2 7
-1.9146663 0.0279127 0.9379160 2.2432694 32 3 7
-1.9140466 0.0318281 0.7020249 2.2826202 32 4 7
-1.9133961 0.0358836 0.4577126 2.3233676 32 5 7
-1.9127220 0.0400865 0.2045191 2.3655963 32 6 7
-1.6126265 0.0558379 0.0931226 2.1021430 32 7 7
0.5901829 -0.1436824 0.7694306 0.3314282 33 0 0
0.5902934 -0.1663096 0.7952090 0.3314925 33 1 0
0.5903035 -0.1888394 0.8211420 0.3313704 33 2 0
0.5903377 -0.2113812 0.8470245 0.3312932 33 3 0
0.5903523 -0.2338868 0.8729176 0.3311797 33 4 0
0.5903864 -0.2564050 0.8987733 0.3311024 33 5 0
0.5904205 -0.2789127 0.9246170 0.3310251 33 6 0
0.5904653 -0.3014280 0.9504410 0.3309678 33 7 0
0.5816666 -0.1730241 0.7115323 0.3900504 33 0 1
0.5975272 -0.2181313 0.7107501 0.4262582 33 1 1
0.6166314 -0.2724669 0.7098120 0.4698709 33 2 1
0.5992719 -0.2785531 0.7746931 0.4298119 33 3 1
0.5993990 -0.3079025 0.8081536 0.4298779 33 4 1
0.5994217 -0.3370734 0.8417558 0.4297046 33 5 1
0.5994312 -0.3661948 0.8753453 0.4295011 33 6 1
0.5994279 -0.3952620 0.9089144 0.4292687 33 7 1
0.5404118 -0.1753477 0.7116014 0.3864518 33 0 2
0.5523218 -0.2202145 0.7108326 0.4219652 33 1 2
0.5666417 -0.2741608 0.7099099 0.4646641 33 2 2
0.5841820 -0.3402460 0.7087879 0.5169653 33 3 2
0.5995158 -0.4086078 0.7200719 0.5625801 33 4 2
0.5879255 -0.4190780 0.7835149 0.5274717 33 5 2
0.6034569 -0.4948256 0.8024782 0.5736082 33 6 2
0.6161943 -0.5690265 0.8320208 0.6113226 33 7 2
0.6073091 -0.3940948 0.2650073 0.8499671 33 0 3
0.6075339 -0.4521109 0.3311428 0.8500986 33 1 3
0.5583200 -0.3814401 0.5690536 0.6356601 33 2 3
0.5296380 -0.3412820 0.7089081 0.5106694 33 3 3
0.5445027 -0.4231241 0.7075368 0.5745500 33 4 3
0.5636147 -0.5283572 0.7057819 0.6566828 33 5 3
0.9089018 -1.8749395 0.0278545 2.1486907 33 6 3
0.8746211 -1.8801603 0.2570151 1.9985203 33 7 3
0.5572674 -0.5413500 -0.0247250 1.1426868 33 0 4
0.5706581 -0.6750516 -0.0270077 1.2456775 33 1 4
0.5866901 -0.8351855 -0.0296681 1.3689802 33 2 4
0.6062640 -1.0306065 -0.0330240 1.5195264 33 3 4
0.6306050 -1.2739121 -0.0368533 1.7067297 33 4 4
0.6618963 -1.5862890 -0.0422516 1.9473975 33 5 4
0.6852354 -1.8761547 0.0210357 2.1253846 33 6 4
0.6667749 -1.8812385 0.2483545 1.9783425 33 7 4
0.4396615 -0.5479516 -0.0244833 1.1323826 33 0 5
0.4424248 -0.6809252 -0.0267158 1.2334352 33 1 5
0.4457302 -0.8399695 -0.0294023 1.3543105 33 2 5
0.4497465 -1.0333735 -0.0324581 1.5011615 33 3 5
0.4547461 -1.2740107 -0.0364232 1.6839831 33 4 5
0.4611301 -1.5813185 -0.0414382 1.9174252 33 5 5
0.4663691 -1.8773435 0.0143634 2.1025784 33 6 5
0.4630838 -1.8822954 0.2398669 1.9585683 33 7 5
0.3241560 -0.5544455 -0.0242667 1.1222837 33 0 6
0.3166858 -0.6866965 -0.0264490 1.2214525 33 1 6
0.3077655 -0.8446015 -0.0290757 1.3398716 33 2 6
0.2969382 -1.0363354 -0.0321853 1.4836087 33 3 6
0.2835181 -1.2740568 -0.0359609 1.6617697 33 4 6
0.2663970 -1.5770765 -0.0410594 1.8890535 33 5 6
0.2521480 -1.8785311 0.0078190 2.0802829 33 6 6
0.2634227 -1.8833509 0.2315384 1.9392058 33 7 6
0.2106790 -0.5608625 -0.0241282 1.1124383 33 0 7
0.1933560 -0.6923898 -0.0262400 1.2097582 33 1 7
0.1727180 -0.8491128 -0.0287262 1.3257016 33 2 7
0.1476822 -1.0391497 -0.0318343 1.4663502 33 3 7
0.1167127 -1.2742572 -0.0356464 1.6403350 33 4 7
0.0774460 -1.5724727 -0.0403464 1.8609346 33 5 7
0.0424159 -1.8797260 0.0013935 2.0584908 33 6 7
0.0676682 -1.8843997 0.2233667 1.9202365 33 7 7
1.3473521 0.1049317 1.5462059 0.6603483 34 0 0
1.3871575 0.0386383 1.5807011 0.7245007 34 1 0
1.3667028 -0.0327319 1.5811262 0.7290577 34 2 0
1.3459905 -0.1050060 1.5815576 0.7336739 34 3 0
1.3250117 -0.1782001 1.5819929 0.7383459 34 4 0
1.3037187 -0.2523098 1.5824035 0.7430237 34 5 0
1.2821351 -0.3273522 1.5828062 0.7477372 34 6 0
1.2603323 -0.4033979 1.5832545 0.7525845 34 7 0
1.3473680 0.1026928 1.4738941 0.6502550 34 0 1
1.3474896 0.0384743 1.4824931 0.6728541 34 1 1
1.3476088 -0.0303670 1.4917059 0.6970687 34 2 1
1.3477356 -0.1043479 1.5016059 0.7230899 34 3 1
1.3478641 -0.1840634 1.5122695 0.7511200 34 4 1
1.3480196 -0.2702166 1.5238021 0.7814304 34 5 1
1.3481911 -0.3636172 1.5363062 0.8142935 34 6 1
1.2737447 -0.4064622 1.5071768 0.7546839 34 7 1
1.3473887 0.1005215 1.4037614 0.6404707 34 0 2
1.3475092 0.0372282 1.4098271 0.6623834 34 1 2
1.3476270 -0.0305481 1.4163185 0.6858370 34 2 2
1.3477424 -0.1032974 1.4232821 0.7110007 34 3 2
1.3478693 -0.1815895 1.4307774 0.7380842 34 4 2
1.3480215 -0.2660899 1.4388724 0.7673303 34 5 2
1.3481990 -0.3575710 1.4476407 0.7990051 34 6 2
1.2833629 -0.4065457 1.4289975 0.7519480 34 7 2
1.3474066 0.0984145 1.3357073 0.6309744 34 0 3
1.3475241 0.0360203 1.3393870 0.6522296 34 1 3
1.3476330 -0.0307218 1.3433188 0.6749496 34 2 3
1.3477492 -0.1022815 1.3475343 0.6993092 34 3 3
1.3478742 -0.1792000 1.3520655 0.7254930 34 4 3
1.3480301 -0.2621127 1.3569552 0.7537376 34 5 3
1.3482062 -0.3517474 1.3622432 0.7842796 34 6 3
1.2929431 -0.4066527 1.3513923 0.7492706 34 7 3
1.3474188 0.0963688 1.2696411 0.6217508 34 0 4
1.3475334 0.0348491 1.2710731 0.6423774 34 1 4
1.3476408 -0.0308904 1.2726010 0.6644046 34 2 4
1.3477563 -0.1012986 1.2742374 0.6879965 34 3 4
1.3478815 -0.1768915 1.2759945 0.7133268 34 4 4
1.3480333 -0.2582715 1.2778888 0.7406126 34 5 4
1.3481981 -0.3461255 1.2799339 0.7700698 34 6 4
1.3024670 -0.4067677 1.2743399 0.7466263 34 7 4
1.3474292 0.0943820 1.2054786 0.6127917 34 0 5
1.3475421 0.0337128 1.2047923 0.6328182 34 1 5
1.3476494 -0.0310540 1.2040589 0.6541850 34 2 5
1.3477644 -0.1003473 1.2032743 0.6770453 34 3 5
1.3478878 -0.1746589 1.2024328 0.7015613 34 4 5
1.3480315 -0.2545595 1.2015287 0.7279313 34 5 5
1.3481881 -0.3407023 1.2005540 0.7563632 34 6 5
1.3119086 -0.4068706 1.1978287 0.7439826 34 7 5
1.3474431 0.0924518 1.1431387 0.6040905 34 0 6
1.3475494 0.0326099 1.1404552 0.6235383 34 1 6
1.3476556 -0.0312123 1.1375935 0.6442729 34 2 6
1.3477687 -0.0994249 1.1345350 0.6664337 34 3 6
1.3478956 -0.1724993 1.1312583 0.6901792 34 4 6
1.3480404 -0.2509775 1.1277389 0.7156886 34 5 6
1.3481957 -0.3354790 1.1239494 0.7431553 34 6 6
1.3212335 -0.4069361 1.1218611 0.7412992 34 7 6
1.3474543 0.0905755 1.0825447 0.5956308 34 0 7
1.3475549 0.0315389 1.0779780 0.6145250 34 1 7
1.3476596 -0.0313656 1.0731125 0.6346549 34 2 7
1.3477757 -0.0985317 1.0679168 0.6561524 34 3 7
1.3479101 -0.1704111 1.0623552 0.6791678 34 4 7
1.3480532 -0.2475158 1.0563894 0.7038553 34 5 7
1.3481965 -0.3304312 1.0499754 0.7303936 34 6 7
1.3304868 -0.4069980 1.0464404 0.7386299 34 7 7
0.6936619 -0.1716856 1.5427114 0.3642881 35 0 0
0.6568158 -0.1726326 1.5429671 0.3676488 35 1 0
0.6060154 -0.1111942 1.4398499 0.2608401 35 2 0
0.5791362 -0.1118700 1.4400117 0.2632651 35 3 0
0.4133812 -1.0143565 2.9224027 1.8737588 35 4 0
0.2165996 -1.0194070 2.9237564 1.8916948 35 5 0
0.0160115 -1.0245604 2.9251449 1.9099870 35 6 0
-0.1884938 -1.0298146 2.9265607 1.9286367 35 7 0
0.7081280 -0.2181834 1.5456229 0.4025105 35 0 1
0.6675240 -0.2197052 1.5459354 0.4066175 35 1 1
0.6260829 -0.2212584 1.5462543 0.4108092 35 2 1
0.5810568 -0.1457888 1.4421757 0.2917442 35 3 1
0.4059604 -1.2565422 2.9379429 2.0785601 35 4 1
0.1873618 -1.2647295 2.9396175 2.1006618 35 5 1
-0.0359369 -1.2730955 2.9413317 2.1232429 35 6 1
-0.2640884 -1.2816433 2.9430831 2.1463146 35 7 1
0.7259830 -0.2755769 1.5492107 0.4496861 35 0 2
0.6807695 -0.2779340 1.5496010 0.4548181 35 1 2
0.6345121 -0.2803455 1.5500002 0.4600686 35 2 2
0.5834434 -0.1879362 1.4448647 0.3271323 35 3 2
0.3967178 -1.5581721 2.9573036 2.3336334 35 4 2
0.1508623 -1.5709821 2.9594181 2.3615294 35 5 2
-0.1009436 -1.5841055 2.9615873 2.3901052 35 6 2
-0.3589525 -1.5976105 2.9638749 2.4194703 35 7 2
0.7485794 -0.3482111 1.5537522 0.5093896 35 0 3
0.6975779 -0.3518256 1.5542538 0.5159848 35 1 3
0.6452371 -0.3555276 1.5547618 0.5227432 35 2 3
0.5864890 -0.2417226 1.4482986 0.3722941 35 3 3
0.3848895 -1.9441867 2.9820803 2.6600664 35 4 3
0.1382505 -1.8185356 2.8546337 2.5002038 35 5 3
-0.1222891 -1.8185666 2.8404698 2.5091991 35 6 3
-0.3847105 -1.8185981 2.8262041 2.5182600 35 7 3
0.7632624 -0.4081283 1.5331178 0.5445575 35 0 4
0.7074969 -0.4081496 1.5298492 0.5463552 35 1 4
0.6513620 -0.4081710 1.5265590 0.5481649 35 2 4
0.5905103 -0.3127394 1.4528332 0.4319239 35 3 4
0.4209670 -1.8278252 2.5564345 2.3134565 35 4 4
0.1808866 -1.8279179 2.5423636 2.3211975 35 5 4
-0.0607946 -1.8279780 2.5281745 2.3289490 35 6 4
-0.3040981 -1.8280443 2.5138944 2.3367596 35 7 4
0.7533479 -0.4100407 1.4684863 0.5087289 35 0 5
0.7012322 -0.4100665 1.4652342 0.5102975 35 1 5
0.6487935 -0.4100893 1.4619601 0.5118723 35 2 5
0.5956672 -0.4025395 1.4541986 0.5047500 35 3 5
0.4418008 -1.8359262 2.2857919 2.1593587 35 4 5
0.2178254 -1.8360464 2.2718209 2.1661110 35 5 5
-0.0075455 -1.8361359 2.2577445 2.1728692 35 6 5
-0.2343264 -1.8362245 2.2435792 2.1796679 35 7 5
0.7446575 -0.4117171 1.4118346 0.4773239 35 0 6
0.6957416 -0.4117405 1.4086172 0.4786986 35 1 6
0.6465417 -0.4117544 1.4053768 0.4800709 35 2 6
0.5966797 -0.4041952 1.3986223 0.4733167 35 3 6
0.4600346 -1.8429809 2.0489367 2.0244706 35 4 6
0.2501524 -1.8430689 2.0351266 2.0303555 35 5 6
0.0390441 -1.8431658 2.0212395 2.0362837 35 6 6
-0.1733006 -1.8432631 2.0072711 2.0422466 35 7 6
0.7369754 -0.4131921 1.3617683 0.4495645 35 0 7
0.6908888 -0.4132091 1.3585995 0.4507746 35 1 7
0.6445535 -0.4132263 1.3554136 0.4519914 35 2 7
0.5975733 -0.4056534 1.3495611 0.4455655 35 3 7
0.4761267 -1.8491604 1.8399173 1.9053974 35 4 7
0.2786672 -1.8492587 1.8263494 1.9106081 35 5 7
0.0801223 -1.8493667 1.8127101 1.9158566 35 6 7
-0.1195165 -1.8494755 1.7989957 1.9211344 35 7 7
1.2118032 -0.3486699 1.5796160 0.7022737 36 0 0
1.1595940 -0.3960497 1.5804737 0.7118898 36 1 0
1.0762642 -0.4154901 1.5557229 0.6773813 36 2 0
0.9877606 -0.4172856 1.5206708 0.6240007 36 3 0
0.9121985 -0.4188368 1.4907527 0.5784420 36 4 0
0.8469203 -0.4201787 1.4649073 0.5390853 36 5 0
0.7899586 -0.4213481 1.4423539 0.5047413 36 6 0
0.7398202 -0.4223786 1.4225026 0.4745124 36 7 0
1.3088251 -0.4111715 1.5576431 0.8039432 36 0 1
1.1839087 -0.4136970 1.5164902 0.7298878 36 1 1
1.0800424 -0.4157748 1.4822639 0.6682925 36 2 1
0.9923490 -0.4175371 1.4533700 0.6162951 36 3 1
0.9173213 -0.4190520 1.4286519 0.5718140 36 4 1
0.8396715 -0.3952775 1.3937723 0.5036756 36 5 1
0.7956588 -0.4215102 1.3885704 0.4996864 36 6 1
0.7456546 -0.4225211 1.3720968 0.4700419 36 7 1
1.3095675 -0.4115538 1.4706303 0.7911309 36 0 2
1.1864189 -0.4140279 1.4379850 0.7193438 36 1 2
1.0837287 -0.4160599 1.4107545 0.6594560 36 2 2
0.9968254 -0.4177824 1.3877110 0.6087774 36 3 2
0.9223278 -0.4192621 1.3679579 0.5653359 36 4 2
0.8022824 -0.3136347 1.3067324 0.4027223 36 5 2
0.8012416 -0.4216577 1.3358492 0.4947194 36 6 2
0.7513751 -0.4226436 1.3226258 0.4656371 36 7 2
1.3103134 -0.4119413 1.3863562 0.7787509 36 0 3
1.1888576 -0.4143492 1.3617157 0.7091001 36 1 3
1.0873019 -0.4163212 1.3411050 0.6508264 36 2 3
1.0011727 -0.4179965 1.3236257 0.6014071 36 3 3
0.9272056 -0.4194429 1.3086159 0.5589725 36 4 3
0.8123275 -0.3251617 1.2678742 0.4116776 36 5 3
0.8067113 -0.4217946 1.2841638 0.4898418 36 6 3
0.7569898 -0.4227651 1.2740738 0.4613153 36 7 3
1.3110686 -0.4123377 1.3046855 0.7667885 36 0 4
1.1912038 -0.4146427 1.2875829 0.6991144 36 1 4
1.0907667 -0.4165604 1.2732511 0.6423976 36 2 4
1.0054161 -0.4182057 1.2610735 0.5942132 36 3 4
0.9319759 -0.4196212 1.2505952 0.5527526 36 4 4
0.8163538 -0.3252529 1.2252130 0.4073613 36 5 4
0.8120743 -0.4219290 1.2334876 0.4850595 36 6 4
0.7625013 -0.4228843 1.2264147 0.4570729 36 7 4
1.3117849 -0.4127117 1.2254845 0.7551703 36 0 5
1.1934788 -0.4149233 1.2155085 0.6893988 36 1 5
1.0941490 -0.4167993 1.2071328 0.6341927 36 2 5
1.0095587 -0.4184093 1.2000001 0.5871887 36 3 5
0.9366411 -0.4197956 1.1938516 0.5466696 36 4 5
0.8335143 -0.3492711 1.1847027 0.4302117 36 5 5
0.8173336 -0.4220608 1.1837914 0.4803698 36 6 5
0.7679116 -0.4229994 1.1796241 0.4529060 36 7 5
1.3124365 -0.4130467 1.1486487 0.7438523 36 0 6
1.1956954 -0.4151994 1.1454097 0.6799543 36 1 6
1.0974603 -0.4170457 1.1426816 0.6262136 36 2 6
1.0136140 -0.4186191 1.1403531 0.5803424 36 3 6
0.9412101 -0.4199737 1.1383428 0.5407280 36 4 6
0.8780596 -0.4211558 1.1365894 0.5061768 36 5 6
0.8224947 -0.4221959 1.1350465 0.4757760 36 6 6
0.7732252 -0.4231152 1.1336787 0.4488171 36 7 6
1.3130737 -0.4133749 1.0740815 0.7328736 36 0 7
1.1978880 -0.4154958 1.0772002 0.6708069 36 1 7
1.1006991 -0.4172951 1.0798302 0.6184453 36 2 7
1.0175799 -0.4188288 1.0820802 0.5736600 36 3 7
0.9456840 -0.4201525 1.0840269 0.5349195 36 4 7
0.8828860 -0.4213114 1.0857268 0.5010835 36 5 7
0.8275599 -0.4223324 1.0872244 0.4712734 36 6 7
0.7784432 -0.4232277 1.0885558 0.4448002 36 7 7
0.8430643 0.4480269 1.3363910 0.3119788 37 0 0
0.7871428 0.3161046 1.2677550 0.1815282 37 1 0
0.9281432 0.4503047 1.3802662 0.3880616 37 2 0
0.9884035 0.4519168 1.4113420 0.4419493 37 3 0
1.0680975 0.4540481 1.4524396 0.5132153 37 4 0
1.1784413 0.4570027 1.5093440 0.6118917 37 5 0
1.3197069 0.4517683 1.5794434 0.7326592 37 6 0
1.3570297 0.3877171 1.5788417 0.7259145 37 7 0
0.8466375 0.4479852 1.3036941 0.3102641 37 0 1
0.7873062 0.3135843 1.2473488 0.1773589 37 1 1
0.9320009 0.4502373 1.3393503 0.3854120 37 2 1
0.9923233 0.4518264 1.3645464 0.4385143 37 3 1
1.0719247 0.4539236 1.3977951 0.5085880 37 4 1
1.1818130 0.4568232 1.4436954 0.6053262 37 5 1
1.3219884 0.4516492 1.5001384 0.7233385 37 6 1
1.3236757 0.3770030 1.4830961 0.6794625 37 7 1
0.8501717 0.4479440 1.2713547 0.3085681 37 0 2
0.7874248 0.3111259 1.2278381 0.1733141 37 1 2
0.9358072 0.4501718 1.2989898 0.3827997 37 2 2
0.9961842 0.4517388 1.3184732 0.4351342 37 3 2
1.0756836 0.4538014 1.3441272 0.5040435 37 4 2
1.1851190 0.4566509 1.3794431 0.5989071 37 5 2
1.3223993 0.4507344 1.4221113 0.7122307 37 6 2
1.3240236 0.3772160 1.4099744 0.6696375 37 7 2
0.8536677 0.4479038 1.2393671 0.3068912 37 0 3
0.7872090 0.3083358 1.2090745 0.1689137 37 1 3
0.9395617 0.4501066 1.2591726 0.3802218 37 2 3
0.9999864 0.4516528 1.2731050 0.4318063 37 3 3
1.0793746 0.4536804 1.2914095 0.4995778 37 4 3
1.1883414 0.4564741 1.3165351 0.5926059 37 5 3
1.3227825 0.4498405 1.3464401 0.7014421 37 6 3
1.3243578 0.3774217 1.3389362 0.6600887 37 7 3
0.8571259 0.4478639 1.2077252 0.3052323 37 0 4
0.7875109 0.3063521 1.1913426 0.1655381 37 1 4
0.9432660 0.4500423 1.2198881 0.3776784 37 2 4
1.0037308 0.4515681 1.2284255 0.4285289 37 3 4
1.0829936 0.4535565 1.2396166 0.4951817 37 4 4
1.1914936 0.4562992 1.2549366 0.5864325 37 5 4
1.3231507 0.4489717 1.2730267 0.6909716 37 6 4
1.3246825 0.3776216 1.2698955 0.6508082 37 7 4
0.8605469 0.4478244 1.1764236 0.3035912 37 0 5
0.7880459 0.3047635 1.1743147 0.1626759 37 1 5
0.9469210 0.4499789 1.1811256 0.3751687 37 2 5
1.0074098 0.4514769 1.1844187 0.4252891 37 3 5
1.0865495 0.4534347 1.1887271 0.4908624 37 4 5
1.1945961 0.4561366 1.1946089 0.5804036 37 5 5
1.3235079 0.4481284 1.2017727 0.6808089 37 6 5
1.3250096 0.3778197 1.2027698 0.6417966 37 7 5
0.8639313 0.4477854 1.1454568 0.3019676 37 0 6
0.7897608 0.3047566 1.1577232 0.1617348 37 1 6
0.9505236 0.4499117 1.1428754 0.3726863 37 2 6
1.0110354 0.4513885 1.1410721 0.4221003 37 3 6
1.0900455 0.4533162 1.1387177 0.4866197 37 4 6
1.1976277 0.4559729 1.1355096 0.5744889 37 5 6
1.3238549 0.4473096 1.1325843 0.6709409 37 6 6
1.3253171 0.3780088 1.1374782 0.6330205 37 7 6
0.8672779 0.4477439 1.1148199 0.3003584 37 0 7
0.7914568 0.3047507 1.1413224 0.1608056 37 1 7
0.9540792 0.4498460 1.1051279 0.3702371 37 2 7
1.0146083 0.4513026 1.0983705 0.4189605 37 3 7
1.0934811 0.4531993 1.0895655 0.4824490 37 4 7
1.2005902 0.4558082 1.0776040 0.5686847 37 5 7
1.3241843 0.4465109 1.0653742 0.6613472 37 6 7
1.3256086 0.3781904 1.0739493 0.6244738 37 7 7
1.3382665 0.4094086 1.5326573 0.6704404 38 0 0
1.3384565 0.3388685 1.5308806 0.6670840 38 1 0
1.3386413 0.2690304 1.5291197 0.6637574 38 2 0
1.3388239 0.1998852 1.5273761 0.6604635 38 3 0
1.3390051 0.1314230 1.5256499 0.6572024 38 4 0
1.3391846 0.0636335 1.5239407 0.6539735 38 5 0
1.3393634 -0.0034934 1.5222488 0.6507773 38 6 0
1.3395414 -0.0699675 1.5205739 0.6476132 38 7 0
1.3384054 0.4054593 1.4596813 0.6609874 38 0 1
1.3385877 0.3359268 1.4582878 0.6577200 38 1 1
1.3387678 0.2670782 1.4569077 0.6544843 38 2 1
1.3389473 0.1989039 1.4555417 0.6512816 38 3 1
1.3391255 0.1313935 1.4541892 0.6481104 38 4 1
1.3393020 0.0645374 1.4528498 0.6449701 38 5 1
1.3394777 -0.0016740 1.4515238 0.6418610 38 6 1
1.3396528 -0.0672506 1.4502110 0.6387829 38 7 1
1.3385352 0.4016173 1.3887328 0.6517916 38 0 2
1.3387138 0.3330659 1.3877042 0.6486137 38 1 2
1.3388906 0.2651798 1.3866855 0.6454666 38 2 2
1.3390675 0.1979495 1.3856773 0.6423517 38 3 2
1.3392426 0.1313649 1.3846788 0.6392667 38 4 2
1.3394162 0.0654169 1.3836898 0.6362113 38 5 2
1.3395883 0.0000962 1.3827104 0.6331852 38 6 2
1.3397609 -0.0646066 1.3817409 0.6301899 38 7 2
1.3386600 0.3978800 1.3197309 0.6428465 38 0 3
1.3388356 0.3302829 1.3190481 0.6397551 38 1 3
1.3390143 0.2633340 1.3183731 0.6366983 38 2 3
1.3391885 0.1970215 1.3177038 0.6336676 38 3 3
1.3393608 0.1313373 1.3170408 0.6306653 38 4 3
1.3395318 0.0662725 1.3163841 0.6276917 38 5 3
1.3397020 0.0018183 1.3157338 0.6247469 38 6 3
1.3398713 -0.0620342 1.3150897 0.6218302 38 7 3
1.3387812 0.3942438 1.2525972 0.6341436 38 0 4
1.3389595 0.3275768 1.2522430 0.6311408 38 1 4
1.3391358 0.2615381 1.2518920 0.6281662 38 2 4
1.3393069 0.1961184 1.2515438 0.6252158 38 3 4
1.3394767 0.1313104 1.2511990 0.6222932 38 4 4
1.3396453 0.0671054 1.2508573 0.6193982 38 5 4
1.3398127 0.0034950 1.2505190 0.6165305 38 6 4
1.3399794 -0.0595293 1.2501838 0.6136900 38 7 4
1.3389057 0.3907078 1.1872572 0.6256797 38 0 5
1.3390805 0.3249428 1.1872129 0.6227559 38 1 5
1.3392539 0.2597896 1.1871690 0.6198595 38 2 5
1.3394226 0.1952391 1.1871255 0.6169869 38 3 5
1.3395900 0.1312843 1.1870823 0.6141409 38 4 5
1.3397558 0.0679167 1.1870395 0.6113211 38 5 5
1.3399205 0.0051283 1.1869972 0.6085274 38 6 5
1.3400840 -0.0570890 1.1869552 0.6057595 38 7 5
1.3390243 0.3872637 1.1236386 0.6174362 38 0 6
1.3391963 0.3223771 1.1238883 0.6145887 38 1 6
1.3393646 0.2580856 1.1241358 0.6117654 38 2 6
1.3395308 0.1943820 1.1243811 0.6089673 38 3 6
1.3396955 0.1312586 1.1246242 0.6061947 38 4 6
1.3398588 0.0687073 1.1248651 0.6034473 38 5 6
1.3400224 0.0067201 1.1251036 0.6007264 38 6 6
1.3401835 -0.0547102 1.1253401 0.5980289 38 7 6
1.3391393 0.3839090 1.0616747 0.6094066 38 0 7
1.3393062 0.3198768 1.0622036 0.6066302 38 1 7
1.3394715 0.2564253 1.0627277 0.6038790 38 2 7
1.3396351 0.1935468 1.0632472 0.6011524 38 3 7
1.3397977 0.1312335 1.0637618 0.5984508 38 4 7
1.3399603 0.0694777 1.0642716 0.5957748 38 5 7
1.3401211 0.0082718 1.0647770 0.5931222 38 6 7
1.3402797 -0.0523913 1.0652780 0.5904924 38 7 7
0.5804885 -0.4403594 1.2349309 0.4127777 39 0 0
0.4748397 -1.9993968 1.5564862 1.8394979 39 1 0
0.2859346 -2.0013063 1.5549830 1.8957762 39 2 0
0.0851061 -2.0033354 1.5533848 1.9556057 39 3 0
-0.1288119 -2.0054975 1.5516825 2.0193355 39 4 0
-0.3571419 -2.0078051 1.5498656 2.0873587 39 5 0
-0.6013911 -2.0102736 1.5479219 2.1601245 39 6 0
-0.8632860 -2.0129225 1.5458383 2.2381492 39 7 0
0.5864600 -0.4405328 1.1940508 0.4193957 39 0 1
0.4985239 -2.0001934 1.3741976 1.8698745 39 1 1
0.3071376 -2.0021726 1.3669983 1.9280679 39 2 1
0.1034585 -2.0042688 1.3593354 1.9899899 39 3 1
-0.1137366 -2.0065015 1.3511636 2.0560186 39 4 1
-0.3458398 -2.0088878 1.3424310 2.1265798 39 5 1
-0.5944367 -2.0114373 1.3330771 2.2021494 39 6 1
-0.8613504 -2.0141711 1.3230336 2.2832837 39 7 1
0.5926271 -0.4407248 1.1518388 0.4262412 39 0 2
0.5230031 -2.0010319 1.1857879 1.9012853 39 1 2
0.3290755 -2.0030689 1.1724985 1.9614788 39 2 2
0.1224685 -2.0052326 1.1583401 2.0256019 39 3 2
-0.0981024 -2.0075393 1.1432247 2.0940557 39 4 2
-0.3340992 -2.0099991 1.1270520 2.1672893 39 5 2
-0.5871997 -2.0126352 1.1097071 2.2458286 39 6 2
-0.8593344 -2.0154702 1.0910578 2.3302751 39 7 2
0.5985548 -0.4357563 1.1085531 0.4285348 39 0 3
0.5483189 -2.0018958 0.9909403 1.9337664 39 1 3
0.3517871 -2.0039966 0.9711391 1.9960679 39 2 3
0.1421713 -2.0062314 0.9500200 2.0625114 39 3 3
-0.0818754 -2.0086054 0.9274480 2.1335154 39 4 3
-0.3218985 -2.0111496 0.9032664 2.2095833 39 5 3
-0.5796697 -2.0138816 0.8772967 2.2912757 39 6 3
-0.8572315 -2.0168208 0.8493334 2.3792377 39 7 3
0.6050731 -0.4360005 1.0639592 0.4358045 39 0 4
0.5745145 -2.0027737 0.7893223 1.9673610 39 1 4
0.3753161 -2.0049357 0.7625545 2.0318768 39 2 4
0.1626102 -2.0072434 0.7339718 2.1007664 39 3 4
-0.0650202 -2.0096966 0.7033864 2.1744738 39 4 4
-0.3092048 -2.0123285 0.6705767 2.2535417 39 5 4
-0.5718225 -2.0151683 0.6352887 2.3385873 39 6 4
-0.8550462 -2.0182408 0.5972300 2.4303155 39 7 4
0.6109213 -0.4284315 1.0198508 0.4358490 39 0 5
0.6016360 -2.0036658 0.5805798 2.0021269 39 1 5
0.3997050 -2.0059044 0.5463507 2.0689893 39 2 5
0.1838223 -2.0082894 0.5097591 2.1404629 39 3 5
-0.0475045 -2.0108280 0.4705544 2.2170329 39 4 5
-0.2960006 -2.0135670 0.4284366 2.2992978 39 5 5
-0.5636528 -2.0165245 0.3830700 2.3879118 39 6 5
-0.8527620 -2.0197187 0.3340665 2.4836292 39 7 5
0.6040813 -0.3227960 1.0111923 0.3405710 39 0 6
0.5754347 -0.4502234 0.9560054 0.4792028 39 1 6
0.4250016 -2.0069071 0.3221029 2.1074805 39 2 6
0.2058515 -2.0093757 0.2769096 2.1816885 39 3 6
-0.0292936 -2.0120191 0.2284200 2.2613072 39 4 6
-0.2548704 -1.9483650 0.2075657 2.2705450 39 5 6
-0.4627726 -1.8483327 0.2043831 2.2370987 39 6 6
-0.6644213 -1.7508886 0.2014594 2.2042317 39 7 6
0.5997077 -0.2551456 1.0056003 0.2795612 39 0 7
0.5722849 -0.2474119 1.0029357 0.2807143 39 1 7
0.4605103 -1.8327194 0.1796159 1.9625689 39 2 7
0.2713282 -1.7475154 0.1772391 1.9374843 39 3 7
0.0869294 -1.6644324 0.1749390 1.9129994 39 4 7
-0.0929518 -1.5836331 0.1725707 1.8893718 39 5 7
-0.2680819 -1.5041348 0.1706834 1.8655041 39 6 7
-0.4390615 -1.4269394 0.1686305 1.8426366 39 7 7
